image,text,sym_num_dice,sym_values,sym_colours,sym_sizes
sample_00000.png,"The image shows a small purple die showing two, a small green die showing one and a medium blue die showing two.",3,2 1 2,purple green blue,small small medium
sample_00004.png,"The scene contains a small peach die showing four, a large yellow die showing three and a small red die showing five.",3,4 3 5,peach yellow red,small large small
sample_00007.png,"This picture contains a medium green die showing five, a small purple die showing three and a small purple die showing six.",3,5 3 6,green purple purple,medium small small
sample_00009.png,"This picture contains a large peach die showing two, a medium blue die showing two and a large white die showing three.",3,2 2 3,peach blue white,large medium large
sample_00010.png,The image shows one small purple die with value six.,1,6,purple,small
sample_00012.png,The image shows a medium yellow die showing one and a large yellow die showing two.,2,1 2,yellow yellow,medium large
sample_00013.png,The image shows one small yellow die with value six.,1,6,yellow,small
sample_00014.png,The image shows one large green die with value two.,1,2,green,large
sample_00017.png,This picture contains a small blue die showing six and a small purple die showing four.,2,6 4,blue purple,small small
sample_00019.png,"The image shows a small white die showing six, a large red die showing five and a medium red die showing two.",3,6 5 2,white red red,small large medium
sample_00020.png,The image shows a medium peach die showing three and a large white die showing four.,2,3 4,peach white,medium large
sample_00021.png,There is one large purple die showing five.,1,5,purple,large
sample_00023.png,The image shows one small purple die with value four.,1,4,purple,small
sample_00025.png,The image shows one medium red die with value six.,1,6,red,medium
sample_00026.png,"There are a small yellow die showing six, a large yellow die showing six and a large white die showing three in the scene.",3,6 6 3,yellow yellow white,small large large
sample_00028.png,This picture contains a medium peach die showing four and a medium yellow die showing six.,2,4 6,peach yellow,medium medium
sample_00031.png,The image shows a small yellow die showing five and a small green die showing three.,2,5 3,yellow green,small small
sample_00034.png,The scene contains a medium white die showing five and a large peach die showing six.,2,5 6,white peach,medium large
sample_00037.png,"The image shows a medium green die showing one, a small peach die showing five and a medium red die showing five.",3,1 5 5,green peach red,medium small medium
sample_00039.png,"This picture contains a medium green die showing two, a medium yellow die showing four and a medium peach die showing five.",3,2 4 5,green yellow peach,medium medium medium
sample_00041.png,A small yellow die is shown with a value of two.,1,2,yellow,small
sample_00042.png,"The scene contains a small purple die showing six, a small blue die showing three and a small peach die showing one.",3,6 3 1,purple blue peach,small small small
sample_00044.png,The scene contains a small purple die showing five and a small white die showing one.,2,5 1,purple white,small small
sample_00046.png,The scene contains a medium blue die showing three and a small peach die showing one.,2,3 1,blue peach,medium small
sample_00047.png,"The image shows a large white die showing six, a large green die showing three and a small red die showing four.",3,6 3 4,white green red,large large small
sample_00048.png,"The scene contains a medium red die showing four, a large red die showing six and a medium purple die showing two.",3,4 6 2,red red purple,medium large medium
sample_00049.png,There is one small purple die showing two.,1,2,purple,small
sample_00050.png,The image shows one large white die with value six.,1,6,white,large
sample_00051.png,"There are a medium red die showing five, a small purple die showing three and a small purple die showing four in the scene.",3,5 3 4,red purple purple,medium small small
sample_00054.png,A small peach die is shown with a value of five.,1,5,peach,small
sample_00055.png,"The scene contains a large green die showing three, a large peach die showing two and a small yellow die showing six.",3,3 2 6,green peach yellow,large large small
sample_00057.png,The image shows a medium yellow die showing three and a medium purple die showing three.,2,3 3,yellow purple,medium medium
sample_00059.png,There are a medium red die showing three and a small peach die showing five in the scene.,2,3 5,red peach,medium small
sample_00061.png,There are a large red die showing three and a small yellow die showing two in the scene.,2,3 2,red yellow,large small
sample_00062.png,"This picture contains a medium purple die showing four, a small yellow die showing one and a medium white die showing two.",3,4 1 2,purple yellow white,medium small medium
sample_00063.png,There are a small yellow die showing three and a large yellow die showing five in the scene.,2,3 5,yellow yellow,small large
sample_00064.png,"This picture contains a medium red die showing four, a large peach die showing four and a medium purple die showing three.",3,4 4 3,red peach purple,medium large medium
sample_00065.png,"This picture contains a medium purple die showing six, a small purple die showing four and a medium blue die showing one.",3,6 4 1,purple purple blue,medium small medium
sample_00066.png,"There are a medium green die showing one, a small purple die showing two and a small red die showing three in the scene.",3,1 2 3,green purple red,medium small small
sample_00067.png,"There are a large peach die showing three, a large blue die showing three and a large blue die showing six in the scene.",3,3 3 6,peach blue blue,large large large
sample_00071.png,A large red die is shown with a value of three.,1,3,red,large
sample_00072.png,There are a medium yellow die showing four and a large green die showing six in the scene.,2,4 6,yellow green,medium large
sample_00074.png,A medium purple die is shown with a value of three.,1,3,purple,medium
sample_00076.png,The scene contains a medium purple die showing two and a small green die showing three.,2,2 3,purple green,medium small
sample_00077.png,"The image shows a medium blue die showing four, a small peach die showing five and a small blue die showing six.",3,4 5 6,blue peach blue,medium small small
sample_00078.png,There is one large green die showing six.,1,6,green,large
sample_00079.png,"There are a large green die showing six, a medium yellow die showing two and a small peach die showing three in the scene.",3,6 2 3,green yellow peach,large medium small
sample_00081.png,This picture contains a large yellow die showing three and a large green die showing five.,2,3 5,yellow green,large large
sample_00082.png,"The scene contains a small green die showing six, a large blue die showing three and a small peach die showing four.",3,6 3 4,green blue peach,small large small
sample_00087.png,This picture contains a small red die displaying one.,1,1,red,small
sample_00088.png,"There are a small green die showing one, a medium green die showing three and a small purple die showing five in the scene.",3,1 3 5,green green purple,small medium small
sample_00089.png,A medium purple die is shown with a value of four.,1,4,purple,medium
sample_00090.png,There are a small peach die showing six and a large white die showing four in the scene.,2,6 4,peach white,small large
sample_00092.png,"The image shows a medium purple die showing two, a medium yellow die showing three and a small peach die showing two.",3,2 3 2,purple yellow peach,medium medium small
sample_00093.png,"A scene with 2 large white dice is shown, displaying two and five.",2,2 5,white white,large large
sample_00094.png,This picture contains a medium red die showing two and a large peach die showing five.,2,2 5,red peach,medium large
sample_00095.png,"The image shows a large red die showing one, a large green die showing one and a large blue die showing three.",3,1 1 3,red green blue,large large large
sample_00096.png,This picture contains a small white die displaying three.,1,3,white,small
sample_00097.png,"There are a medium white die showing five, a large red die showing two and a small peach die showing four in the scene.",3,5 2 4,white red peach,medium large small
sample_00099.png,The image shows a medium peach die showing two and a small peach die showing two.,2,2 2,peach peach,medium small
sample_00100.png,This picture contains a large peach die showing four and a large blue die showing six.,2,4 6,peach blue,large large
sample_00102.png,A small white die is shown with a value of four.,1,4,white,small
sample_00103.png,This picture contains a small red die displaying two.,1,2,red,small
sample_00104.png,A medium green die is shown with a value of six.,1,6,green,medium
sample_00105.png,The image shows one small red die with value two.,1,2,red,small
sample_00106.png,This picture contains a medium purple die showing six and a large red die showing two.,2,6 2,purple red,medium large
sample_00109.png,The image shows one large blue die with value two.,1,2,blue,large
sample_00116.png,This picture contains a large blue die showing six and a small purple die showing four.,2,6 4,blue purple,large small
sample_00117.png,There is one large peach die showing six.,1,6,peach,large
sample_00118.png,There are a large purple die showing one and a small red die showing six in the scene.,2,1 6,purple red,large small
sample_00119.png,"The scene contains a medium peach die showing two, a large yellow die showing five and a medium purple die showing five.",3,2 5 5,peach yellow purple,medium large medium
sample_00120.png,The image shows a small blue die showing six and a large white die showing five.,2,6 5,blue white,small large
sample_00121.png,A small green die is shown with a value of one.,1,1,green,small
sample_00122.png,"This picture contains a large green die showing four, a medium purple die showing six and a small green die showing four.",3,4 6 4,green purple green,large medium small
sample_00123.png,There is one medium peach die showing five.,1,5,peach,medium
sample_00124.png,This picture contains a small blue die showing three and a small green die showing three.,2,3 3,blue green,small small
sample_00125.png,The scene contains a medium yellow die showing five and a medium green die showing three.,2,5 3,yellow green,medium medium
sample_00126.png,"The scene contains a medium green die showing six, a large red die showing five and a small green die showing four.",3,6 5 4,green red green,medium large small
sample_00127.png,"The scene contains a medium yellow die showing one, a small red die showing one and a small white die showing six.",3,1 1 6,yellow red white,medium small small
sample_00128.png,This picture contains a small white die showing one and a medium yellow die showing one.,2,1 1,white yellow,small medium
sample_00130.png,"The image shows a medium blue die showing five, a large white die showing four and a medium blue die showing one.",3,5 4 1,blue white blue,medium large medium
sample_00131.png,This picture contains a medium green die displaying one.,1,1,green,medium
sample_00132.png,"There are a large blue die showing five, a small white die showing five and a small green die showing one in the scene.",3,5 5 1,blue white green,large small small
sample_00135.png,"This picture contains a small purple die showing six, a small yellow die showing five and a large yellow die showing six.",3,6 5 6,purple yellow yellow,small small large
sample_00136.png,The scene contains a medium purple die showing six and a medium white die showing six.,2,6 6,purple white,medium medium
sample_00138.png,This picture contains a medium peach die showing two and a large white die showing three.,2,2 3,peach white,medium large
sample_00139.png,The image shows a medium yellow die showing one and a small purple die showing three.,2,1 3,yellow purple,medium small
sample_00140.png,The image shows a medium yellow die showing four and a large white die showing five.,2,4 5,yellow white,medium large
sample_00141.png,"This picture contains a large green die showing five, a medium green die showing three and a small purple die showing three.",3,5 3 3,green green purple,large medium small
sample_00142.png,The image shows one large yellow die with value five.,1,5,yellow,large
sample_00143.png,There is one small purple die showing two.,1,2,purple,small
sample_00144.png,"The image shows a small red die showing three, a medium white die showing four and a small green die showing three.",3,3 4 3,red white green,small medium small
sample_00145.png,This picture contains a large blue die showing one and a small white die showing one.,2,1 1,blue white,large small
sample_00146.png,This picture contains a large blue die showing six and a small peach die showing two.,2,6 2,blue peach,large small
sample_00147.png,This picture contains a small green die displaying three.,1,3,green,small
sample_00149.png,"There are a medium blue die showing five, a small peach die showing two and a small red die showing five in the scene.",3,5 2 5,blue peach red,medium small small
sample_00152.png,"The image shows a medium blue die showing one, a small green die showing two and a large yellow die showing one.",3,1 2 1,blue green yellow,medium small large
sample_00153.png,The scene contains a small green die showing five and a large red die showing two.,2,5 2,green red,small large
sample_00154.png,There are a small white die showing four and a small blue die showing five in the scene.,2,4 5,white blue,small small
sample_00155.png,"There are a small white die showing four, a large white die showing two and a small blue die showing four in the scene.",3,4 2 4,white white blue,small large small
sample_00156.png,The image shows a medium white die showing two and a small white die showing two.,2,2 2,white white,medium small
sample_00157.png,"This picture contains a medium red die showing six, a small yellow die showing two and a small green die showing five.",3,6 2 5,red yellow green,medium small small
sample_00158.png,"This picture contains a medium white die showing four, a medium white die showing two and a medium red die showing five.",3,4 2 5,white white red,medium medium medium
sample_00162.png,A medium purple die is shown with a value of six.,1,6,purple,medium
sample_00164.png,A large peach die is shown with a value of one.,1,1,peach,large
sample_00165.png,The image shows a medium red die showing two and a small red die showing six.,2,2 6,red red,medium small
sample_00166.png,The image shows a small white die showing one and a medium blue die showing four.,2,1 4,white blue,small medium
sample_00167.png,A small peach die is shown with a value of five.,1,5,peach,small
sample_00168.png,"The scene contains a small purple die showing four, a medium blue die showing three and a large blue die showing three.",3,4 3 3,purple blue blue,small medium large
sample_00169.png,"There are a small yellow die showing six, a small green die showing six and a large purple die showing four in the scene.",3,6 6 4,yellow green purple,small small large
sample_00170.png,The image shows one medium white die with value four.,1,4,white,medium
sample_00171.png,"The scene contains a small green die showing one, a large peach die showing two and a medium blue die showing three.",3,1 2 3,green peach blue,small large medium
sample_00172.png,This picture contains a small white die showing one and a medium white die showing three.,2,1 3,white white,small medium
sample_00174.png,"There are a large yellow die showing six, a large blue die showing six and a small blue die showing one in the scene.",3,6 6 1,yellow blue blue,large large small
sample_00175.png,This picture contains a medium yellow die showing four and a medium purple die showing one.,2,4 1,yellow purple,medium medium
sample_00176.png,"The image shows a large red die showing four, a small red die showing three and a large peach die showing two.",3,4 3 2,red red peach,large small large
sample_00177.png,This picture contains a small white die showing one and a medium white die showing one.,2,1 1,white white,small medium
sample_00179.png,The image shows one small white die with value six.,1,6,white,small
sample_00180.png,"There are a small white die showing two, a small yellow die showing six and a small blue die showing two in the scene.",3,2 6 2,white yellow blue,small small small
sample_00182.png,A medium peach die is shown with a value of three.,1,3,peach,medium
sample_00183.png,This picture contains a small purple die displaying three.,1,3,purple,small
sample_00186.png,"The scene contains a small green die showing two, a medium purple die showing six and a medium green die showing five.",3,2 6 5,green purple green,small medium medium
sample_00187.png,"This picture contains a medium yellow die showing six, a small white die showing five and a large yellow die showing six.",3,6 5 6,yellow white yellow,medium small large
sample_00189.png,The image shows one large blue die with value one.,1,1,blue,large
sample_00191.png,"There are a large green die showing three, a large yellow die showing one and a small green die showing four in the scene.",3,3 1 4,green yellow green,large large small
sample_00192.png,"This picture contains a medium green die showing six, a small blue die showing one and a medium blue die showing four.",3,6 1 4,green blue blue,medium small medium
sample_00193.png,There is one medium red die showing one.,1,1,red,medium
sample_00194.png,This picture contains a large blue die showing four and a small purple die showing five.,2,4 5,blue purple,large small
sample_00195.png,The image shows a small red die showing six and a small blue die showing four.,2,6 4,red blue,small small
sample_00196.png,There are a large peach die showing three and a large blue die showing six in the scene.,2,3 6,peach blue,large large
sample_00197.png,There is one small green die showing six.,1,6,green,small
sample_00199.png,There are a small yellow die showing four and a small peach die showing five in the scene.,2,4 5,yellow peach,small small
sample_00200.png,A large peach die is shown with a value of four.,1,4,peach,large
sample_00201.png,There is one large red die showing five.,1,5,red,large
sample_00202.png,The image shows a small yellow die showing six and a small white die showing three.,2,6 3,yellow white,small small
sample_00204.png,There is one small yellow die showing six.,1,6,yellow,small
sample_00205.png,This picture contains a small peach die displaying two.,1,2,peach,small
sample_00206.png,"There are a medium green die showing one, a small peach die showing two and a medium yellow die showing two in the scene.",3,1 2 2,green peach yellow,medium small medium
sample_00207.png,The image shows a large blue die showing four and a small blue die showing six.,2,4 6,blue blue,large small
sample_00208.png,"There are a small red die showing four, a small white die showing six and a medium blue die showing three in the scene.",3,4 6 3,red white blue,small small medium
sample_00209.png,There is one small white die showing three.,1,3,white,small
sample_00210.png,This picture contains a large green die showing two and a medium red die showing three.,2,2 3,green red,large medium
sample_00211.png,There is one large white die showing six.,1,6,white,large
sample_00212.png,A large white die is shown with a value of one.,1,1,white,large
sample_00213.png,"The image shows a small purple die showing three, a small white die showing four and a small blue die showing six.",3,3 4 6,purple white blue,small small small
sample_00214.png,The image shows a small red die showing five and a large green die showing one.,2,5 1,red green,small large
sample_00216.png,There are a large red die showing six and a small purple die showing three in the scene.,2,6 3,red purple,large small
sample_00217.png,There is one medium purple die showing two.,1,2,purple,medium
sample_00218.png,The image shows a large blue die showing two and a medium blue die showing three.,2,2 3,blue blue,large medium
sample_00220.png,"The image shows a medium yellow die showing one, a medium peach die showing four and a small peach die showing four.",3,1 4 4,yellow peach peach,medium medium small
sample_00221.png,The image shows a large green die showing three and a small blue die showing one.,2,3 1,green blue,large small
sample_00223.png,The scene contains a small blue die showing six and a medium yellow die showing one.,2,6 1,blue yellow,small medium
sample_00224.png,The image shows one large purple die with value two.,1,2,purple,large
sample_00226.png,This picture contains a medium blue die showing one and a small green die showing one.,2,1 1,blue green,medium small
sample_00227.png,The scene contains a small blue die showing four and a large purple die showing three.,2,4 3,blue purple,small large
sample_00228.png,A large purple die is shown with a value of six.,1,6,purple,large
sample_00229.png,The image shows one large yellow die with value three.,1,3,yellow,large
sample_00230.png,This picture contains a medium yellow die showing six and a large blue die showing six.,2,6 6,yellow blue,medium large
sample_00231.png,This picture contains a large blue die displaying six.,1,6,blue,large
sample_00232.png,A medium white die is shown with a value of six.,1,6,white,medium
sample_00233.png,"The image shows a small white die showing four, a small yellow die showing four and a large blue die showing one.",3,4 4 1,white yellow blue,small small large
sample_00234.png,"This picture contains a small white die showing two, a small purple die showing one and a small purple die showing five.",3,2 1 5,white purple purple,small small small
sample_00235.png,"The image shows a medium green die showing five, a small green die showing two and a large purple die showing one.",3,5 2 1,green green purple,medium small large
sample_00236.png,"The scene contains a small green die showing six, a small blue die showing one and a medium purple die showing five.",3,6 1 5,green blue purple,small small medium
sample_00237.png,"The scene contains a large purple die showing five, a medium purple die showing four and a small white die showing six.",3,5 4 6,purple purple white,large medium small
sample_00240.png,A large purple die is shown with a value of three.,1,3,purple,large
sample_00241.png,"This picture contains a medium blue die showing six, a large red die showing five and a small green die showing five.",3,6 5 5,blue red green,medium large small
sample_00243.png,The image shows a medium peach die showing one and a large peach die showing six.,2,1 6,peach peach,medium large
sample_00245.png,The image shows one large purple die with value four.,1,4,purple,large
sample_00248.png,The scene contains a medium peach die showing two and a large blue die showing four.,2,2 4,peach blue,medium large
sample_00249.png,The image shows one small red die with value four.,1,4,red,small
sample_00252.png,This picture contains a medium peach die showing six and a small yellow die showing three.,2,6 3,peach yellow,medium small
sample_00253.png,The scene contains a small blue die showing one and a medium white die showing four.,2,1 4,blue white,small medium
sample_00254.png,The image shows a medium white die showing three and a medium green die showing four.,2,3 4,white green,medium medium
sample_00255.png,"This picture contains a medium green die showing two, a large blue die showing six and a large blue die showing four.",3,2 6 4,green blue blue,medium large large
sample_00258.png,The scene contains a medium peach die showing four and a medium white die showing six.,2,4 6,peach white,medium medium
sample_00260.png,"This picture contains a medium purple die showing four, a large blue die showing three and a small yellow die showing four.",3,4 3 4,purple blue yellow,medium large small
sample_00261.png,There are a small red die showing three and a large white die showing six in the scene.,2,3 6,red white,small large
sample_00262.png,"The scene contains a medium blue die showing five, a large green die showing three and a small peach die showing five.",3,5 3 5,blue green peach,medium large small
sample_00263.png,The scene contains a medium red die showing one and a large red die showing one.,2,1 1,red red,medium large
sample_00264.png,This picture contains a medium purple die displaying one.,1,1,purple,medium
sample_00265.png,"This picture contains a small green die showing one, a large peach die showing three and a medium red die showing six.",3,1 3 6,green peach red,small large medium
sample_00268.png,There are a large peach die showing two and a large red die showing three in the scene.,2,2 3,peach red,large large
sample_00269.png,A small white die is shown with a value of three.,1,3,white,small
sample_00271.png,A medium peach die is shown with a value of four.,1,4,peach,medium
sample_00272.png,A large white die is shown with a value of six.,1,6,white,large
sample_00273.png,The image shows one small yellow die with value two.,1,2,yellow,small
sample_00274.png,"This picture contains a small yellow die showing six, a medium green die showing three and a small peach die showing three.",3,6 3 3,yellow green peach,small medium small
sample_00275.png,The image shows one large white die with value four.,1,4,white,large
sample_00276.png,A small red die is shown with a value of three.,1,3,red,small
sample_00277.png,"There are a small green die showing six, a medium green die showing one and a large blue die showing three in the scene.",3,6 1 3,green green blue,small medium large
sample_00278.png,"The scene contains a large blue die showing one, a medium red die showing two and a medium purple die showing two.",3,1 2 2,blue red purple,large medium medium
sample_00281.png,"The image shows a medium peach die showing six, a medium blue die showing three and a large blue die showing two.",3,6 3 2,peach blue blue,medium medium large
sample_00283.png,This picture contains 2 large white dice displaying two and five.,2,2 5,white white,large large
sample_00284.png,"The image shows a medium purple die showing five, a small peach die showing three and a small blue die showing four.",3,5 3 4,purple peach blue,medium small small
sample_00285.png,"The scene contains a medium blue die showing two, a small white die showing one and a large blue die showing six.",3,2 1 6,blue white blue,medium small large
sample_00286.png,"The scene contains a small blue die showing five, a large peach die showing six and a small blue die showing two.",3,5 6 2,blue peach blue,small large small
sample_00287.png,This picture contains a large blue die displaying five.,1,5,blue,large
sample_00288.png,A large yellow die is shown with a value of six.,1,6,yellow,large
sample_00290.png,The scene contains a medium yellow die showing five and a small red die showing five.,2,5 5,yellow red,medium small
sample_00292.png,"The scene contains a medium peach die showing six, a large red die showing six and a small green die showing five.",3,6 6 5,peach red green,medium large small
sample_00293.png,"The scene contains a large blue die showing three, a small yellow die showing one and a large blue die showing six.",3,3 1 6,blue yellow blue,large small large
sample_00295.png,This picture contains a small white die displaying five.,1,5,white,small
sample_00296.png,The image shows one medium yellow die with value six.,1,6,yellow,medium
sample_00298.png,The scene contains a medium red die showing two and a small red die showing three.,2,2 3,red red,medium small
sample_00299.png,"There are a large yellow die showing five, a large yellow die showing five and a small green die showing six in the scene.",3,5 5 6,yellow yellow green,large large small
sample_00300.png,"There are a medium yellow die showing three, a medium white die showing six and a small white die showing one in the scene.",3,3 6 1,yellow white white,medium medium small
sample_00302.png,The scene contains a medium purple die showing one and a small peach die showing two.,2,1 2,purple peach,medium small
sample_00303.png,"This picture contains a large purple die showing four, a small red die showing two and a small white die showing six.",3,4 2 6,purple red white,large small small
sample_00304.png,The image shows a small green die showing five and a medium purple die showing three.,2,5 3,green purple,small medium
sample_00305.png,There is one small green die showing three.,1,3,green,small
sample_00306.png,"There are a medium purple die showing two, a small green die showing three and a small white die showing six in the scene.",3,2 3 6,purple green white,medium small small
sample_00307.png,The image shows a large peach die showing five and a small red die showing one.,2,5 1,peach red,large small
sample_00308.png,"This picture contains a medium green die showing three, a large green die showing three and a medium red die showing six.",3,3 3 6,green green red,medium large medium
sample_00309.png,The image shows a small red die showing six and a medium green die showing three.,2,6 3,red green,small medium
sample_00310.png,"This picture contains a medium white die showing four, a large purple die showing two and a large red die showing four.",3,4 2 4,white purple red,medium large large
sample_00311.png,A medium green die is shown with a value of two.,1,2,green,medium
sample_00312.png,The image shows a medium purple die showing one and a medium yellow die showing four.,2,1 4,purple yellow,medium medium
sample_00315.png,The scene contains a large white die showing four and a medium purple die showing four.,2,4 4,white purple,large medium
sample_00316.png,The image shows one small red die with value one.,1,1,red,small
sample_00317.png,This picture contains a large white die displaying six.,1,6,white,large
sample_00319.png,"This picture contains a small green die showing six, a small red die showing five and a small yellow die showing one.",3,6 5 1,green red yellow,small small small
sample_00320.png,"There are a medium green die showing five, a small yellow die showing three and a medium purple die showing five in the scene.",3,5 3 5,green yellow purple,medium small medium
sample_00321.png,"There are a medium red die showing two, a large purple die showing six and a large purple die showing three in the scene.",3,2 6 3,red purple purple,medium large large
sample_00322.png,There are a medium blue die showing four and a large yellow die showing six in the scene.,2,4 6,blue yellow,medium large
sample_00323.png,"The scene contains a medium yellow die showing five, a small green die showing three and a medium red die showing five.",3,5 3 5,yellow green red,medium small medium
sample_00324.png,"The image shows a large peach die showing five, a medium white die showing three and a small purple die showing two.",3,5 3 2,peach white purple,large medium small
sample_00325.png,This picture contains a large yellow die displaying one.,1,1,yellow,large
sample_00328.png,There is one large yellow die showing six.,1,6,yellow,large
sample_00329.png,This picture contains a large yellow die showing one and a large blue die showing six.,2,1 6,yellow blue,large large
sample_00330.png,The image shows a medium yellow die showing five and a small blue die showing four.,2,5 4,yellow blue,medium small
sample_00332.png,There are a small yellow die showing two and a small purple die showing five in the scene.,2,2 5,yellow purple,small small
sample_00333.png,This picture contains a large yellow die showing two and a large peach die showing six.,2,2 6,yellow peach,large large
sample_00338.png,"This picture contains a large purple die showing three, a small peach die showing five and a medium purple die showing two.",3,3 5 2,purple peach purple,large small medium
sample_00340.png,This picture contains a small purple die showing four and a large green die showing one.,2,4 1,purple green,small large
sample_00342.png,"There are a small red die showing five, a large green die showing six and a medium green die showing five in the scene.",3,5 6 5,red green green,small large medium
sample_00343.png,"This picture contains a small yellow die showing four, a small purple die showing four and a large purple die showing six.",3,4 4 6,yellow purple purple,small small large
sample_00344.png,"The image shows a medium purple die showing three, a small blue die showing four and a small peach die showing two.",3,3 4 2,purple blue peach,medium small small
sample_00345.png,"There are a large green die showing two, a large purple die showing three and a medium white die showing three in the scene.",3,2 3 3,green purple white,large large medium
sample_00346.png,"The scene contains a large purple die showing three, a small yellow die showing one and a medium blue die showing three.",3,3 1 3,purple yellow blue,large small medium
sample_00347.png,A small red die is shown with a value of four.,1,4,red,small
sample_00348.png,There is one medium white die showing one.,1,1,white,medium
sample_00350.png,The image shows one medium red die with value one.,1,1,red,medium
sample_00352.png,This picture contains a medium purple die displaying six.,1,6,purple,medium
sample_00353.png,The image shows a medium peach die showing three and a large blue die showing four.,2,3 4,peach blue,medium large
sample_00354.png,The image shows a large white die showing five and a medium purple die showing six.,2,5 6,white purple,large medium
sample_00356.png,"The image shows a large green die showing five, a medium white die showing four and a large green die showing three.",3,5 4 3,green white green,large medium large
sample_00357.png,"This picture contains a medium green die showing three, a small yellow die showing two and a large green die showing two.",3,3 2 2,green yellow green,medium small large
sample_00359.png,The image shows a medium white die showing six and a large red die showing one.,2,6 1,white red,medium large
sample_00360.png,There is one medium purple die showing two.,1,2,purple,medium
sample_00361.png,"The scene contains a large peach die showing five, a small blue die showing six and a small blue die showing one.",3,5 6 1,peach blue blue,large small small
sample_00362.png,This picture contains a small yellow die displaying three.,1,3,yellow,small
sample_00363.png,This picture contains a small peach die displaying two.,1,2,peach,small
sample_00364.png,"The scene contains a medium purple die showing four, a small white die showing two and a large green die showing four.",3,4 2 4,purple white green,medium small large
sample_00368.png,The image shows one small green die with value four.,1,4,green,small
sample_00369.png,There is one medium blue die showing six.,1,6,blue,medium
sample_00370.png,"This picture contains a medium green die showing four, a large peach die showing two and a small peach die showing six.",3,4 2 6,green peach peach,medium large small
sample_00371.png,The image shows one large blue die with value three.,1,3,blue,large
sample_00372.png,There is one small purple die showing two.,1,2,purple,small
sample_00374.png,The image shows one medium white die with value six.,1,6,white,medium
sample_00375.png,"This picture contains a medium yellow die showing four, a small green die showing six and a large red die showing six.",3,4 6 6,yellow green red,medium small large
sample_00378.png,"The image shows a medium yellow die showing six, a small green die showing two and a large blue die showing one.",3,6 2 1,yellow green blue,medium small large
sample_00379.png,"This picture contains a small green die showing four, a medium red die showing two and a large yellow die showing three.",3,4 2 3,green red yellow,small medium large
sample_00381.png,A medium yellow die is shown with a value of three.,1,3,yellow,medium
sample_00382.png,There are a large red die showing three and a medium green die showing two in the scene.,2,3 2,red green,large medium
sample_00383.png,There is one medium green die showing six.,1,6,green,medium
sample_00384.png,"The image shows a small red die showing six, a medium red die showing two and a medium purple die showing one.",3,6 2 1,red red purple,small medium medium
sample_00385.png,The scene contains a medium yellow die showing five and a large green die showing five.,2,5 5,yellow green,medium large
sample_00386.png,"This picture contains a small red die showing five, a small red die showing one and a small peach die showing six.",3,5 1 6,red red peach,small small small
sample_00387.png,"This picture contains a large yellow die showing two, a medium purple die showing four and a small white die showing four.",3,2 4 4,yellow purple white,large medium small
sample_00388.png,"The image shows a medium purple die showing four, a large green die showing two and a large peach die showing one.",3,4 2 1,purple green peach,medium large large
sample_00389.png,"This picture contains a large red die showing six, a medium green die showing six and a small yellow die showing one.",3,6 6 1,red green yellow,large medium small
sample_00390.png,"This picture contains a small blue die showing one, a medium white die showing five and a small green die showing five.",3,1 5 5,blue white green,small medium small
sample_00391.png,"The scene contains a small white die showing six, a small yellow die showing five and a large peach die showing two.",3,6 5 2,white yellow peach,small small large
sample_00392.png,A large peach die is shown with a value of one.,1,1,peach,large
sample_00393.png,The image shows one small green die with value four.,1,4,green,small
sample_00394.png,"This picture contains a small yellow die showing three, a small peach die showing six and a large green die showing six.",3,3 6 6,yellow peach green,small small large
sample_00396.png,"The image shows a large blue die showing six, a large red die showing five and a medium peach die showing five.",3,6 5 5,blue red peach,large large medium
sample_00397.png,"The scene contains a large green die showing six, a small peach die showing four and a medium blue die showing three.",3,6 4 3,green peach blue,large small medium
sample_00398.png,There is one small white die showing five.,1,5,white,small
sample_00399.png,The scene contains a medium peach die showing four and a small white die showing three.,2,4 3,peach white,medium small
sample_00401.png,"There are a medium yellow die showing two, a large green die showing one and a large red die showing one in the scene.",3,2 1 1,yellow green red,medium large large
sample_00404.png,"There are a large red die showing six, a small yellow die showing three and a large peach die showing five in the scene.",3,6 3 5,red yellow peach,large small large
sample_00405.png,"The scene contains a small red die showing five, a medium purple die showing four and a large white die showing six.",3,5 4 6,red purple white,small medium large
sample_00406.png,"The scene contains a large purple die showing one, a large purple die showing two and a large peach die showing three.",3,1 2 3,purple purple peach,large large large
sample_00407.png,There are a small red die showing five and a medium peach die showing two in the scene.,2,5 2,red peach,small medium
sample_00408.png,This picture contains a small green die showing four and a small purple die showing three.,2,4 3,green purple,small small
sample_00410.png,"There are a small yellow die showing four, a medium red die showing five and a small yellow die showing six in the scene.",3,4 5 6,yellow red yellow,small medium small
sample_00411.png,The image shows one large yellow die with value one.,1,1,yellow,large
sample_00412.png,A medium red die is shown with a value of two.,1,2,red,medium
sample_00414.png,"The image shows a large purple die showing one, a large blue die showing five and a large yellow die showing two.",3,1 5 2,purple blue yellow,large large large
sample_00415.png,"The scene contains a medium white die showing five, a large blue die showing three and a medium green die showing two.",3,5 3 2,white blue green,medium large medium
sample_00418.png,The image shows a large peach die showing five and a medium purple die showing five.,2,5 5,peach purple,large medium
sample_00421.png,There are a large blue die showing two and a medium blue die showing three in the scene.,2,2 3,blue blue,large medium
sample_00422.png,The image shows one small yellow die with value six.,1,6,yellow,small
sample_00423.png,"The scene contains a small peach die showing five, a medium purple die showing five and a medium yellow die showing two.",3,5 5 2,peach purple yellow,small medium medium
sample_00424.png,The scene contains a large peach die showing two and a small yellow die showing two.,2,2 2,peach yellow,large small
sample_00425.png,There is one small red die showing five.,1,5,red,small
sample_00427.png,A large white die is shown with a value of one.,1,1,white,large
sample_00430.png,The scene contains a small white die showing one and a medium purple die showing three.,2,1 3,white purple,small medium
sample_00431.png,There are a large white die showing five and a large green die showing three in the scene.,2,5 3,white green,large large
sample_00433.png,The image shows one small yellow die with value six.,1,6,yellow,small
sample_00434.png,There are a small white die showing one and a large yellow die showing three in the scene.,2,1 3,white yellow,small large
sample_00435.png,The scene contains a large white die showing three and a small purple die showing six.,2,3 6,white purple,large small
sample_00436.png,"The scene contains a small red die showing six, a small green die showing five and a small blue die showing four.",3,6 5 4,red green blue,small small small
sample_00437.png,The image shows one large green die with value three.,1,3,green,large
sample_00438.png,"There are a medium white die showing five, a small white die showing one and a large purple die showing six in the scene.",3,5 1 6,white white purple,medium small large
sample_00439.png,The image shows one large green die with value one.,1,1,green,large
sample_00440.png,The scene contains a medium yellow die showing one and a small peach die showing four.,2,1 4,yellow peach,medium small
sample_00442.png,The image shows a large yellow die showing one and a small blue die showing four.,2,1 4,yellow blue,large small
sample_00443.png,This picture contains a medium yellow die showing five and a medium red die showing five.,2,5 5,yellow red,medium medium
sample_00446.png,This picture contains a medium peach die showing two and a medium purple die showing four.,2,2 4,peach purple,medium medium
sample_00447.png,"The image shows a small blue die showing three, a large green die showing three and a small red die showing one.",3,3 3 1,blue green red,small large small
sample_00448.png,A large green die is shown with a value of one.,1,1,green,large
sample_00450.png,A small blue die is shown with a value of four.,1,4,blue,small
sample_00451.png,The image shows a medium yellow die showing six and a large purple die showing six.,2,6 6,yellow purple,medium large
sample_00452.png,There is one small yellow die showing six.,1,6,yellow,small
sample_00453.png,"The image shows a medium white die showing five, a large white die showing six and a large yellow die showing three.",3,5 6 3,white white yellow,medium large large
sample_00454.png,This picture contains a medium red die displaying six.,1,6,red,medium
sample_00456.png,This picture contains a large red die displaying two.,1,2,red,large
sample_00457.png,There is one medium red die showing four.,1,4,red,medium
sample_00458.png,There is one medium blue die showing two.,1,2,blue,medium
sample_00460.png,The scene contains a large white die showing five and a large red die showing two.,2,5 2,white red,large large
sample_00461.png,The image shows one large peach die with value six.,1,6,peach,large
sample_00462.png,"There are a medium peach die showing one, a small white die showing four and a large yellow die showing one in the scene.",3,1 4 1,peach white yellow,medium small large
sample_00463.png,This picture contains a medium blue die displaying five.,1,5,blue,medium
sample_00464.png,The image shows one small white die with value one.,1,1,white,small
sample_00466.png,The image shows a small yellow die showing three and a large purple die showing five.,2,3 5,yellow purple,small large
sample_00467.png,A large red die is shown with a value of two.,1,2,red,large
sample_00468.png,"There are a medium yellow die showing two, a small white die showing one and a medium green die showing two in the scene.",3,2 1 2,yellow white green,medium small medium
sample_00469.png,"The image shows a large yellow die showing one, a large white die showing six and a large green die showing two.",3,1 6 2,yellow white green,large large large
sample_00470.png,The scene contains a medium green die showing three and a medium peach die showing five.,2,3 5,green peach,medium medium
sample_00472.png,The image shows a small white die showing six and a medium blue die showing five.,2,6 5,white blue,small medium
sample_00474.png,This picture contains a small white die displaying two.,1,2,white,small
sample_00475.png,This picture contains a large peach die displaying three.,1,3,peach,large
sample_00478.png,There is one large blue die showing three.,1,3,blue,large
sample_00481.png,This picture contains a medium blue die showing two and a large yellow die showing six.,2,2 6,blue yellow,medium large
sample_00482.png,This picture contains a small purple die showing four and a medium peach die showing six.,2,4 6,purple peach,small medium
sample_00483.png,A medium red die is shown with a value of five.,1,5,red,medium
sample_00484.png,The image shows one small green die with value one.,1,1,green,small
sample_00485.png,There are a medium green die showing six and a large purple die showing six in the scene.,2,6 6,green purple,medium large
sample_00488.png,"The scene contains a medium blue die showing six, a large green die showing four and a medium white die showing six.",3,6 4 6,blue green white,medium large medium
sample_00489.png,"The image shows a small red die showing six, a small purple die showing four and a medium purple die showing one.",3,6 4 1,red purple purple,small small medium
sample_00490.png,"This picture contains a large yellow die showing five, a medium green die showing five and a medium purple die showing five.",3,5 5 5,yellow green purple,large medium medium
sample_00491.png,There is one small white die showing two.,1,2,white,small
sample_00492.png,The image shows a medium purple die showing three and a medium green die showing five.,2,3 5,purple green,medium medium
sample_00494.png,The scene contains a small red die showing three and a small green die showing six.,2,3 6,red green,small small
sample_00498.png,"The scene contains a large peach die showing five, a medium yellow die showing five and a medium red die showing two.",3,5 5 2,peach yellow red,large medium medium
sample_00499.png,A small white die is shown with a value of two.,1,2,white,small
sample_00500.png,The scene contains a medium blue die showing three and a large red die showing five.,2,3 5,blue red,medium large
sample_00503.png,"There are a small red die showing three, a large white die showing four and a large white die showing four in the scene.",3,3 4 4,red white white,small large large
sample_00504.png,"The image shows a medium purple die showing six, a medium red die showing three and a large yellow die showing six.",3,6 3 6,purple red yellow,medium medium large
sample_00505.png,The image shows one large red die with value five.,1,5,red,large
sample_00506.png,The image shows one small red die with value one.,1,1,red,small
sample_00507.png,The scene contains a medium green die showing three and a small peach die showing one.,2,3 1,green peach,medium small
sample_00508.png,This picture contains a small red die displaying one.,1,1,red,small
sample_00509.png,There is one medium blue die showing five.,1,5,blue,medium
sample_00510.png,There are a large white die showing one and a medium green die showing three in the scene.,2,1 3,white green,large medium
sample_00511.png,This picture contains a large purple die showing five and a large blue die showing three.,2,5 3,purple blue,large large
sample_00512.png,This picture contains a small blue die showing one and a large purple die showing four.,2,1 4,blue purple,small large
sample_00513.png,This picture contains 2 medium red dice displaying one and two.,2,1 2,red red,medium medium
sample_00514.png,"This picture contains a small red die showing six, a large purple die showing four and a large purple die showing two.",3,6 4 2,red purple purple,small large large
sample_00515.png,This picture contains a small peach die displaying two.,1,2,peach,small
sample_00516.png,The image shows a medium yellow die showing five and a medium green die showing four.,2,5 4,yellow green,medium medium
sample_00520.png,There is one medium white die showing two.,1,2,white,medium
sample_00521.png,"The scene contains a small peach die showing four, a small peach die showing five and a medium purple die showing five.",3,4 5 5,peach peach purple,small small medium
sample_00522.png,There is one small green die showing five.,1,5,green,small
sample_00523.png,"This picture contains a large white die showing two, a small blue die showing five and a medium yellow die showing six.",3,2 5 6,white blue yellow,large small medium
sample_00524.png,"There are a small green die showing five, a medium green die showing four and a large white die showing two in the scene.",3,5 4 2,green green white,small medium large
sample_00527.png,The image shows one small peach die with value one.,1,1,peach,small
sample_00528.png,This picture contains a medium red die displaying five.,1,5,red,medium
sample_00529.png,This picture contains a large purple die showing four and a large peach die showing three.,2,4 3,purple peach,large large
sample_00530.png,This picture contains a small red die displaying one.,1,1,red,small
sample_00531.png,This picture contains a medium white die showing four and a large yellow die showing three.,2,4 3,white yellow,medium large
sample_00532.png,"The image shows a medium purple die showing one, a medium peach die showing one and a large red die showing one.",3,1 1 1,purple peach red,medium medium large
sample_00536.png,A large peach die is shown with a value of three.,1,3,peach,large
sample_00538.png,"There are a small green die showing five, a large red die showing five and a small yellow die showing three in the scene.",3,5 5 3,green red yellow,small large small
sample_00540.png,"The scene contains a medium blue die showing five, a small peach die showing three and a medium white die showing three.",3,5 3 3,blue peach white,medium small medium
sample_00541.png,"The image shows a medium peach die showing two, a medium yellow die showing five and a large white die showing four.",3,2 5 4,peach yellow white,medium medium large
sample_00542.png,The image shows a medium peach die showing one and a large purple die showing six.,2,1 6,peach purple,medium large
sample_00543.png,There is one large red die showing five.,1,5,red,large
sample_00544.png,"There are a small red die showing three, a large purple die showing three and a small green die showing one in the scene.",3,3 3 1,red purple green,small large small
sample_00545.png,There is one large white die showing five.,1,5,white,large
sample_00546.png,"This picture contains a medium red die showing three, a medium white die showing four and a medium purple die showing six.",3,3 4 6,red white purple,medium medium medium
sample_00548.png,The scene contains a large white die showing three and a large peach die showing three.,2,3 3,white peach,large large
sample_00549.png,The image shows a small white die showing one and a large white die showing three.,2,1 3,white white,small large
sample_00550.png,There are 2 large peach dice showing three and six.,2,3 6,peach peach,large large
sample_00551.png,A medium red die is shown with a value of six.,1,6,red,medium
sample_00552.png,"This picture contains a medium peach die showing five, a large green die showing one and a small peach die showing one.",3,5 1 1,peach green peach,medium large small
sample_00556.png,The image shows a small red die showing five and a medium red die showing four.,2,5 4,red red,small medium
sample_00557.png,There is one large yellow die showing one.,1,1,yellow,large
sample_00558.png,The image shows one small green die with value one.,1,1,green,small
sample_00559.png,The image shows one medium yellow die with value one.,1,1,yellow,medium
sample_00560.png,"The image shows a large blue die showing five, a medium green die showing one and a small green die showing one.",3,5 1 1,blue green green,large medium small
sample_00561.png,This picture contains a large blue die displaying three.,1,3,blue,large
sample_00562.png,The image shows one medium blue die with value four.,1,4,blue,medium
sample_00564.png,"This picture contains a large yellow die showing six, a medium blue die showing six and a medium blue die showing one.",3,6 6 1,yellow blue blue,large medium medium
sample_00565.png,"There are a large purple die showing four, a small yellow die showing five and a medium white die showing three in the scene.",3,4 5 3,purple yellow white,large small medium
sample_00567.png,There is one small blue die showing four.,1,4,blue,small
sample_00568.png,This picture contains a medium red die displaying three.,1,3,red,medium
sample_00571.png,There is one small white die showing one.,1,1,white,small
sample_00572.png,There is one large white die showing five.,1,5,white,large
sample_00573.png,There is one small peach die showing four.,1,4,peach,small
sample_00574.png,"The scene contains a large purple die showing four, a large peach die showing two and a large yellow die showing four.",3,4 2 4,purple peach yellow,large large large
sample_00575.png,There are a medium white die showing four and a medium green die showing four in the scene.,2,4 4,white green,medium medium
sample_00576.png,"The scene contains a large yellow die showing five, a small red die showing one and a large red die showing six.",3,5 1 6,yellow red red,large small large
sample_00577.png,The scene contains a large green die showing one and a medium white die showing one.,2,1 1,green white,large medium
sample_00578.png,A large peach die is shown with a value of three.,1,3,peach,large
sample_00580.png,"The scene contains a medium blue die showing one, a large yellow die showing five and a small peach die showing five.",3,1 5 5,blue yellow peach,medium large small
sample_00581.png,A large white die is shown with a value of one.,1,1,white,large
sample_00584.png,There are a small yellow die showing six and a large peach die showing six in the scene.,2,6 6,yellow peach,small large
sample_00585.png,There is one small yellow die showing three.,1,3,yellow,small
sample_00588.png,There is one medium green die showing one.,1,1,green,medium
sample_00589.png,There are a large white die showing five and a medium red die showing one in the scene.,2,5 1,white red,large medium
sample_00590.png,There are a medium green die showing four and a medium white die showing six in the scene.,2,4 6,green white,medium medium
sample_00591.png,A small white die is shown with a value of four.,1,4,white,small
sample_00593.png,There is one medium white die showing one.,1,1,white,medium
sample_00594.png,A small blue die is shown with a value of one.,1,1,blue,small
sample_00595.png,"The image shows a medium peach die showing two, a small yellow die showing two and a medium peach die showing six.",3,2 2 6,peach yellow peach,medium small medium
sample_00596.png,The image shows a medium yellow die showing four and a large blue die showing two.,2,4 2,yellow blue,medium large
sample_00597.png,"The image shows a small blue die showing four, a medium blue die showing five and a large blue die showing one.",3,4 5 1,blue blue blue,small medium large
sample_00599.png,The scene contains a large purple die showing five and a small green die showing three.,2,5 3,purple green,large small
sample_00601.png,"This picture contains a large white die showing two, a small peach die showing two and a medium peach die showing four.",3,2 2 4,white peach peach,large small medium
sample_00602.png,The image shows one small peach die with value three.,1,3,peach,small
sample_00603.png,There are a large blue die showing three and a large red die showing one in the scene.,2,3 1,blue red,large large
sample_00606.png,This picture contains 2 small yellow dice displaying five and four.,2,5 4,yellow yellow,small small
sample_00607.png,There is one large green die showing six.,1,6,green,large
sample_00608.png,There is one small yellow die showing four.,1,4,yellow,small
sample_00609.png,This picture contains a small peach die displaying four.,1,4,peach,small
sample_00611.png,"There are a large white die showing four, a large red die showing three and a large blue die showing three in the scene.",3,4 3 3,white red blue,large large large
sample_00612.png,"The scene contains a small peach die showing one, a medium green die showing three and a large white die showing five.",3,1 3 5,peach green white,small medium large
sample_00613.png,The image shows one small white die with value three.,1,3,white,small
sample_00614.png,The image shows a small red die showing one and a small purple die showing three.,2,1 3,red purple,small small
sample_00615.png,The image shows one large white die with value two.,1,2,white,large
sample_00616.png,The scene contains a medium green die showing five and a medium white die showing four.,2,5 4,green white,medium medium
sample_00617.png,There are a medium red die showing five and a large blue die showing one in the scene.,2,5 1,red blue,medium large
sample_00620.png,The scene contains a medium yellow die showing one and a large red die showing one.,2,1 1,yellow red,medium large
sample_00621.png,The image shows a small yellow die showing one and a large yellow die showing three.,2,1 3,yellow yellow,small large
sample_00622.png,There is one medium peach die showing three.,1,3,peach,medium
sample_00623.png,"This picture contains a small red die showing one, a large yellow die showing one and a small white die showing six.",3,1 1 6,red yellow white,small large small
sample_00624.png,"This picture contains a small green die showing six, a medium green die showing four and a medium peach die showing one.",3,6 4 1,green green peach,small medium medium
sample_00625.png,There are a small red die showing three and a medium purple die showing two in the scene.,2,3 2,red purple,small medium
sample_00626.png,There are a small peach die showing one and a medium purple die showing four in the scene.,2,1 4,peach purple,small medium
sample_00627.png,The image shows one medium peach die with value one.,1,1,peach,medium
sample_00629.png,There are a large red die showing six and a medium red die showing four in the scene.,2,6 4,red red,large medium
sample_00630.png,"There are a medium yellow die showing five, a large peach die showing one and a small red die showing one in the scene.",3,5 1 1,yellow peach red,medium large small
sample_00631.png,The image shows a large purple die showing six and a medium white die showing three.,2,6 3,purple white,large medium
sample_00632.png,"The scene contains a small green die showing four, a medium white die showing six and a medium blue die showing five.",3,4 6 5,green white blue,small medium medium
sample_00633.png,"The image shows a large peach die showing two, a medium green die showing four and a small yellow die showing four.",3,2 4 4,peach green yellow,large medium small
sample_00634.png,"The scene contains a medium peach die showing five, a large white die showing four and a large yellow die showing six.",3,5 4 6,peach white yellow,medium large large
sample_00636.png,The image shows a large blue die showing two and a medium red die showing four.,2,2 4,blue red,large medium
sample_00637.png,A medium white die is shown with a value of four.,1,4,white,medium
sample_00639.png,The image shows one large green die with value two.,1,2,green,large
sample_00640.png,The image shows one large green die with value three.,1,3,green,large
sample_00641.png,"The image shows a small green die showing five, a medium green die showing four and a medium yellow die showing six.",3,5 4 6,green green yellow,small medium medium
sample_00644.png,"This picture contains a small red die showing two, a small red die showing five and a medium green die showing four.",3,2 5 4,red red green,small small medium
sample_00646.png,The image shows a medium green die showing six and a small purple die showing five.,2,6 5,green purple,medium small
sample_00648.png,"The image shows a large green die showing three, a large purple die showing five and a large blue die showing five.",3,3 5 5,green purple blue,large large large
sample_00649.png,This picture contains a small purple die showing four and a large peach die showing six.,2,4 6,purple peach,small large
sample_00650.png,This picture contains a medium green die showing four and a small red die showing four.,2,4 4,green red,medium small
sample_00651.png,"This picture contains a large red die showing five, a medium blue die showing three and a small green die showing one.",3,5 3 1,red blue green,large medium small
sample_00652.png,The scene contains a medium red die showing two and a medium peach die showing six.,2,2 6,red peach,medium medium
sample_00654.png,There is one large white die showing five.,1,5,white,large
sample_00655.png,There are a small green die showing three and a large red die showing four in the scene.,2,3 4,green red,small large
sample_00656.png,There is one medium red die showing two.,1,2,red,medium
sample_00658.png,"There are a small red die showing one, a small blue die showing three and a small blue die showing two in the scene.",3,1 3 2,red blue blue,small small small
sample_00659.png,"The scene contains a large yellow die showing five, a medium green die showing six and a large green die showing five.",3,5 6 5,yellow green green,large medium large
sample_00660.png,A small peach die is shown with a value of two.,1,2,peach,small
sample_00661.png,The image shows one large peach die with value two.,1,2,peach,large
sample_00662.png,This picture contains a large green die showing two and a large red die showing four.,2,2 4,green red,large large
sample_00664.png,The scene contains a medium blue die showing three and a small red die showing six.,2,3 6,blue red,medium small
sample_00665.png,This picture contains a medium peach die displaying six.,1,6,peach,medium
sample_00666.png,The scene contains a small green die showing four and a small red die showing four.,2,4 4,green red,small small
sample_00667.png,"This picture contains a medium green die showing three, a large peach die showing one and a medium white die showing two.",3,3 1 2,green peach white,medium large medium
sample_00669.png,A medium red die is shown with a value of six.,1,6,red,medium
sample_00670.png,A large yellow die is shown with a value of four.,1,4,yellow,large
sample_00671.png,"There are a large white die showing one, a large purple die showing four and a medium red die showing six in the scene.",3,1 4 6,white purple red,large large medium
sample_00672.png,"There are a medium white die showing two, a medium blue die showing three and a medium white die showing six in the scene.",3,2 3 6,white blue white,medium medium medium
sample_00675.png,"The image shows a large purple die showing one, a medium yellow die showing two and a large white die showing three.",3,1 2 3,purple yellow white,large medium large
sample_00676.png,There are a large green die showing four and a small blue die showing six in the scene.,2,4 6,green blue,large small
sample_00678.png,The scene contains a medium white die showing five and a small purple die showing three.,2,5 3,white purple,medium small
sample_00679.png,"This picture contains a small yellow die showing five, a large green die showing three and a small red die showing one.",3,5 3 1,yellow green red,small large small
sample_00680.png,The image shows a small peach die showing four and a large yellow die showing two.,2,4 2,peach yellow,small large
sample_00681.png,The image shows a large blue die showing three and a large green die showing five.,2,3 5,blue green,large large
sample_00686.png,The scene contains a medium yellow die showing two and a small blue die showing two.,2,2 2,yellow blue,medium small
sample_00687.png,"There are a small red die showing four, a large purple die showing five and a small white die showing six in the scene.",3,4 5 6,red purple white,small large small
sample_00695.png,There are a large purple die showing three and a small purple die showing four in the scene.,2,3 4,purple purple,large small
sample_00696.png,"There are a small red die showing three, a medium peach die showing two and a small purple die showing one in the scene.",3,3 2 1,red peach purple,small medium small
sample_00697.png,There are a small white die showing two and a small blue die showing five in the scene.,2,2 5,white blue,small small
sample_00703.png,This picture contains a medium green die displaying five.,1,5,green,medium
sample_00705.png,A small yellow die is shown with a value of six.,1,6,yellow,small
sample_00706.png,There are a medium blue die showing five and a medium red die showing six in the scene.,2,5 6,blue red,medium medium
sample_00707.png,"This picture contains a medium red die showing two, a medium purple die showing two and a large peach die showing three.",3,2 2 3,red purple peach,medium medium large
sample_00708.png,This picture contains a large white die displaying six.,1,6,white,large
sample_00709.png,There are a large red die showing one and a medium peach die showing one in the scene.,2,1 1,red peach,large medium
sample_00710.png,The image shows a small peach die showing four and a large green die showing three.,2,4 3,peach green,small large
sample_00711.png,"There are a large blue die showing two, a small white die showing one and a small white die showing three in the scene.",3,2 1 3,blue white white,large small small
sample_00712.png,"The scene contains a large yellow die showing five, a medium blue die showing five and a medium yellow die showing six.",3,5 5 6,yellow blue yellow,large medium medium
sample_00714.png,This picture contains a medium red die displaying five.,1,5,red,medium
sample_00717.png,The image shows a small blue die showing one and a large peach die showing five.,2,1 5,blue peach,small large
sample_00719.png,"This picture contains a medium blue die showing two, a small yellow die showing five and a small peach die showing one.",3,2 5 1,blue yellow peach,medium small small
sample_00720.png,"This picture contains a medium yellow die showing one, a small purple die showing two and a medium blue die showing six.",3,1 2 6,yellow purple blue,medium small medium
sample_00721.png,"There are a medium purple die showing two, a large purple die showing one and a small green die showing four in the scene.",3,2 1 4,purple purple green,medium large small
sample_00722.png,The image shows one large peach die with value one.,1,1,peach,large
sample_00723.png,"The image shows a small white die showing one, a small red die showing six and a large red die showing five.",3,1 6 5,white red red,small small large
sample_00724.png,A small purple die is shown with a value of three.,1,3,purple,small
sample_00725.png,This picture contains a small white die showing two and a medium peach die showing three.,2,2 3,white peach,small medium
sample_00726.png,"There are a large red die showing three, a medium red die showing five and a large blue die showing four in the scene.",3,3 5 4,red red blue,large medium large
sample_00727.png,"This picture contains a small white die showing three, a small green die showing six and a large white die showing six.",3,3 6 6,white green white,small small large
sample_00728.png,This picture contains a small white die showing six and a medium green die showing four.,2,6 4,white green,small medium
sample_00729.png,This picture contains a large purple die displaying one.,1,1,purple,large
sample_00731.png,"There are a large peach die showing two, a medium blue die showing four and a large purple die showing one in the scene.",3,2 4 1,peach blue purple,large medium large
sample_00732.png,There are a medium white die showing three and a small white die showing six in the scene.,2,3 6,white white,medium small
sample_00733.png,There is one large peach die showing four.,1,4,peach,large
sample_00735.png,The image shows a large peach die showing one and a medium white die showing four.,2,1 4,peach white,large medium
sample_00736.png,This picture contains a small yellow die showing six and a medium blue die showing two.,2,6 2,yellow blue,small medium
sample_00738.png,"This picture contains a medium peach die showing three, a medium green die showing two and a medium red die showing two.",3,3 2 2,peach green red,medium medium medium
sample_00739.png,There are a small peach die showing four and a large white die showing six in the scene.,2,4 6,peach white,small large
sample_00740.png,There is one small white die showing four.,1,4,white,small
sample_00741.png,There are a large green die showing six and a small red die showing three in the scene.,2,6 3,green red,large small
sample_00742.png,A large blue die is shown with a value of four.,1,4,blue,large
sample_00743.png,"There are a small green die showing five, a small yellow die showing six and a medium peach die showing six in the scene.",3,5 6 6,green yellow peach,small small medium
sample_00744.png,The scene contains a small green die showing six and a medium white die showing two.,2,6 2,green white,small medium
sample_00746.png,The scene contains a small peach die showing three and a medium yellow die showing two.,2,3 2,peach yellow,small medium
sample_00747.png,The image shows one large purple die with value one.,1,1,purple,large
sample_00748.png,There is one large white die showing three.,1,3,white,large
sample_00750.png,"This picture contains a large peach die showing one, a small blue die showing six and a small peach die showing one.",3,1 6 1,peach blue peach,large small small
sample_00751.png,There is one medium purple die showing six.,1,6,purple,medium
sample_00753.png,"The image shows a large yellow die showing four, a medium green die showing four and a small yellow die showing two.",3,4 4 2,yellow green yellow,large medium small
sample_00754.png,This picture contains a medium white die showing six and a small green die showing four.,2,6 4,white green,medium small
sample_00755.png,A large blue die is shown with a value of three.,1,3,blue,large
sample_00756.png,This picture contains a small peach die displaying five.,1,5,peach,small
sample_00757.png,This picture contains a large blue die showing one and a large green die showing four.,2,1 4,blue green,large large
sample_00761.png,A small peach die is shown with a value of three.,1,3,peach,small
sample_00762.png,The scene contains a large blue die showing six and a medium white die showing six.,2,6 6,blue white,large medium
sample_00763.png,"The scene contains a large red die showing three, a small blue die showing three and a medium blue die showing three.",3,3 3 3,red blue blue,large small medium
sample_00764.png,The image shows one medium yellow die with value five.,1,5,yellow,medium
sample_00766.png,The scene contains a large yellow die showing six and a medium red die showing one.,2,6 1,yellow red,large medium
sample_00767.png,"The image shows a medium blue die showing four, a large blue die showing two and a large purple die showing five.",3,4 2 5,blue blue purple,medium large large
sample_00768.png,A small blue die is shown with a value of four.,1,4,blue,small
sample_00770.png,The image shows a medium purple die showing one and a small peach die showing three.,2,1 3,purple peach,medium small
sample_00773.png,"This picture contains a small blue die showing three, a small purple die showing one and a medium red die showing six.",3,3 1 6,blue purple red,small small medium
sample_00774.png,A small purple die is shown with a value of six.,1,6,purple,small
sample_00777.png,"There are a medium yellow die showing two, a large yellow die showing two and a small red die showing one in the scene.",3,2 2 1,yellow yellow red,medium large small
sample_00779.png,"There are a medium purple die showing five, a small blue die showing one and a small purple die showing two in the scene.",3,5 1 2,purple blue purple,medium small small
sample_00781.png,There is one small green die showing three.,1,3,green,small
sample_00782.png,This picture contains a large white die showing two and a large peach die showing two.,2,2 2,white peach,large large
sample_00783.png,"The scene contains a large purple die showing five, a medium white die showing six and a small purple die showing six.",3,5 6 6,purple white purple,large medium small
sample_00785.png,This picture contains a small green die displaying two.,1,2,green,small
sample_00786.png,The scene contains a medium green die showing three and a small yellow die showing three.,2,3 3,green yellow,medium small
sample_00788.png,The image shows one medium blue die with value three.,1,3,blue,medium
sample_00789.png,This picture contains a small red die displaying six.,1,6,red,small
sample_00790.png,The image shows a small purple die showing four and a medium red die showing two.,2,4 2,purple red,small medium
sample_00791.png,"There are a small green die showing six, a medium blue die showing four and a medium green die showing two in the scene.",3,6 4 2,green blue green,small medium medium
sample_00792.png,The image shows a small blue die showing five and a medium white die showing two.,2,5 2,blue white,small medium
sample_00793.png,The image shows a small red die showing one and a large white die showing five.,2,1 5,red white,small large
sample_00795.png,The scene contains a large peach die showing two and a medium purple die showing six.,2,2 6,peach purple,large medium
sample_00798.png,"The image shows a small blue die showing five, a large green die showing three and a large blue die showing one.",3,5 3 1,blue green blue,small large large
sample_00799.png,This picture contains a small yellow die showing four and a large blue die showing three.,2,4 3,yellow blue,small large
sample_00800.png,This picture contains a small green die displaying five.,1,5,green,small
sample_00801.png,The image shows a small purple die showing two and a medium purple die showing three.,2,2 3,purple purple,small medium
sample_00803.png,"This picture contains a medium green die showing one, a medium peach die showing two and a medium yellow die showing five.",3,1 2 5,green peach yellow,medium medium medium
sample_00805.png,There are a medium peach die showing four and a medium blue die showing four in the scene.,2,4 4,peach blue,medium medium
sample_00806.png,"There are a large purple die showing two, a medium green die showing three and a small yellow die showing five in the scene.",3,2 3 5,purple green yellow,large medium small
sample_00807.png,The image shows one large peach die with value four.,1,4,peach,large
sample_00808.png,This picture contains a small peach die displaying six.,1,6,peach,small
sample_00810.png,"There are a medium purple die showing three, a large red die showing one and a large white die showing five in the scene.",3,3 1 5,purple red white,medium large large
sample_00812.png,The image shows one small purple die with value five.,1,5,purple,small
sample_00815.png,"There are a large white die showing one, a medium white die showing six and a medium yellow die showing six in the scene.",3,1 6 6,white white yellow,large medium medium
sample_00816.png,This picture contains a medium yellow die showing two and a small purple die showing two.,2,2 2,yellow purple,medium small
sample_00818.png,"The scene contains a large purple die showing five, a medium red die showing six and a small purple die showing one.",3,5 6 1,purple red purple,large medium small
sample_00820.png,The scene contains a small green die showing six and a small peach die showing three.,2,6 3,green peach,small small
sample_00821.png,The image shows one large peach die with value one.,1,1,peach,large
sample_00824.png,"The image shows a small yellow die showing five, a medium red die showing one and a small red die showing one.",3,5 1 1,yellow red red,small medium small
sample_00825.png,There are a medium white die showing six and a medium green die showing two in the scene.,2,6 2,white green,medium medium
sample_00826.png,The scene contains a large peach die showing three and a small purple die showing one.,2,3 1,peach purple,large small
sample_00828.png,This picture contains a large yellow die showing two and a large blue die showing two.,2,2 2,yellow blue,large large
sample_00829.png,There is one large blue die showing two.,1,2,blue,large
sample_00830.png,There are a medium white die showing six and a medium blue die showing four in the scene.,2,6 4,white blue,medium medium
sample_00831.png,"This picture contains a small red die showing four, a large green die showing six and a medium red die showing six.",3,4 6 6,red green red,small large medium
sample_00832.png,"The scene contains a small peach die showing four, a small blue die showing four and a small yellow die showing three.",3,4 4 3,peach blue yellow,small small small
sample_00833.png,There are a small blue die showing four and a large white die showing three in the scene.,2,4 3,blue white,small large
sample_00836.png,"The scene contains a medium peach die showing six, a large purple die showing two and a small green die showing three.",3,6 2 3,peach purple green,medium large small
sample_00837.png,This picture contains a small white die showing five and a large peach die showing one.,2,5 1,white peach,small large
sample_00839.png,There are a small yellow die showing six and a large blue die showing four in the scene.,2,6 4,yellow blue,small large
sample_00841.png,"The scene contains a large green die showing four, a large green die showing four and a small white die showing three.",3,4 4 3,green green white,large large small
sample_00843.png,The image shows one large green die with value five.,1,5,green,large
sample_00844.png,The image shows a small green die showing five and a large blue die showing four.,2,5 4,green blue,small large
sample_00845.png,The image shows a medium purple die showing six and a large yellow die showing one.,2,6 1,purple yellow,medium large
sample_00847.png,The scene contains a large peach die showing five and a large white die showing six.,2,5 6,peach white,large large
sample_00848.png,This picture contains a medium blue die displaying four.,1,4,blue,medium
sample_00849.png,There is one medium white die showing six.,1,6,white,medium
sample_00851.png,"The scene contains a large green die showing six, a small purple die showing five and a small purple die showing six.",3,6 5 6,green purple purple,large small small
sample_00852.png,"This picture contains a small white die showing two, a medium blue die showing one and a medium green die showing five.",3,2 1 5,white blue green,small medium medium
sample_00856.png,"This picture contains a small purple die showing one, a small red die showing four and a small blue die showing five.",3,1 4 5,purple red blue,small small small
sample_00859.png,"This picture contains a large red die showing four, a large white die showing one and a small red die showing six.",3,4 1 6,red white red,large large small
sample_00861.png,"The image shows a medium yellow die showing one, a small green die showing four and a medium blue die showing six.",3,1 4 6,yellow green blue,medium small medium
sample_00862.png,"The scene contains a medium blue die showing four, a medium blue die showing three and a large white die showing three.",3,4 3 3,blue blue white,medium medium large
sample_00866.png,"This picture contains a small purple die showing one, a small blue die showing three and a medium blue die showing five.",3,1 3 5,purple blue blue,small small medium
sample_00867.png,This picture contains a large peach die showing six and a medium green die showing five.,2,6 5,peach green,large medium
sample_00869.png,A small blue die is shown with a value of six.,1,6,blue,small
sample_00870.png,The image shows a medium blue die showing three and a medium green die showing one.,2,3 1,blue green,medium medium
sample_00872.png,The scene contains a large blue die showing two and a small green die showing six.,2,2 6,blue green,large small
sample_00873.png,There are a large white die showing four and a medium peach die showing four in the scene.,2,4 4,white peach,large medium
sample_00874.png,The image shows one large green die with value five.,1,5,green,large
sample_00875.png,This picture contains a medium red die displaying four.,1,4,red,medium
sample_00876.png,The image shows a medium red die showing one and a medium blue die showing two.,2,1 2,red blue,medium medium
sample_00877.png,The image shows one small white die with value four.,1,4,white,small
sample_00878.png,There are a small peach die showing three and a large green die showing five in the scene.,2,3 5,peach green,small large
sample_00879.png,The image shows one large yellow die with value one.,1,1,yellow,large
sample_00881.png,The image shows one small green die with value four.,1,4,green,small
sample_00882.png,A large white die is shown with a value of four.,1,4,white,large
sample_00883.png,The scene contains a small peach die showing two and a medium peach die showing one.,2,2 1,peach peach,small medium
sample_00885.png,"This picture contains a small yellow die showing two, a large yellow die showing four and a large yellow die showing five.",3,2 4 5,yellow yellow yellow,small large large
sample_00886.png,There is one large purple die showing six.,1,6,purple,large
sample_00887.png,The image shows a large white die showing four and a small green die showing three.,2,4 3,white green,large small
sample_00888.png,The image shows a medium yellow die showing three and a medium red die showing five.,2,3 5,yellow red,medium medium
sample_00890.png,"The scene contains a small white die showing four, a medium purple die showing four and a medium red die showing two.",3,4 4 2,white purple red,small medium medium
sample_00891.png,"The image shows a medium peach die showing one, a small blue die showing two and a large blue die showing three.",3,1 2 3,peach blue blue,medium small large
sample_00892.png,There is one large red die showing five.,1,5,red,large
sample_00894.png,The image shows one small red die with value one.,1,1,red,small
sample_00895.png,There are a small green die showing six and a small peach die showing four in the scene.,2,6 4,green peach,small small
sample_00898.png,The image shows a small purple die showing one and a medium red die showing six.,2,1 6,purple red,small medium
sample_00899.png,This picture contains a small green die displaying four.,1,4,green,small
sample_00900.png,This picture contains a medium blue die showing three and a small blue die showing four.,2,3 4,blue blue,medium small
sample_00901.png,"The image shows a large yellow die showing six, a small green die showing five and a small white die showing five.",3,6 5 5,yellow green white,large small small
sample_00902.png,The image shows a large red die showing four and a large white die showing three.,2,4 3,red white,large large
sample_00903.png,The scene contains a medium blue die showing one and a small red die showing two.,2,1 2,blue red,medium small
sample_00904.png,"The image shows a small green die showing three, a medium white die showing five and a small purple die showing one.",3,3 5 1,green white purple,small medium small
sample_00905.png,This picture contains 2 large red dice displaying three and two.,2,3 2,red red,large large
sample_00906.png,The scene contains a small green die showing two and a large purple die showing six.,2,2 6,green purple,small large
sample_00907.png,"The scene contains a large peach die showing six, a medium purple die showing two and a large peach die showing two.",3,6 2 2,peach purple peach,large medium large
sample_00911.png,"The scene contains a large white die showing four, a large peach die showing five and a large purple die showing five.",3,4 5 5,white peach purple,large large large
sample_00912.png,The image shows a large purple die showing one and a small purple die showing six.,2,1 6,purple purple,large small
sample_00913.png,The scene contains a medium yellow die showing six and a medium white die showing five.,2,6 5,yellow white,medium medium
sample_00915.png,"The scene contains a small peach die showing five, a medium peach die showing five and a small red die showing three.",3,5 5 3,peach peach red,small medium small
sample_00916.png,The image shows one small peach die with value three.,1,3,peach,small
sample_00918.png,A medium purple die is shown with a value of six.,1,6,purple,medium
sample_00919.png,"The image shows a medium red die showing one, a small blue die showing two and a large yellow die showing two.",3,1 2 2,red blue yellow,medium small large
sample_00921.png,This picture contains a large blue die displaying two.,1,2,blue,large
sample_00922.png,This picture contains a large purple die showing two and a small yellow die showing one.,2,2 1,purple yellow,large small
sample_00924.png,There are a medium white die showing two and a small yellow die showing one in the scene.,2,2 1,white yellow,medium small
sample_00926.png,The image shows one small white die with value six.,1,6,white,small
sample_00927.png,The image shows one large purple die with value six.,1,6,purple,large
sample_00928.png,This picture contains a medium yellow die showing three and a large white die showing two.,2,3 2,yellow white,medium large
sample_00930.png,The image shows a large green die showing two and a small peach die showing five.,2,2 5,green peach,large small
sample_00931.png,This picture contains a small peach die displaying three.,1,3,peach,small
sample_00932.png,There are a large red die showing five and a medium green die showing five in the scene.,2,5 5,red green,large medium
sample_00934.png,"There are a small red die showing five, a small green die showing five and a medium white die showing five in the scene.",3,5 5 5,red green white,small small medium
sample_00935.png,A medium purple die is shown with a value of three.,1,3,purple,medium
sample_00937.png,A medium yellow die is shown with a value of five.,1,5,yellow,medium
sample_00938.png,A medium red die is shown with a value of two.,1,2,red,medium
sample_00939.png,The image shows one large yellow die with value six.,1,6,yellow,large
sample_00940.png,"The image shows a large green die showing five, a small yellow die showing five and a medium peach die showing six.",3,5 5 6,green yellow peach,large small medium
sample_00941.png,The image shows one medium green die with value five.,1,5,green,medium
sample_00942.png,This picture contains 2 large yellow dice displaying five and three.,2,5 3,yellow yellow,large large
sample_00944.png,This picture contains a small green die displaying two.,1,2,green,small
sample_00945.png,"There are 3 medium red dice showing six, one and two.",3,6 1 2,red red red,medium medium medium
sample_00946.png,This picture contains a medium green die displaying two.,1,2,green,medium
sample_00948.png,There is one medium purple die showing four.,1,4,purple,medium
sample_00949.png,This picture contains a large green die showing three and a medium yellow die showing three.,2,3 3,green yellow,large medium
sample_00950.png,There are a large yellow die showing four and a small purple die showing two in the scene.,2,4 2,yellow purple,large small
sample_00951.png,The image shows a small red die showing five and a small purple die showing one.,2,5 1,red purple,small small
sample_00952.png,This picture contains a small red die showing six and a small white die showing one.,2,6 1,red white,small small
sample_00953.png,"The image shows a large red die showing one, a small purple die showing five and a large red die showing six.",3,1 5 6,red purple red,large small large
sample_00954.png,"There are a medium peach die showing three, a large white die showing two and a large blue die showing four in the scene.",3,3 2 4,peach white blue,medium large large
sample_00955.png,The scene contains a large blue die showing five and a medium red die showing five.,2,5 5,blue red,large medium
sample_00956.png,"The scene contains a small red die showing six, a medium blue die showing three and a large green die showing three.",3,6 3 3,red blue green,small medium large
sample_00957.png,"The image shows a small green die showing five, a medium green die showing six and a small peach die showing six.",3,5 6 6,green green peach,small medium small
sample_00958.png,This picture contains a large green die displaying one.,1,1,green,large
sample_00960.png,This picture contains a small peach die showing one and a small blue die showing six.,2,1 6,peach blue,small small
sample_00961.png,There are 2 medium peach dice showing four and one.,2,4 1,peach peach,medium medium
sample_00963.png,"This picture contains a small purple die showing five, a small blue die showing five and a small yellow die showing six.",3,5 5 6,purple blue yellow,small small small
sample_00964.png,There are a small purple die showing five and a medium red die showing four in the scene.,2,5 4,purple red,small medium
sample_00965.png,"There are a medium yellow die showing three, a medium blue die showing five and a small green die showing six in the scene.",3,3 5 6,yellow blue green,medium medium small
sample_00968.png,"The scene contains a small white die showing one, a large green die showing three and a small white die showing two.",3,1 3 2,white green white,small large small
sample_00969.png,This picture contains a small red die showing three and a small peach die showing four.,2,3 4,red peach,small small
sample_00970.png,A large blue die is shown with a value of five.,1,5,blue,large
sample_00971.png,The image shows one small white die with value five.,1,5,white,small
sample_00974.png,This picture contains a medium green die displaying five.,1,5,green,medium
sample_00977.png,"This picture contains a medium red die showing six, a large red die showing four and a small white die showing five.",3,6 4 5,red red white,medium large small
sample_00981.png,This picture contains a small red die displaying three.,1,3,red,small
sample_00982.png,The image shows one small purple die with value four.,1,4,purple,small
sample_00984.png,"The scene contains a small purple die showing three, a medium peach die showing three and a large white die showing four.",3,3 3 4,purple peach white,small medium large
sample_00985.png,There are a small peach die showing three and a small purple die showing six in the scene.,2,3 6,peach purple,small small
sample_00986.png,"This picture contains a small yellow die showing five, a medium blue die showing four and a large yellow die showing five.",3,5 4 5,yellow blue yellow,small medium large
sample_00988.png,"The scene contains a medium red die showing six, a medium blue die showing six and a medium white die showing one.",3,6 6 1,red blue white,medium medium medium
sample_00990.png,There are a small purple die showing two and a large green die showing five in the scene.,2,2 5,purple green,small large
sample_00992.png,"The scene contains a large purple die showing four, a medium red die showing two and a large blue die showing six.",3,4 2 6,purple red blue,large medium large
sample_00993.png,A medium white die is shown with a value of five.,1,5,white,medium
sample_00994.png,This picture contains a large peach die showing three and a large green die showing three.,2,3 3,peach green,large large
sample_00995.png,The image shows a medium purple die showing three and a large purple die showing six.,2,3 6,purple purple,medium large
sample_00998.png,The image shows one small blue die with value six.,1,6,blue,small
sample_00999.png,"The scene contains a small red die showing six, a medium blue die showing two and a medium peach die showing three.",3,6 2 3,red blue peach,small medium medium
sample_01000.png,"The scene contains a small white die showing three, a small blue die showing four and a medium yellow die showing four.",3,3 4 4,white blue yellow,small small medium
sample_01001.png,The image shows a large purple die showing five and a large yellow die showing four.,2,5 4,purple yellow,large large
sample_01002.png,The scene contains a large green die showing two and a large purple die showing five.,2,2 5,green purple,large large
sample_01003.png,"This picture contains a large blue die showing six, a small blue die showing three and a large white die showing one.",3,6 3 1,blue blue white,large small large
sample_01004.png,This picture contains a small blue die showing two and a medium peach die showing one.,2,2 1,blue peach,small medium
sample_01005.png,"There are a small white die showing six, a large yellow die showing six and a medium white die showing one in the scene.",3,6 6 1,white yellow white,small large medium
sample_01007.png,This picture contains a medium red die displaying three.,1,3,red,medium
sample_01008.png,The scene contains a medium green die showing five and a small blue die showing four.,2,5 4,green blue,medium small
sample_01009.png,This picture contains a large red die showing three and a medium red die showing six.,2,3 6,red red,large medium
sample_01010.png,The image shows one medium blue die with value three.,1,3,blue,medium
sample_01013.png,The image shows a medium blue die showing six and a small peach die showing one.,2,6 1,blue peach,medium small
sample_01014.png,"The image shows a large red die showing four, a large red die showing three and a medium white die showing three.",3,4 3 3,red red white,large large medium
sample_01016.png,There are a small white die showing five and a small purple die showing four in the scene.,2,5 4,white purple,small small
sample_01018.png,The image shows a medium purple die showing four and a medium peach die showing four.,2,4 4,purple peach,medium medium
sample_01020.png,"This picture contains a medium purple die showing one, a large green die showing four and a medium white die showing four.",3,1 4 4,purple green white,medium large medium
sample_01023.png,This picture contains a medium red die displaying six.,1,6,red,medium
sample_01024.png,There is one medium yellow die showing six.,1,6,yellow,medium
sample_01025.png,The scene contains a small yellow die showing four and a medium purple die showing two.,2,4 2,yellow purple,small medium
sample_01027.png,The scene contains a medium peach die showing six and a large peach die showing four.,2,6 4,peach peach,medium large
sample_01028.png,The image shows a medium red die showing one and a small green die showing three.,2,1 3,red green,medium small
sample_01030.png,The image shows a small peach die showing two and a medium blue die showing one.,2,2 1,peach blue,small medium
sample_01032.png,"The scene contains a small white die showing five, a large white die showing three and a medium white die showing one.",3,5 3 1,white white white,small large medium
sample_01033.png,The image shows a large white die showing one and a large purple die showing four.,2,1 4,white purple,large large
sample_01034.png,There are a large yellow die showing three and a large purple die showing three in the scene.,2,3 3,yellow purple,large large
sample_01035.png,This picture contains a medium peach die displaying six.,1,6,peach,medium
sample_01036.png,"This picture contains a large purple die showing two, a large blue die showing five and a medium green die showing six.",3,2 5 6,purple blue green,large large medium
sample_01037.png,"This picture contains a small green die showing five, a small green die showing six and a large red die showing five.",3,5 6 5,green green red,small small large
sample_01038.png,The image shows a large white die showing two and a small purple die showing two.,2,2 2,white purple,large small
sample_01039.png,"There are a medium blue die showing five, a large peach die showing six and a large purple die showing two in the scene.",3,5 6 2,blue peach purple,medium large large
sample_01040.png,The scene contains a small white die showing three and a large red die showing six.,2,3 6,white red,small large
sample_01041.png,This picture contains a medium blue die displaying six.,1,6,blue,medium
sample_01042.png,"The scene contains a large red die showing one, a medium red die showing four and a medium purple die showing four.",3,1 4 4,red red purple,large medium medium
sample_01043.png,The image shows a large white die showing six and a medium white die showing five.,2,6 5,white white,large medium
sample_01045.png,A medium blue die is shown with a value of three.,1,3,blue,medium
sample_01046.png,"The scene contains a medium peach die showing four, a medium yellow die showing five and a large yellow die showing one.",3,4 5 1,peach yellow yellow,medium medium large
sample_01048.png,This picture contains a medium green die displaying five.,1,5,green,medium
sample_01049.png,The scene contains a medium purple die showing five and a large peach die showing four.,2,5 4,purple peach,medium large
sample_01050.png,There are a medium green die showing six and a medium purple die showing six in the scene.,2,6 6,green purple,medium medium
sample_01051.png,The image shows a small red die showing two and a large blue die showing one.,2,2 1,red blue,small large
sample_01052.png,There are a small white die showing five and a large yellow die showing three in the scene.,2,5 3,white yellow,small large
sample_01055.png,"This picture contains a medium white die showing six, a small red die showing six and a small white die showing three.",3,6 6 3,white red white,medium small small
sample_01056.png,"The scene contains a small red die showing two, a medium peach die showing four and a medium white die showing three.",3,2 4 3,red peach white,small medium medium
sample_01057.png,A large purple die is shown with a value of three.,1,3,purple,large
sample_01058.png,There is one small red die showing one.,1,1,red,small
sample_01059.png,The image shows one small peach die with value five.,1,5,peach,small
sample_01061.png,"There are a large white die showing one, a small blue die showing two and a medium white die showing six in the scene.",3,1 2 6,white blue white,large small medium
sample_01062.png,A medium white die is shown with a value of two.,1,2,white,medium
sample_01064.png,There is one medium blue die showing six.,1,6,blue,medium
sample_01065.png,"The image shows a large white die showing five, a medium green die showing six and a medium purple die showing four.",3,5 6 4,white green purple,large medium medium
sample_01066.png,A small peach die is shown with a value of five.,1,5,peach,small
sample_01067.png,"This picture contains a medium peach die showing four, a large red die showing one and a medium red die showing one.",3,4 1 1,peach red red,medium large medium
sample_01068.png,"The scene contains a small blue die showing two, a small peach die showing two and a medium peach die showing one.",3,2 2 1,blue peach peach,small small medium
sample_01071.png,A large white die is shown with a value of five.,1,5,white,large
sample_01072.png,"The scene contains a small green die showing one, a medium yellow die showing two and a large red die showing five.",3,1 2 5,green yellow red,small medium large
sample_01073.png,This picture contains a small red die showing two and a small peach die showing five.,2,2 5,red peach,small small
sample_01074.png,"The scene contains a large blue die showing six, a medium green die showing one and a large purple die showing three.",3,6 1 3,blue green purple,large medium large
sample_01075.png,"The image shows a large green die showing five, a medium green die showing five and a large blue die showing five.",3,5 5 5,green green blue,large medium large
sample_01078.png,This picture contains a small blue die showing four and a large peach die showing one.,2,4 1,blue peach,small large
sample_01079.png,This picture contains a large green die displaying one.,1,1,green,large
sample_01080.png,"A scene with 2 large purple dice is shown, displaying one and one.",2,1 1,purple purple,large large
sample_01081.png,"This picture contains a large red die showing six, a small peach die showing one and a medium yellow die showing five.",3,6 1 5,red peach yellow,large small medium
sample_01082.png,This picture contains a large yellow die displaying five.,1,5,yellow,large
sample_01083.png,"The image shows a large blue die showing two, a small purple die showing three and a medium green die showing two.",3,2 3 2,blue purple green,large small medium
sample_01086.png,The scene contains a small red die showing two and a medium blue die showing two.,2,2 2,red blue,small medium
sample_01088.png,"This picture contains a small peach die showing four, a small purple die showing six and a small blue die showing six.",3,4 6 6,peach purple blue,small small small
sample_01090.png,There is one large peach die showing two.,1,2,peach,large
sample_01091.png,"There are a medium white die showing one, a small yellow die showing one and a large red die showing two in the scene.",3,1 1 2,white yellow red,medium small large
sample_01092.png,"The scene contains a medium white die showing three, a medium red die showing one and a large blue die showing two.",3,3 1 2,white red blue,medium medium large
sample_01094.png,There is one medium green die showing five.,1,5,green,medium
sample_01095.png,"There are a small blue die showing six, a small yellow die showing two and a medium green die showing one in the scene.",3,6 2 1,blue yellow green,small small medium
sample_01097.png,The image shows a medium blue die showing two and a medium peach die showing five.,2,2 5,blue peach,medium medium
sample_01098.png,"There are a medium purple die showing three, a small blue die showing three and a large purple die showing six in the scene.",3,3 3 6,purple blue purple,medium small large
sample_01100.png,A large blue die is shown with a value of six.,1,6,blue,large
sample_01102.png,A medium red die is shown with a value of two.,1,2,red,medium
sample_01104.png,"This picture contains a medium yellow die showing one, a medium white die showing three and a large peach die showing two.",3,1 3 2,yellow white peach,medium medium large
sample_01105.png,The image shows one large green die with value six.,1,6,green,large
sample_01106.png,This picture contains a medium peach die showing two and a large green die showing six.,2,2 6,peach green,medium large
sample_01107.png,"The scene contains a medium red die showing three, a large green die showing three and a small peach die showing three.",3,3 3 3,red green peach,medium large small
sample_01108.png,"The image shows a medium white die showing five, a small peach die showing one and a medium green die showing three.",3,5 1 3,white peach green,medium small medium
sample_01109.png,The image shows a small peach die showing four and a medium white die showing three.,2,4 3,peach white,small medium
sample_01110.png,"The scene contains a small white die showing four, a medium red die showing one and a small white die showing five.",3,4 1 5,white red white,small medium small
sample_01111.png,There are a medium yellow die showing one and a small red die showing four in the scene.,2,1 4,yellow red,medium small
sample_01113.png,There are a medium purple die showing six and a large white die showing two in the scene.,2,6 2,purple white,medium large
sample_01115.png,This picture contains a medium purple die displaying three.,1,3,purple,medium
sample_01118.png,A medium purple die is shown with a value of six.,1,6,purple,medium
sample_01120.png,This picture contains a large purple die displaying one.,1,1,purple,large
sample_01121.png,A large red die is shown with a value of one.,1,1,red,large
sample_01122.png,"This picture contains a large blue die showing six, a small yellow die showing four and a large purple die showing six.",3,6 4 6,blue yellow purple,large small large
sample_01123.png,The image shows a medium blue die showing one and a medium white die showing five.,2,1 5,blue white,medium medium
sample_01124.png,"There are a medium blue die showing six, a small purple die showing four and a large yellow die showing three in the scene.",3,6 4 3,blue purple yellow,medium small large
sample_01125.png,This picture contains a medium green die showing two and a large green die showing one.,2,2 1,green green,medium large
sample_01127.png,The scene contains a small peach die showing five and a medium white die showing one.,2,5 1,peach white,small medium
sample_01128.png,There is one small green die showing four.,1,4,green,small
sample_01129.png,This picture contains a small yellow die showing six and a medium yellow die showing six.,2,6 6,yellow yellow,small medium
sample_01130.png,"This picture contains a small yellow die showing two, a small red die showing four and a large peach die showing six.",3,2 4 6,yellow red peach,small small large
sample_01131.png,The image shows one medium purple die with value two.,1,2,purple,medium
sample_01132.png,This picture contains a large green die showing five and a small purple die showing two.,2,5 2,green purple,large small
sample_01133.png,The scene contains a large blue die showing six and a large yellow die showing five.,2,6 5,blue yellow,large large
sample_01134.png,There is one medium peach die showing two.,1,2,peach,medium
sample_01136.png,"This picture contains a medium peach die showing three, a small yellow die showing three and a large green die showing three.",3,3 3 3,peach yellow green,medium small large
sample_01137.png,The image shows one large blue die with value six.,1,6,blue,large
sample_01138.png,This picture contains a large white die showing five and a small green die showing one.,2,5 1,white green,large small
sample_01141.png,"There are a medium blue die showing four, a medium red die showing three and a small white die showing three in the scene.",3,4 3 3,blue red white,medium medium small
sample_01142.png,This picture contains a large yellow die showing five and a medium peach die showing two.,2,5 2,yellow peach,large medium
sample_01143.png,The image shows a small yellow die showing four and a small white die showing two.,2,4 2,yellow white,small small
sample_01144.png,This picture contains a large white die displaying one.,1,1,white,large
sample_01146.png,The scene contains a small yellow die showing one and a large yellow die showing four.,2,1 4,yellow yellow,small large
sample_01148.png,The image shows one medium purple die with value five.,1,5,purple,medium
sample_01150.png,There is one large red die showing three.,1,3,red,large
sample_01153.png,The image shows one small yellow die with value six.,1,6,yellow,small
sample_01154.png,"The image shows a medium green die showing six, a medium blue die showing two and a medium blue die showing four.",3,6 2 4,green blue blue,medium medium medium
sample_01155.png,This picture contains a large purple die showing two and a small peach die showing two.,2,2 2,purple peach,large small
sample_01156.png,"The image shows a medium green die showing six, a small purple die showing three and a small white die showing three.",3,6 3 3,green purple white,medium small small
sample_01157.png,"The image shows a small white die showing five, a large blue die showing four and a large red die showing five.",3,5 4 5,white blue red,small large large
sample_01158.png,"There are a large yellow die showing three, a medium peach die showing two and a large green die showing two in the scene.",3,3 2 2,yellow peach green,large medium large
sample_01159.png,"This picture contains a small white die showing five, a medium yellow die showing two and a large peach die showing one.",3,5 2 1,white yellow peach,small medium large
sample_01160.png,The scene contains a small purple die showing four and a small yellow die showing four.,2,4 4,purple yellow,small small
sample_01163.png,This picture contains a medium purple die displaying two.,1,2,purple,medium
sample_01165.png,There is one small red die showing six.,1,6,red,small
sample_01166.png,"This picture contains a small white die showing six, a large blue die showing two and a large peach die showing six.",3,6 2 6,white blue peach,small large large
sample_01167.png,"There are a small purple die showing one, a medium peach die showing six and a medium purple die showing five in the scene.",3,1 6 5,purple peach purple,small medium medium
sample_01168.png,The image shows one large red die with value four.,1,4,red,large
sample_01169.png,This picture contains a small yellow die showing six and a small purple die showing six.,2,6 6,yellow purple,small small
sample_01170.png,"There are a medium red die showing one, a medium white die showing two and a large white die showing one in the scene.",3,1 2 1,red white white,medium medium large
sample_01171.png,"This picture contains a small purple die showing four, a medium blue die showing four and a large peach die showing three.",3,4 4 3,purple blue peach,small medium large
sample_01172.png,"The image shows a small yellow die showing one, a medium red die showing one and a small red die showing six.",3,1 1 6,yellow red red,small medium small
sample_01173.png,This picture contains a medium white die displaying three.,1,3,white,medium
sample_01176.png,"The scene contains a large purple die showing three, a medium purple die showing six and a large red die showing five.",3,3 6 5,purple purple red,large medium large
sample_01179.png,A medium yellow die is shown with a value of four.,1,4,yellow,medium
sample_01181.png,"There are a large red die showing four, a medium red die showing two and a small purple die showing four in the scene.",3,4 2 4,red red purple,large medium small
sample_01182.png,"The image shows a small yellow die showing three, a medium white die showing six and a small blue die showing six.",3,3 6 6,yellow white blue,small medium small
sample_01183.png,This picture contains a large white die displaying one.,1,1,white,large
sample_01184.png,This picture contains a small white die displaying five.,1,5,white,small
sample_01186.png,There are a large peach die showing two and a large blue die showing four in the scene.,2,2 4,peach blue,large large
sample_01187.png,A large peach die is shown with a value of two.,1,2,peach,large
sample_01188.png,This picture contains a medium yellow die displaying six.,1,6,yellow,medium
sample_01189.png,"The scene contains a large blue die showing six, a large red die showing one and a medium green die showing two.",3,6 1 2,blue red green,large large medium
sample_01190.png,There is one small blue die showing five.,1,5,blue,small
sample_01191.png,"The scene contains a small green die showing five, a large red die showing four and a small green die showing five.",3,5 4 5,green red green,small large small
sample_01192.png,"This picture contains a medium green die showing six, a small purple die showing three and a large peach die showing two.",3,6 3 2,green purple peach,medium small large
sample_01194.png,"The scene contains a medium purple die showing six, a large yellow die showing one and a small blue die showing three.",3,6 1 3,purple yellow blue,medium large small
sample_01195.png,The image shows one large blue die with value four.,1,4,blue,large
sample_01196.png,A small blue die is shown with a value of five.,1,5,blue,small
sample_01197.png,"This picture contains a medium purple die showing one, a large peach die showing two and a large peach die showing two.",3,1 2 2,purple peach peach,medium large large
sample_01199.png,The image shows one small blue die with value six.,1,6,blue,small
sample_01204.png,"The scene contains a small blue die showing six, a medium purple die showing one and a small blue die showing five.",3,6 1 5,blue purple blue,small medium small
sample_01205.png,The image shows one large blue die with value two.,1,2,blue,large
sample_01206.png,"This picture contains a small peach die showing six, a large green die showing two and a large white die showing three.",3,6 2 3,peach green white,small large large
sample_01207.png,The scene contains a large peach die showing five and a medium red die showing one.,2,5 1,peach red,large medium
sample_01208.png,"There are a medium green die showing three, a medium purple die showing two and a small blue die showing six in the scene.",3,3 2 6,green purple blue,medium medium small
sample_01209.png,The image shows a large peach die showing two and a medium peach die showing three.,2,2 3,peach peach,large medium
sample_01211.png,This picture contains a medium purple die displaying five.,1,5,purple,medium
sample_01212.png,"The scene contains a medium peach die showing three, a large purple die showing two and a medium peach die showing six.",3,3 2 6,peach purple peach,medium large medium
sample_01213.png,The image shows a medium green die showing five and a medium blue die showing two.,2,5 2,green blue,medium medium
sample_01217.png,There is one small purple die showing five.,1,5,purple,small
sample_01218.png,There are a large purple die showing six and a medium blue die showing two in the scene.,2,6 2,purple blue,large medium
sample_01220.png,This picture contains a large purple die showing three and a medium yellow die showing two.,2,3 2,purple yellow,large medium
sample_01221.png,"There are a large peach die showing four, a medium green die showing four and a small white die showing four in the scene.",3,4 4 4,peach green white,large medium small
sample_01223.png,There are 2 small yellow dice showing one and three.,2,1 3,yellow yellow,small small
sample_01224.png,"There are a small blue die showing two, a small peach die showing four and a medium green die showing three in the scene.",3,2 4 3,blue peach green,small small medium
sample_01225.png,A medium purple die is shown with a value of three.,1,3,purple,medium
sample_01226.png,There are a medium purple die showing four and a small green die showing three in the scene.,2,4 3,purple green,medium small
sample_01229.png,The scene contains a medium peach die showing one and a large peach die showing three.,2,1 3,peach peach,medium large
sample_01230.png,This picture contains a large yellow die showing one and a medium purple die showing six.,2,1 6,yellow purple,large medium
sample_01231.png,The scene contains a large peach die showing five and a small peach die showing four.,2,5 4,peach peach,large small
sample_01233.png,This picture contains a large blue die showing three and a large white die showing three.,2,3 3,blue white,large large
sample_01234.png,The scene contains a large red die showing two and a small red die showing one.,2,2 1,red red,large small
sample_01236.png,This picture contains a large green die displaying five.,1,5,green,large
sample_01238.png,There is one large green die showing three.,1,3,green,large
sample_01239.png,"The scene contains a medium blue die showing four, a medium white die showing two and a large white die showing three.",3,4 2 3,blue white white,medium medium large
sample_01240.png,This picture contains a large yellow die displaying five.,1,5,yellow,large
sample_01241.png,The image shows a small red die showing five and a medium blue die showing four.,2,5 4,red blue,small medium
sample_01242.png,The image shows one large red die with value one.,1,1,red,large
sample_01246.png,There is one large peach die showing three.,1,3,peach,large
sample_01247.png,"This picture contains a small yellow die showing two, a large peach die showing one and a medium blue die showing two.",3,2 1 2,yellow peach blue,small large medium
sample_01248.png,The scene contains a large green die showing three and a large red die showing six.,2,3 6,green red,large large
sample_01249.png,"There are a small yellow die showing four, a large green die showing four and a small white die showing two in the scene.",3,4 4 2,yellow green white,small large small
sample_01250.png,"There are a large purple die showing four, a small green die showing one and a medium yellow die showing six in the scene.",3,4 1 6,purple green yellow,large small medium
sample_01251.png,"The image shows a large yellow die showing six, a large green die showing five and a medium white die showing one.",3,6 5 1,yellow green white,large large medium
sample_01255.png,This picture contains a medium peach die showing four and a small red die showing two.,2,4 2,peach red,medium small
sample_01258.png,A large red die is shown with a value of six.,1,6,red,large
sample_01259.png,"The scene contains a small red die showing one, a medium red die showing three and a medium white die showing four.",3,1 3 4,red red white,small medium medium
sample_01260.png,"This picture contains a medium green die showing three, a medium yellow die showing one and a small green die showing five.",3,3 1 5,green yellow green,medium medium small
sample_01263.png,This picture contains a large red die displaying two.,1,2,red,large
sample_01264.png,"There are a small yellow die showing six, a large purple die showing one and a large green die showing two in the scene.",3,6 1 2,yellow purple green,small large large
sample_01266.png,"The image shows a medium blue die showing five, a medium purple die showing six and a medium white die showing four.",3,5 6 4,blue purple white,medium medium medium
sample_01268.png,This picture contains a medium red die showing six and a large red die showing two.,2,6 2,red red,medium large
sample_01269.png,"The image shows a small peach die showing six, a large peach die showing one and a small peach die showing two.",3,6 1 2,peach peach peach,small large small
sample_01270.png,"The scene contains a large green die showing six, a medium purple die showing one and a medium green die showing four.",3,6 1 4,green purple green,large medium medium
sample_01271.png,The image shows one small blue die with value two.,1,2,blue,small
sample_01272.png,There are a medium green die showing two and a medium blue die showing four in the scene.,2,2 4,green blue,medium medium
sample_01274.png,"There are a medium peach die showing six, a large yellow die showing six and a large red die showing five in the scene.",3,6 6 5,peach yellow red,medium large large
sample_01275.png,"The scene contains a medium white die showing three, a small yellow die showing six and a medium blue die showing one.",3,3 6 1,white yellow blue,medium small medium
sample_01276.png,There are a medium white die showing two and a medium blue die showing three in the scene.,2,2 3,white blue,medium medium
sample_01278.png,"There are a medium purple die showing three, a small red die showing one and a small peach die showing two in the scene.",3,3 1 2,purple red peach,medium small small
sample_01279.png,There are a medium green die showing four and a large yellow die showing six in the scene.,2,4 6,green yellow,medium large
sample_01281.png,"There are a medium green die showing two, a medium red die showing one and a medium peach die showing five in the scene.",3,2 1 5,green red peach,medium medium medium
sample_01283.png,"The scene contains a small purple die showing one, a large purple die showing one and a large blue die showing two.",3,1 1 2,purple purple blue,small large large
sample_01284.png,The image shows one large green die with value two.,1,2,green,large
sample_01285.png,"The image shows a small blue die showing five, a large green die showing three and a small green die showing one.",3,5 3 1,blue green green,small large small
sample_01286.png,The scene contains a large peach die showing two and a large green die showing five.,2,2 5,peach green,large large
sample_01287.png,The image shows a small yellow die showing six and a small red die showing two.,2,6 2,yellow red,small small
sample_01288.png,"The image shows a large purple die showing three, a small purple die showing three and a large blue die showing one.",3,3 3 1,purple purple blue,large small large
sample_01289.png,This picture contains a medium green die showing six and a small peach die showing three.,2,6 3,green peach,medium small
sample_01290.png,"There are a medium blue die showing six, a small blue die showing four and a small white die showing two in the scene.",3,6 4 2,blue blue white,medium small small
sample_01291.png,This picture contains a large white die displaying two.,1,2,white,large
sample_01292.png,This picture contains a small blue die displaying five.,1,5,blue,small
sample_01293.png,"There are a large red die showing two, a medium yellow die showing one and a medium blue die showing two in the scene.",3,2 1 2,red yellow blue,large medium medium
sample_01295.png,This picture contains a small blue die displaying two.,1,2,blue,small
sample_01297.png,This picture contains a large purple die displaying one.,1,1,purple,large
sample_01298.png,"This picture contains a medium purple die showing six, a large white die showing six and a small white die showing one.",3,6 6 1,purple white white,medium large small
sample_01299.png,A large green die is shown with a value of one.,1,1,green,large
sample_01301.png,This picture contains a medium purple die showing six and a small green die showing three.,2,6 3,purple green,medium small
sample_01303.png,"The image shows a medium blue die showing three, a large green die showing five and a large purple die showing two.",3,3 5 2,blue green purple,medium large large
sample_01306.png,The scene contains a small white die showing three and a large yellow die showing three.,2,3 3,white yellow,small large
sample_01309.png,"The image shows a medium red die showing four, a large blue die showing three and a medium red die showing six.",3,4 3 6,red blue red,medium large medium
sample_01310.png,This picture contains a small blue die displaying five.,1,5,blue,small
sample_01312.png,"This picture contains a large yellow die showing six, a small red die showing two and a large green die showing six.",3,6 2 6,yellow red green,large small large
sample_01313.png,The scene contains a medium green die showing six and a small red die showing six.,2,6 6,green red,medium small
sample_01316.png,The image shows one large yellow die with value one.,1,1,yellow,large
sample_01317.png,There are a small yellow die showing one and a medium red die showing six in the scene.,2,1 6,yellow red,small medium
sample_01318.png,A small white die is shown with a value of one.,1,1,white,small
sample_01319.png,"There are a large peach die showing three, a large white die showing one and a large yellow die showing three in the scene.",3,3 1 3,peach white yellow,large large large
sample_01320.png,The image shows a large yellow die showing one and a large green die showing three.,2,1 3,yellow green,large large
sample_01322.png,"The image shows a small green die showing one, a small purple die showing five and a medium peach die showing three.",3,1 5 3,green purple peach,small small medium
sample_01324.png,This picture contains a small yellow die displaying one.,1,1,yellow,small
sample_01326.png,"The image shows a small blue die showing four, a small peach die showing four and a small yellow die showing two.",3,4 4 2,blue peach yellow,small small small
sample_01327.png,The scene contains a small green die showing six and a small blue die showing four.,2,6 4,green blue,small small
sample_01328.png,The image shows a medium purple die showing one and a small peach die showing three.,2,1 3,purple peach,medium small
sample_01329.png,This picture contains a medium purple die displaying six.,1,6,purple,medium
sample_01330.png,"The scene contains a large peach die showing two, a medium purple die showing three and a small peach die showing six.",3,2 3 6,peach purple peach,large medium small
sample_01331.png,The image shows a medium purple die showing six and a small yellow die showing one.,2,6 1,purple yellow,medium small
sample_01334.png,There is one large red die showing one.,1,1,red,large
sample_01335.png,A medium red die is shown with a value of one.,1,1,red,medium
sample_01337.png,A medium red die is shown with a value of two.,1,2,red,medium
sample_01338.png,"The scene contains a medium blue die showing two, a large red die showing one and a small white die showing five.",3,2 1 5,blue red white,medium large small
sample_01339.png,The image shows one small red die with value six.,1,6,red,small
sample_01341.png,This picture contains a small white die showing five and a medium red die showing two.,2,5 2,white red,small medium
sample_01342.png,A small peach die is shown with a value of two.,1,2,peach,small
sample_01343.png,The image shows a medium white die showing three and a small green die showing three.,2,3 3,white green,medium small
sample_01344.png,"There are a small yellow die showing six, a large blue die showing six and a large white die showing two in the scene.",3,6 6 2,yellow blue white,small large large
sample_01345.png,A small yellow die is shown with a value of one.,1,1,yellow,small
sample_01346.png,The image shows a small white die showing two and a medium peach die showing six.,2,2 6,white peach,small medium
sample_01348.png,A medium red die is shown with a value of four.,1,4,red,medium
sample_01351.png,"The scene contains a medium peach die showing five, a medium peach die showing four and a medium purple die showing five.",3,5 4 5,peach peach purple,medium medium medium
sample_01352.png,This picture contains a large purple die displaying three.,1,3,purple,large
sample_01353.png,"This picture contains a large peach die showing four, a large blue die showing six and a large yellow die showing four.",3,4 6 4,peach blue yellow,large large large
sample_01355.png,This picture contains a small white die displaying three.,1,3,white,small
sample_01356.png,There are a medium peach die showing six and a small green die showing five in the scene.,2,6 5,peach green,medium small
sample_01357.png,There is one medium green die showing three.,1,3,green,medium
sample_01360.png,The image shows a small green die showing six and a large red die showing six.,2,6 6,green red,small large
sample_01361.png,There are a large white die showing three and a medium green die showing four in the scene.,2,3 4,white green,large medium
sample_01362.png,There are a large blue die showing six and a large purple die showing two in the scene.,2,6 2,blue purple,large large
sample_01363.png,This picture contains a large yellow die displaying one.,1,1,yellow,large
sample_01364.png,"The image shows a large purple die showing six, a medium peach die showing three and a large peach die showing five.",3,6 3 5,purple peach peach,large medium large
sample_01365.png,"The scene contains a medium red die showing five, a small peach die showing one and a small green die showing two.",3,5 1 2,red peach green,medium small small
sample_01366.png,The scene contains a large white die showing one and a small white die showing two.,2,1 2,white white,large small
sample_01367.png,There is one large yellow die showing two.,1,2,yellow,large
sample_01368.png,The image shows one small blue die with value five.,1,5,blue,small
sample_01369.png,There are a small purple die showing two and a medium green die showing four in the scene.,2,2 4,purple green,small medium
sample_01372.png,"The image shows a medium green die showing four, a large peach die showing four and a small yellow die showing three.",3,4 4 3,green peach yellow,medium large small
sample_01373.png,"The scene contains a small red die showing three, a medium green die showing two and a medium white die showing six.",3,3 2 6,red green white,small medium medium
sample_01376.png,"There are a small white die showing six, a large green die showing three and a medium white die showing one in the scene.",3,6 3 1,white green white,small large medium
sample_01378.png,A medium yellow die is shown with a value of four.,1,4,yellow,medium
sample_01380.png,The image shows a medium peach die showing one and a small green die showing one.,2,1 1,peach green,medium small
sample_01381.png,"The scene contains a large green die showing three, a large green die showing three and a medium white die showing three.",3,3 3 3,green green white,large large medium
sample_01382.png,This picture contains a large red die displaying four.,1,4,red,large
sample_01383.png,"There are a large yellow die showing one, a small white die showing five and a medium red die showing six in the scene.",3,1 5 6,yellow white red,large small medium
sample_01384.png,The image shows a large white die showing one and a large peach die showing six.,2,1 6,white peach,large large
sample_01386.png,The scene contains a medium red die showing six and a medium yellow die showing four.,2,6 4,red yellow,medium medium
sample_01389.png,The image shows one small green die with value three.,1,3,green,small
sample_01390.png,The scene contains a large peach die showing three and a small peach die showing five.,2,3 5,peach peach,large small
sample_01392.png,"There are a small peach die showing one, a large white die showing three and a large peach die showing six in the scene.",3,1 3 6,peach white peach,small large large
sample_01394.png,"This picture contains a medium peach die showing five, a medium peach die showing two and a large red die showing two.",3,5 2 2,peach peach red,medium medium large
sample_01395.png,The scene contains a small peach die showing one and a large blue die showing one.,2,1 1,peach blue,small large
sample_01396.png,This picture contains a small yellow die displaying four.,1,4,yellow,small
sample_01397.png,There is one small green die showing five.,1,5,green,small
sample_01398.png,This picture contains a medium purple die displaying six.,1,6,purple,medium
sample_01400.png,"There are a small peach die showing one, a large red die showing three and a large blue die showing six in the scene.",3,1 3 6,peach red blue,small large large
sample_01404.png,A large purple die is shown with a value of three.,1,3,purple,large
sample_01405.png,"The scene contains a medium red die showing two, a large purple die showing four and a small peach die showing five.",3,2 4 5,red purple peach,medium large small
sample_01406.png,This picture contains a large yellow die showing four and a medium blue die showing five.,2,4 5,yellow blue,large medium
sample_01407.png,The scene contains a medium blue die showing one and a medium green die showing one.,2,1 1,blue green,medium medium
sample_01408.png,There are a small peach die showing three and a medium blue die showing six in the scene.,2,3 6,peach blue,small medium
sample_01409.png,There is one small purple die showing four.,1,4,purple,small
sample_01411.png,A small blue die is shown with a value of six.,1,6,blue,small
sample_01416.png,"There are a medium green die showing six, a large blue die showing three and a large red die showing six in the scene.",3,6 3 6,green blue red,medium large large
sample_01418.png,"There are a small peach die showing three, a large blue die showing three and a small red die showing six in the scene.",3,3 3 6,peach blue red,small large small
sample_01421.png,"There are a small white die showing three, a medium purple die showing four and a small red die showing three in the scene.",3,3 4 3,white purple red,small medium small
sample_01423.png,The image shows a medium red die showing three and a large white die showing four.,2,3 4,red white,medium large
sample_01425.png,"The image shows a small purple die showing two, a medium yellow die showing four and a medium white die showing two.",3,2 4 2,purple yellow white,small medium medium
sample_01426.png,A small purple die is shown with a value of five.,1,5,purple,small
sample_01427.png,This picture contains a large red die showing five and a medium purple die showing two.,2,5 2,red purple,large medium
sample_01428.png,The image shows one medium purple die with value one.,1,1,purple,medium
sample_01429.png,There are a small red die showing four and a medium purple die showing five in the scene.,2,4 5,red purple,small medium
sample_01430.png,"The scene contains a medium green die showing six, a medium purple die showing two and a small white die showing four.",3,6 2 4,green purple white,medium medium small
sample_01431.png,There is one medium green die showing one.,1,1,green,medium
sample_01432.png,There are a small purple die showing six and a small green die showing four in the scene.,2,6 4,purple green,small small
sample_01433.png,The scene contains a medium peach die showing three and a medium purple die showing four.,2,3 4,peach purple,medium medium
sample_01436.png,This picture contains a medium white die showing six and a small purple die showing five.,2,6 5,white purple,medium small
sample_01437.png,The image shows one small yellow die with value four.,1,4,yellow,small
sample_01439.png,The scene contains a large yellow die showing one and a small green die showing five.,2,1 5,yellow green,large small
sample_01440.png,"This picture contains a large green die showing five, a large green die showing three and a large peach die showing six.",3,5 3 6,green green peach,large large large
sample_01441.png,"The scene contains a large white die showing five, a small yellow die showing one and a medium red die showing three.",3,5 1 3,white yellow red,large small medium
sample_01443.png,"This picture contains a large yellow die showing three, a large yellow die showing two and a small white die showing four.",3,3 2 4,yellow yellow white,large large small
sample_01444.png,There are a medium yellow die showing four and a large white die showing one in the scene.,2,4 1,yellow white,medium large
sample_01445.png,There are a small red die showing one and a small white die showing one in the scene.,2,1 1,red white,small small
sample_01446.png,"There are a medium purple die showing three, a large green die showing five and a small green die showing three in the scene.",3,3 5 3,purple green green,medium large small
sample_01448.png,"The image shows a small peach die showing three, a large red die showing three and a large white die showing five.",3,3 3 5,peach red white,small large large
sample_01449.png,This picture contains a small green die displaying one.,1,1,green,small
sample_01450.png,This picture contains a small yellow die displaying four.,1,4,yellow,small
sample_01452.png,"This picture contains a large yellow die showing two, a small white die showing one and a medium purple die showing six.",3,2 1 6,yellow white purple,large small medium
sample_01453.png,This picture contains a large yellow die showing four and a large white die showing two.,2,4 2,yellow white,large large
sample_01454.png,There is one small purple die showing two.,1,2,purple,small
sample_01458.png,This picture contains a medium peach die showing five and a small red die showing six.,2,5 6,peach red,medium small
sample_01459.png,A large green die is shown with a value of three.,1,3,green,large
sample_01460.png,This picture contains a small red die displaying four.,1,4,red,small
sample_01462.png,The image shows one small yellow die with value two.,1,2,yellow,small
sample_01463.png,This picture contains a small yellow die displaying two.,1,2,yellow,small
sample_01465.png,This picture contains 2 small peach dice displaying three and one.,2,3 1,peach peach,small small
sample_01466.png,"The scene contains a small white die showing one, a small red die showing six and a small red die showing five.",3,1 6 5,white red red,small small small
sample_01467.png,The image shows one small purple die with value four.,1,4,purple,small
sample_01468.png,"This picture contains a medium peach die showing six, a small peach die showing six and a small purple die showing five.",3,6 6 5,peach peach purple,medium small small
sample_01470.png,This picture contains a medium red die showing four and a large peach die showing three.,2,4 3,red peach,medium large
sample_01471.png,This picture contains a small yellow die displaying six.,1,6,yellow,small
sample_01472.png,A small blue die is shown with a value of four.,1,4,blue,small
sample_01475.png,"This picture contains a large purple die showing two, a small green die showing two and a small yellow die showing five.",3,2 2 5,purple green yellow,large small small
sample_01476.png,This picture contains a medium yellow die displaying two.,1,2,yellow,medium
sample_01477.png,A small red die is shown with a value of one.,1,1,red,small
sample_01478.png,There is one small peach die showing five.,1,5,peach,small
sample_01479.png,"The image shows a large peach die showing six, a large white die showing five and a medium red die showing two.",3,6 5 2,peach white red,large large medium
sample_01480.png,A medium green die is shown with a value of five.,1,5,green,medium
sample_01481.png,This picture contains a large yellow die showing four and a medium blue die showing four.,2,4 4,yellow blue,large medium
sample_01482.png,The image shows a large purple die showing one and a large peach die showing two.,2,1 2,purple peach,large large
sample_01483.png,"This picture contains a large white die showing two, a large green die showing three and a small green die showing two.",3,2 3 2,white green green,large large small
sample_01485.png,The image shows one medium yellow die with value one.,1,1,yellow,medium
sample_01486.png,"The scene contains a large white die showing five, a medium white die showing two and a medium white die showing four.",3,5 2 4,white white white,large medium medium
sample_01489.png,The scene contains a small red die showing six and a medium yellow die showing one.,2,6 1,red yellow,small medium
sample_01490.png,"There are a medium purple die showing two, a medium yellow die showing two and a large white die showing four in the scene.",3,2 2 4,purple yellow white,medium medium large
sample_01491.png,"The scene contains a medium blue die showing two, a large yellow die showing four and a medium green die showing two.",3,2 4 2,blue yellow green,medium large medium
sample_01492.png,There are a large purple die showing three and a large green die showing one in the scene.,2,3 1,purple green,large large
sample_01493.png,"There are a medium blue die showing three, a large green die showing three and a medium green die showing two in the scene.",3,3 3 2,blue green green,medium large medium
sample_01494.png,A medium peach die is shown with a value of three.,1,3,peach,medium
sample_01495.png,The scene contains a medium white die showing one and a large red die showing six.,2,1 6,white red,medium large
sample_01496.png,The image shows a medium purple die showing three and a large red die showing one.,2,3 1,purple red,medium large
sample_01497.png,The image shows a large yellow die showing six and a small red die showing six.,2,6 6,yellow red,large small
sample_01498.png,A medium green die is shown with a value of one.,1,1,green,medium
sample_01499.png,"The scene contains a large purple die showing one, a small green die showing one and a medium purple die showing six.",3,1 1 6,purple green purple,large small medium
sample_01500.png,This picture contains a small blue die showing three and a medium green die showing three.,2,3 3,blue green,small medium
sample_01502.png,The image shows one large purple die with value six.,1,6,purple,large
sample_01507.png,The image shows a large purple die showing five and a medium purple die showing one.,2,5 1,purple purple,large medium
sample_01508.png,A small red die is shown with a value of one.,1,1,red,small
sample_01509.png,"The scene contains a medium blue die showing three, a large peach die showing four and a medium peach die showing four.",3,3 4 4,blue peach peach,medium large medium
sample_01510.png,The image shows one large red die with value six.,1,6,red,large
sample_01512.png,There is one medium red die showing three.,1,3,red,medium
sample_01514.png,This picture contains a large white die displaying one.,1,1,white,large
sample_01515.png,"The scene contains a medium peach die showing six, a small peach die showing two and a large purple die showing five.",3,6 2 5,peach peach purple,medium small large
sample_01516.png,"This picture contains a small blue die showing two, a large purple die showing four and a large white die showing three.",3,2 4 3,blue purple white,small large large
sample_01517.png,"The image shows a large peach die showing five, a medium yellow die showing one and a medium blue die showing two.",3,5 1 2,peach yellow blue,large medium medium
sample_01518.png,There is one large green die showing one.,1,1,green,large
sample_01519.png,This picture contains a small green die displaying six.,1,6,green,small
sample_01520.png,The image shows a medium peach die showing two and a small blue die showing five.,2,2 5,peach blue,medium small
sample_01521.png,This picture contains a small peach die showing six and a small purple die showing six.,2,6 6,peach purple,small small
sample_01522.png,"This picture contains a medium blue die showing three, a large green die showing five and a medium peach die showing four.",3,3 5 4,blue green peach,medium large medium
sample_01523.png,There are a small peach die showing three and a large green die showing three in the scene.,2,3 3,peach green,small large
sample_01524.png,This picture contains a small yellow die showing one and a large peach die showing five.,2,1 5,yellow peach,small large
sample_01526.png,A small white die is shown with a value of two.,1,2,white,small
sample_01527.png,A large white die is shown with a value of four.,1,4,white,large
sample_01528.png,"The image shows a medium red die showing five, a medium green die showing two and a small blue die showing three.",3,5 2 3,red green blue,medium medium small
sample_01529.png,The image shows one large red die with value three.,1,3,red,large
sample_01530.png,"The scene contains a small white die showing three, a medium white die showing three and a small green die showing four.",3,3 3 4,white white green,small medium small
sample_01531.png,The scene contains a medium blue die showing one and a medium peach die showing six.,2,1 6,blue peach,medium medium
sample_01532.png,There are a medium peach die showing six and a large purple die showing four in the scene.,2,6 4,peach purple,medium large
sample_01533.png,"There are a small red die showing six, a large red die showing four and a small peach die showing three in the scene.",3,6 4 3,red red peach,small large small
sample_01534.png,The scene contains a small red die showing two and a small blue die showing five.,2,2 5,red blue,small small
sample_01535.png,"The image shows a large peach die showing two, a medium white die showing one and a large peach die showing five.",3,2 1 5,peach white peach,large medium large
sample_01536.png,This picture contains a medium blue die showing two and a medium red die showing one.,2,2 1,blue red,medium medium
sample_01537.png,"There are a large green die showing three, a medium red die showing one and a medium blue die showing three in the scene.",3,3 1 3,green red blue,large medium medium
sample_01540.png,"The scene contains a large green die showing one, a small green die showing six and a medium yellow die showing five.",3,1 6 5,green green yellow,large small medium
sample_01541.png,There are a small blue die showing four and a small purple die showing four in the scene.,2,4 4,blue purple,small small
sample_01542.png,There are a large red die showing six and a medium purple die showing six in the scene.,2,6 6,red purple,large medium
sample_01543.png,"There are a large green die showing five, a medium green die showing one and a large blue die showing four in the scene.",3,5 1 4,green green blue,large medium large
sample_01544.png,The image shows a large peach die showing six and a large red die showing four.,2,6 4,peach red,large large
sample_01547.png,"The image shows a small yellow die showing one, a large white die showing three and a large purple die showing five.",3,1 3 5,yellow white purple,small large large
sample_01548.png,The image shows a large blue die showing three and a small peach die showing one.,2,3 1,blue peach,large small
sample_01549.png,"This picture contains a small blue die showing five, a medium yellow die showing four and a large peach die showing two.",3,5 4 2,blue yellow peach,small medium large
sample_01550.png,The scene contains a medium yellow die showing one and a medium white die showing six.,2,1 6,yellow white,medium medium
sample_01553.png,There are a medium purple die showing two and a large red die showing three in the scene.,2,2 3,purple red,medium large
sample_01554.png,There are a small peach die showing six and a large green die showing three in the scene.,2,6 3,peach green,small large
sample_01555.png,The image shows one medium purple die with value six.,1,6,purple,medium
sample_01556.png,The image shows one small purple die with value one.,1,1,purple,small
sample_01557.png,The image shows one medium peach die with value two.,1,2,peach,medium
sample_01560.png,This picture contains a large green die displaying three.,1,3,green,large
sample_01561.png,This picture contains a small peach die displaying three.,1,3,peach,small
sample_01562.png,The image shows a large yellow die showing one and a small blue die showing four.,2,1 4,yellow blue,large small
sample_01563.png,"The scene contains a small red die showing five, a medium red die showing one and a small purple die showing six.",3,5 1 6,red red purple,small medium small
sample_01564.png,There are a large white die showing five and a large peach die showing five in the scene.,2,5 5,white peach,large large
sample_01566.png,"There are a large blue die showing six, a medium red die showing one and a large white die showing five in the scene.",3,6 1 5,blue red white,large medium large
sample_01567.png,This picture contains a medium peach die showing three and a small green die showing six.,2,3 6,peach green,medium small
sample_01568.png,The image shows a medium purple die showing five and a large red die showing one.,2,5 1,purple red,medium large
sample_01571.png,There are a large blue die showing two and a small purple die showing one in the scene.,2,2 1,blue purple,large small
sample_01572.png,"The image shows a large blue die showing four, a medium white die showing two and a small blue die showing two.",3,4 2 2,blue white blue,large medium small
sample_01573.png,The image shows a medium red die showing three and a large yellow die showing four.,2,3 4,red yellow,medium large
sample_01575.png,There is one medium purple die showing five.,1,5,purple,medium
sample_01577.png,The image shows one medium white die with value one.,1,1,white,medium
sample_01578.png,"This picture contains a large blue die showing two, a small yellow die showing four and a medium white die showing two.",3,2 4 2,blue yellow white,large small medium
sample_01579.png,This picture contains a large blue die showing two and a small purple die showing two.,2,2 2,blue purple,large small
sample_01581.png,"There are a medium white die showing five, a small purple die showing four and a small red die showing five in the scene.",3,5 4 5,white purple red,medium small small
sample_01582.png,The scene contains a small white die showing one and a small yellow die showing three.,2,1 3,white yellow,small small
sample_01583.png,This picture contains a small purple die showing one and a medium peach die showing four.,2,1 4,purple peach,small medium
sample_01584.png,"There are a large purple die showing six, a small blue die showing six and a small red die showing two in the scene.",3,6 6 2,purple blue red,large small small
sample_01585.png,This picture contains a medium red die showing three and a small blue die showing one.,2,3 1,red blue,medium small
sample_01586.png,The image shows one small green die with value three.,1,3,green,small
sample_01588.png,"The scene contains a medium green die showing four, a large yellow die showing one and a medium peach die showing five.",3,4 1 5,green yellow peach,medium large medium
sample_01589.png,"The scene contains a medium blue die showing four, a large white die showing two and a medium red die showing six.",3,4 2 6,blue white red,medium large medium
sample_01590.png,The image shows a large blue die showing five and a medium green die showing four.,2,5 4,blue green,large medium
sample_01592.png,This picture contains a medium yellow die displaying six.,1,6,yellow,medium
sample_01593.png,"There are a large red die showing six, a small purple die showing one and a large red die showing four in the scene.",3,6 1 4,red purple red,large small large
sample_01594.png,"The image shows a large white die showing two, a medium green die showing three and a medium white die showing one.",3,2 3 1,white green white,large medium medium
sample_01597.png,"The scene contains a medium red die showing four, a medium white die showing two and a medium purple die showing three.",3,4 2 3,red white purple,medium medium medium
sample_01599.png,The image shows one small yellow die with value six.,1,6,yellow,small
sample_01600.png,There are a small blue die showing three and a large blue die showing four in the scene.,2,3 4,blue blue,small large
sample_01601.png,The image shows a large yellow die showing four and a large white die showing one.,2,4 1,yellow white,large large
sample_01602.png,The image shows a small blue die showing four and a large blue die showing four.,2,4 4,blue blue,small large
sample_01603.png,The image shows one small blue die with value five.,1,5,blue,small
sample_01606.png,There are a medium white die showing one and a medium green die showing five in the scene.,2,1 5,white green,medium medium
sample_01607.png,"The image shows a medium red die showing two, a small green die showing two and a medium purple die showing six.",3,2 2 6,red green purple,medium small medium
sample_01608.png,"The scene contains a medium yellow die showing two, a large yellow die showing one and a large blue die showing six.",3,2 1 6,yellow yellow blue,medium large large
sample_01610.png,"There are a small green die showing one, a medium white die showing five and a medium white die showing five in the scene.",3,1 5 5,green white white,small medium medium
sample_01614.png,There are 2 medium green dice showing five and four.,2,5 4,green green,medium medium
sample_01616.png,This picture contains a medium white die showing four and a large purple die showing six.,2,4 6,white purple,medium large
sample_01617.png,There are a large peach die showing six and a medium white die showing three in the scene.,2,6 3,peach white,large medium
sample_01618.png,A small yellow die is shown with a value of four.,1,4,yellow,small
sample_01619.png,"A scene with 2 small blue dice is shown, displaying four and one.",2,4 1,blue blue,small small
sample_01622.png,"The scene contains a large white die showing five, a medium yellow die showing one and a large red die showing four.",3,5 1 4,white yellow red,large medium large
sample_01623.png,A small purple die is shown with a value of three.,1,3,purple,small
sample_01624.png,"There are a small purple die showing five, a medium blue die showing three and a medium red die showing three in the scene.",3,5 3 3,purple blue red,small medium medium
sample_01626.png,This picture contains a medium yellow die displaying three.,1,3,yellow,medium
sample_01627.png,This picture contains a small green die displaying one.,1,1,green,small
sample_01629.png,The scene contains a small purple die showing two and a small green die showing five.,2,2 5,purple green,small small
sample_01630.png,This picture contains a large white die displaying two.,1,2,white,large
sample_01631.png,A medium red die is shown with a value of two.,1,2,red,medium
sample_01632.png,"The scene contains a medium yellow die showing two, a large purple die showing three and a medium yellow die showing three.",3,2 3 3,yellow purple yellow,medium large medium
sample_01634.png,The scene contains a medium green die showing two and a medium purple die showing three.,2,2 3,green purple,medium medium
sample_01635.png,The scene contains a small red die showing six and a large peach die showing two.,2,6 2,red peach,small large
sample_01636.png,"This picture contains a medium white die showing four, a small green die showing two and a small yellow die showing five.",3,4 2 5,white green yellow,medium small small
sample_01637.png,The image shows one large yellow die with value four.,1,4,yellow,large
sample_01638.png,"The scene contains a large white die showing two, a large blue die showing four and a small peach die showing six.",3,2 4 6,white blue peach,large large small
sample_01640.png,This picture contains a small green die displaying two.,1,2,green,small
sample_01641.png,The image shows one large peach die with value four.,1,4,peach,large
sample_01644.png,This picture contains a medium peach die displaying one.,1,1,peach,medium
sample_01645.png,This picture contains a medium green die displaying five.,1,5,green,medium
sample_01646.png,This picture contains a small green die displaying five.,1,5,green,small
sample_01648.png,"The scene contains a medium white die showing six, a small red die showing six and a small blue die showing five.",3,6 6 5,white red blue,medium small small
sample_01649.png,"There are a medium purple die showing four, a small purple die showing one and a small white die showing five in the scene.",3,4 1 5,purple purple white,medium small small
sample_01650.png,There are a large yellow die showing five and a large purple die showing two in the scene.,2,5 2,yellow purple,large large
sample_01651.png,There are a small yellow die showing three and a medium red die showing five in the scene.,2,3 5,yellow red,small medium
sample_01652.png,The image shows a small peach die showing six and a medium green die showing three.,2,6 3,peach green,small medium
sample_01653.png,The image shows a medium green die showing one and a medium purple die showing two.,2,1 2,green purple,medium medium
sample_01654.png,"This picture contains a large peach die showing six, a medium green die showing four and a medium red die showing five.",3,6 4 5,peach green red,large medium medium
sample_01655.png,This picture contains a medium green die displaying one.,1,1,green,medium
sample_01656.png,"The scene contains a large blue die showing two, a medium white die showing five and a small red die showing six.",3,2 5 6,blue white red,large medium small
sample_01660.png,"This picture contains a medium red die showing six, a medium blue die showing four and a medium blue die showing one.",3,6 4 1,red blue blue,medium medium medium
sample_01661.png,The image shows a small red die showing one and a small yellow die showing five.,2,1 5,red yellow,small small
sample_01663.png,The image shows one large peach die with value six.,1,6,peach,large
sample_01664.png,A medium yellow die is shown with a value of one.,1,1,yellow,medium
sample_01665.png,A small yellow die is shown with a value of five.,1,5,yellow,small
sample_01666.png,"This picture contains a large green die showing three, a small blue die showing two and a small blue die showing three.",3,3 2 3,green blue blue,large small small
sample_01667.png,This picture contains a medium peach die showing three and a large blue die showing five.,2,3 5,peach blue,medium large
sample_01668.png,"The image shows a medium purple die showing two, a medium purple die showing two and a large green die showing one.",3,2 2 1,purple purple green,medium medium large
sample_01670.png,A small blue die is shown with a value of two.,1,2,blue,small
sample_01672.png,"This picture contains a medium peach die showing six, a medium blue die showing five and a medium white die showing three.",3,6 5 3,peach blue white,medium medium medium
sample_01673.png,There is one large blue die showing one.,1,1,blue,large
sample_01674.png,A small peach die is shown with a value of three.,1,3,peach,small
sample_01675.png,The scene contains a small green die showing six and a large peach die showing four.,2,6 4,green peach,small large
sample_01677.png,This picture contains a small green die displaying four.,1,4,green,small
sample_01678.png,"This picture contains a medium yellow die showing one, a large blue die showing two and a large blue die showing six.",3,1 2 6,yellow blue blue,medium large large
sample_01679.png,"This picture contains a medium blue die showing six, a large yellow die showing four and a medium white die showing three.",3,6 4 3,blue yellow white,medium large medium
sample_01680.png,"The image shows a medium blue die showing six, a small red die showing two and a medium red die showing five.",3,6 2 5,blue red red,medium small medium
sample_01681.png,There are a small peach die showing five and a small red die showing two in the scene.,2,5 2,peach red,small small
sample_01682.png,There is one small green die showing four.,1,4,green,small
sample_01683.png,A large peach die is shown with a value of four.,1,4,peach,large
sample_01686.png,This picture contains a medium white die displaying six.,1,6,white,medium
sample_01687.png,This picture contains 2 medium blue dice displaying one and three.,2,1 3,blue blue,medium medium
sample_01690.png,There is one medium green die showing one.,1,1,green,medium
sample_01691.png,The scene contains a large red die showing two and a large yellow die showing two.,2,2 2,red yellow,large large
sample_01692.png,This picture contains a large yellow die displaying one.,1,1,yellow,large
sample_01693.png,The image shows one medium yellow die with value five.,1,5,yellow,medium
sample_01694.png,"There are a large red die showing one, a large red die showing four and a large purple die showing three in the scene.",3,1 4 3,red red purple,large large large
sample_01696.png,There are a medium red die showing five and a medium green die showing six in the scene.,2,5 6,red green,medium medium
sample_01697.png,There are a large yellow die showing three and a medium blue die showing four in the scene.,2,3 4,yellow blue,large medium
sample_01698.png,The image shows a medium peach die showing five and a medium yellow die showing six.,2,5 6,peach yellow,medium medium
sample_01700.png,The image shows a medium peach die showing one and a medium green die showing five.,2,1 5,peach green,medium medium
sample_01701.png,There is one medium green die showing four.,1,4,green,medium
sample_01703.png,This picture contains a medium white die showing four and a medium yellow die showing five.,2,4 5,white yellow,medium medium
sample_01705.png,"The image shows a small white die showing one, a medium yellow die showing four and a small blue die showing one.",3,1 4 1,white yellow blue,small medium small
sample_01706.png,There is one medium yellow die showing three.,1,3,yellow,medium
sample_01707.png,"There are a medium blue die showing two, a medium white die showing six and a small yellow die showing two in the scene.",3,2 6 2,blue white yellow,medium medium small
sample_01709.png,The image shows one small blue die with value two.,1,2,blue,small
sample_01711.png,A large peach die is shown with a value of one.,1,1,peach,large
sample_01712.png,"This picture contains a medium yellow die showing one, a large white die showing four and a medium white die showing two.",3,1 4 2,yellow white white,medium large medium
sample_01713.png,A medium peach die is shown with a value of four.,1,4,peach,medium
sample_01715.png,"A scene with 2 medium red dice is shown, displaying three and six.",2,3 6,red red,medium medium
sample_01716.png,The image shows a small red die showing five and a small purple die showing six.,2,5 6,red purple,small small
sample_01718.png,A medium yellow die is shown with a value of three.,1,3,yellow,medium
sample_01719.png,"There are a large green die showing three, a small peach die showing one and a small purple die showing three in the scene.",3,3 1 3,green peach purple,large small small
sample_01721.png,This picture contains 2 small purple dice displaying six and two.,2,6 2,purple purple,small small
sample_01722.png,A small red die is shown with a value of five.,1,5,red,small
sample_01723.png,"There are a large green die showing five, a large green die showing six and a small blue die showing one in the scene.",3,5 6 1,green green blue,large large small
sample_01724.png,"There are a medium red die showing five, a medium red die showing five and a medium peach die showing five in the scene.",3,5 5 5,red red peach,medium medium medium
sample_01725.png,There are a large yellow die showing three and a small purple die showing two in the scene.,2,3 2,yellow purple,large small
sample_01726.png,This picture contains a large white die showing one and a large yellow die showing two.,2,1 2,white yellow,large large
sample_01727.png,A medium purple die is shown with a value of two.,1,2,purple,medium
sample_01728.png,The image shows one small purple die with value one.,1,1,purple,small
sample_01730.png,"There are a medium blue die showing six, a large blue die showing two and a medium purple die showing four in the scene.",3,6 2 4,blue blue purple,medium large medium
sample_01732.png,The image shows a large yellow die showing one and a large red die showing two.,2,1 2,yellow red,large large
sample_01733.png,"This picture contains a medium red die showing four, a large yellow die showing six and a medium yellow die showing five.",3,4 6 5,red yellow yellow,medium large medium
sample_01739.png,"There are a small peach die showing three, a small yellow die showing five and a medium purple die showing two in the scene.",3,3 5 2,peach yellow purple,small small medium
sample_01740.png,A small peach die is shown with a value of four.,1,4,peach,small
sample_01742.png,A small blue die is shown with a value of three.,1,3,blue,small
sample_01743.png,This picture contains a large red die displaying six.,1,6,red,large
sample_01744.png,The image shows a small red die showing one and a large purple die showing five.,2,1 5,red purple,small large
sample_01745.png,"This picture contains a medium green die showing four, a medium white die showing three and a small blue die showing five.",3,4 3 5,green white blue,medium medium small
sample_01746.png,The image shows one large peach die with value two.,1,2,peach,large
sample_01747.png,There is one medium white die showing three.,1,3,white,medium
sample_01749.png,"This picture contains a large peach die showing five, a small peach die showing six and a small white die showing four.",3,5 6 4,peach peach white,large small small
sample_01751.png,A small purple die is shown with a value of two.,1,2,purple,small
sample_01752.png,"The image shows a medium white die showing four, a large purple die showing four and a small purple die showing five.",3,4 4 5,white purple purple,medium large small
sample_01753.png,"The image shows a medium green die showing six, a large yellow die showing one and a large purple die showing four.",3,6 1 4,green yellow purple,medium large large
sample_01754.png,There are a medium green die showing four and a large green die showing two in the scene.,2,4 2,green green,medium large
sample_01755.png,The image shows a large yellow die showing three and a large blue die showing five.,2,3 5,yellow blue,large large
sample_01756.png,The image shows a medium yellow die showing four and a large peach die showing three.,2,4 3,yellow peach,medium large
sample_01757.png,"The image shows a small peach die showing one, a large red die showing six and a medium red die showing three.",3,1 6 3,peach red red,small large medium
sample_01760.png,There are 2 large green dice showing four and three.,2,4 3,green green,large large
sample_01761.png,This picture contains a small purple die displaying five.,1,5,purple,small
sample_01762.png,"The image shows a small green die showing three, a large peach die showing one and a medium peach die showing one.",3,3 1 1,green peach peach,small large medium
sample_01763.png,The image shows one small green die with value three.,1,3,green,small
sample_01765.png,"There are a small blue die showing three, a medium yellow die showing three and a large blue die showing one in the scene.",3,3 3 1,blue yellow blue,small medium large
sample_01766.png,This picture contains a medium purple die displaying three.,1,3,purple,medium
sample_01767.png,The image shows a large purple die showing three and a large white die showing six.,2,3 6,purple white,large large
sample_01768.png,The scene contains a medium red die showing two and a small peach die showing two.,2,2 2,red peach,medium small
sample_01770.png,There is one medium peach die showing three.,1,3,peach,medium
sample_01771.png,The image shows a small green die showing one and a large peach die showing six.,2,1 6,green peach,small large
sample_01772.png,This picture contains a small yellow die showing one and a large yellow die showing one.,2,1 1,yellow yellow,small large
sample_01773.png,This picture contains 2 medium peach dice displaying three and six.,2,3 6,peach peach,medium medium
sample_01775.png,"This picture contains a small blue die showing two, a small blue die showing two and a medium white die showing five.",3,2 2 5,blue blue white,small small medium
sample_01776.png,A medium green die is shown with a value of five.,1,5,green,medium
sample_01777.png,"The scene contains a small green die showing one, a small yellow die showing two and a small blue die showing two.",3,1 2 2,green yellow blue,small small small
sample_01778.png,This picture contains a small yellow die showing four and a small green die showing one.,2,4 1,yellow green,small small
sample_01780.png,A large purple die is shown with a value of four.,1,4,purple,large
sample_01781.png,"This picture contains a medium peach die showing five, a medium purple die showing three and a small green die showing five.",3,5 3 5,peach purple green,medium medium small
sample_01783.png,There is one small red die showing four.,1,4,red,small
sample_01785.png,"This picture contains a medium purple die showing one, a small peach die showing two and a medium yellow die showing three.",3,1 2 3,purple peach yellow,medium small medium
sample_01787.png,This picture contains a small purple die showing two and a medium green die showing five.,2,2 5,purple green,small medium
sample_01791.png,There are a medium white die showing five and a small yellow die showing four in the scene.,2,5 4,white yellow,medium small
sample_01792.png,There is one small red die showing four.,1,4,red,small
sample_01793.png,There are a medium peach die showing four and a medium green die showing five in the scene.,2,4 5,peach green,medium medium
sample_01795.png,"This picture contains a medium white die showing four, a medium red die showing four and a large green die showing four.",3,4 4 4,white red green,medium medium large
sample_01797.png,A small blue die is shown with a value of six.,1,6,blue,small
sample_01800.png,A medium purple die is shown with a value of two.,1,2,purple,medium
sample_01801.png,"The image shows a medium purple die showing three, a small green die showing one and a medium blue die showing three.",3,3 1 3,purple green blue,medium small medium
sample_01803.png,"The image shows a small white die showing six, a medium red die showing six and a small white die showing one.",3,6 6 1,white red white,small medium small
sample_01804.png,A large peach die is shown with a value of five.,1,5,peach,large
sample_01806.png,The image shows one medium yellow die with value one.,1,1,yellow,medium
sample_01807.png,"The image shows a small green die showing six, a large red die showing four and a medium red die showing five.",3,6 4 5,green red red,small large medium
sample_01808.png,The image shows one large green die with value six.,1,6,green,large
sample_01809.png,"The image shows a small red die showing six, a small red die showing four and a medium yellow die showing two.",3,6 4 2,red red yellow,small small medium
sample_01811.png,This picture contains a small purple die displaying five.,1,5,purple,small
sample_01814.png,There is one large white die showing two.,1,2,white,large
sample_01815.png,This picture contains a medium peach die displaying three.,1,3,peach,medium
sample_01816.png,"The scene contains a small yellow die showing four, a small peach die showing two and a small peach die showing three.",3,4 2 3,yellow peach peach,small small small
sample_01817.png,The image shows a small white die showing four and a medium green die showing four.,2,4 4,white green,small medium
sample_01819.png,This picture contains a medium white die showing three and a medium blue die showing three.,2,3 3,white blue,medium medium
sample_01820.png,There is one large purple die showing one.,1,1,purple,large
sample_01821.png,"The scene contains a small white die showing six, a medium yellow die showing two and a small white die showing two.",3,6 2 2,white yellow white,small medium small
sample_01822.png,There is one small green die showing one.,1,1,green,small
sample_01823.png,"There are a medium yellow die showing four, a small peach die showing four and a medium red die showing six in the scene.",3,4 4 6,yellow peach red,medium small medium
sample_01824.png,A large yellow die is shown with a value of two.,1,2,yellow,large
sample_01825.png,"The image shows a small yellow die showing two, a small yellow die showing two and a large peach die showing five.",3,2 2 5,yellow yellow peach,small small large
sample_01826.png,A large green die is shown with a value of three.,1,3,green,large
sample_01827.png,There is one large green die showing six.,1,6,green,large
sample_01828.png,"The scene contains a medium peach die showing four, a small yellow die showing three and a medium red die showing five.",3,4 3 5,peach yellow red,medium small medium
sample_01830.png,There is one large red die showing one.,1,1,red,large
sample_01831.png,There are a medium white die showing two and a large red die showing one in the scene.,2,2 1,white red,medium large
sample_01834.png,The image shows a large white die showing one and a medium yellow die showing four.,2,1 4,white yellow,large medium
sample_01835.png,There is one large white die showing one.,1,1,white,large
sample_01838.png,The image shows one small white die with value four.,1,4,white,small
sample_01841.png,The scene contains a medium yellow die showing one and a large green die showing one.,2,1 1,yellow green,medium large
sample_01845.png,The image shows one small red die with value three.,1,3,red,small
sample_01846.png,"The image shows a small blue die showing five, a medium green die showing five and a small green die showing one.",3,5 5 1,blue green green,small medium small
sample_01847.png,This picture contains a large green die displaying six.,1,6,green,large
sample_01849.png,There is one medium purple die showing two.,1,2,purple,medium
sample_01850.png,The scene contains a medium yellow die showing three and a medium green die showing four.,2,3 4,yellow green,medium medium
sample_01851.png,There is one large peach die showing one.,1,1,peach,large
sample_01852.png,The image shows one large red die with value four.,1,4,red,large
sample_01854.png,There are 2 small purple dice showing one and one.,2,1 1,purple purple,small small
sample_01855.png,"The image shows a large blue die showing two, a small yellow die showing six and a medium purple die showing two.",3,2 6 2,blue yellow purple,large small medium
sample_01856.png,This picture contains a small purple die showing three and a large red die showing one.,2,3 1,purple red,small large
sample_01857.png,There is one large red die showing six.,1,6,red,large
sample_01858.png,A small red die is shown with a value of five.,1,5,red,small
sample_01861.png,There are a medium green die showing one and a small yellow die showing five in the scene.,2,1 5,green yellow,medium small
sample_01862.png,This picture contains a medium blue die showing five and a large red die showing four.,2,5 4,blue red,medium large
sample_01863.png,"The scene contains a medium red die showing two, a large peach die showing one and a small peach die showing one.",3,2 1 1,red peach peach,medium large small
sample_01866.png,"This picture contains a large white die showing five, a small white die showing one and a large white die showing three.",3,5 1 3,white white white,large small large
sample_01867.png,This picture contains a large white die displaying two.,1,2,white,large
sample_01868.png,"This picture contains a medium purple die showing six, a medium peach die showing two and a medium blue die showing five.",3,6 2 5,purple peach blue,medium medium medium
sample_01869.png,"There are a large red die showing four, a small green die showing two and a large blue die showing three in the scene.",3,4 2 3,red green blue,large small large
sample_01870.png,There is one large peach die showing five.,1,5,peach,large
sample_01871.png,There is one medium blue die showing two.,1,2,blue,medium
sample_01873.png,"The scene contains a medium white die showing four, a small purple die showing four and a small red die showing two.",3,4 4 2,white purple red,medium small small
sample_01874.png,There are a large blue die showing five and a small peach die showing four in the scene.,2,5 4,blue peach,large small
sample_01875.png,"The scene contains a small purple die showing six, a small green die showing three and a small blue die showing six.",3,6 3 6,purple green blue,small small small
sample_01877.png,This picture contains a small peach die showing two and a large yellow die showing two.,2,2 2,peach yellow,small large
sample_01879.png,There are a medium white die showing six and a small yellow die showing six in the scene.,2,6 6,white yellow,medium small
sample_01880.png,This picture contains a small yellow die showing three and a medium red die showing four.,2,3 4,yellow red,small medium
sample_01882.png,The image shows a medium white die showing five and a medium red die showing six.,2,5 6,white red,medium medium
sample_01884.png,There are a medium peach die showing six and a large red die showing five in the scene.,2,6 5,peach red,medium large
sample_01888.png,"There are a medium purple die showing one, a small peach die showing one and a small yellow die showing six in the scene.",3,1 1 6,purple peach yellow,medium small small
sample_01889.png,The image shows one large white die with value one.,1,1,white,large
sample_01891.png,This picture contains a small green die displaying two.,1,2,green,small
sample_01892.png,There are a small peach die showing one and a medium purple die showing three in the scene.,2,1 3,peach purple,small medium
sample_01893.png,"There are a large white die showing three, a large yellow die showing five and a medium red die showing six in the scene.",3,3 5 6,white yellow red,large large medium
sample_01894.png,The image shows one small green die with value one.,1,1,green,small
sample_01895.png,The image shows a large blue die showing five and a large white die showing six.,2,5 6,blue white,large large
sample_01896.png,This picture contains a large green die displaying one.,1,1,green,large
sample_01897.png,The image shows one large green die with value four.,1,4,green,large
sample_01899.png,"The scene contains a large yellow die showing one, a small yellow die showing two and a small yellow die showing four.",3,1 2 4,yellow yellow yellow,large small small
sample_01900.png,There are a large red die showing six and a small red die showing four in the scene.,2,6 4,red red,large small
sample_01905.png,This picture contains a large white die displaying six.,1,6,white,large
sample_01906.png,A large peach die is shown with a value of six.,1,6,peach,large
sample_01907.png,There is one small yellow die showing six.,1,6,yellow,small
sample_01908.png,This picture contains a small red die displaying five.,1,5,red,small
sample_01909.png,The image shows one large white die with value two.,1,2,white,large
sample_01910.png,"The scene contains a medium purple die showing three, a medium blue die showing three and a medium purple die showing six.",3,3 3 6,purple blue purple,medium medium medium
sample_01912.png,"There are a small white die showing two, a small white die showing one and a large yellow die showing one in the scene.",3,2 1 1,white white yellow,small small large
sample_01913.png,This picture contains a large yellow die displaying two.,1,2,yellow,large
sample_01915.png,"There are a medium blue die showing six, a medium purple die showing three and a medium yellow die showing six in the scene.",3,6 3 6,blue purple yellow,medium medium medium
sample_01916.png,"This picture contains a medium peach die showing two, a small blue die showing four and a small purple die showing four.",3,2 4 4,peach blue purple,medium small small
sample_01917.png,The scene contains a large red die showing six and a large white die showing six.,2,6 6,red white,large large
sample_01919.png,There are a small purple die showing three and a large red die showing four in the scene.,2,3 4,purple red,small large
sample_01920.png,The image shows one medium white die with value two.,1,2,white,medium
sample_01922.png,"There are a small yellow die showing three, a medium red die showing four and a medium green die showing four in the scene.",3,3 4 4,yellow red green,small medium medium
sample_01925.png,"The scene contains a small white die showing two, a medium blue die showing six and a small peach die showing four.",3,2 6 4,white blue peach,small medium small
sample_01928.png,"The scene contains a small yellow die showing one, a medium blue die showing four and a large purple die showing five.",3,1 4 5,yellow blue purple,small medium large
sample_01929.png,"The scene contains a medium red die showing three, a small blue die showing five and a medium white die showing three.",3,3 5 3,red blue white,medium small medium
sample_01932.png,The scene contains a small yellow die showing four and a small purple die showing four.,2,4 4,yellow purple,small small
sample_01933.png,"The scene contains a medium peach die showing two, a small purple die showing two and a large blue die showing three.",3,2 2 3,peach purple blue,medium small large
sample_01934.png,A medium purple die is shown with a value of six.,1,6,purple,medium
sample_01935.png,The image shows one large purple die with value four.,1,4,purple,large
sample_01938.png,This picture contains a medium blue die showing three and a small white die showing two.,2,3 2,blue white,medium small
sample_01939.png,"The scene contains a small peach die showing six, a large peach die showing three and a large green die showing four.",3,6 3 4,peach peach green,small large large
sample_01940.png,"The image shows a medium green die showing three, a small red die showing three and a large red die showing three.",3,3 3 3,green red red,medium small large
sample_01941.png,A small white die is shown with a value of six.,1,6,white,small
sample_01942.png,This picture contains 2 medium purple dice displaying two and four.,2,2 4,purple purple,medium medium
sample_01943.png,The image shows a medium blue die showing five and a medium purple die showing six.,2,5 6,blue purple,medium medium
sample_01944.png,The scene contains a large peach die showing four and a small green die showing one.,2,4 1,peach green,large small
sample_01945.png,A small white die is shown with a value of three.,1,3,white,small
sample_01947.png,The image shows a large red die showing five and a large purple die showing two.,2,5 2,red purple,large large
sample_01948.png,The image shows one small yellow die with value two.,1,2,yellow,small
sample_01949.png,This picture contains a large purple die displaying two.,1,2,purple,large
sample_01950.png,"The scene contains a large red die showing five, a large purple die showing four and a small red die showing two.",3,5 4 2,red purple red,large large small
sample_01951.png,The image shows a medium white die showing five and a small yellow die showing one.,2,5 1,white yellow,medium small
sample_01952.png,"There are a small white die showing one, a medium yellow die showing five and a large green die showing six in the scene.",3,1 5 6,white yellow green,small medium large
sample_01953.png,This picture contains a small peach die displaying one.,1,1,peach,small
sample_01954.png,This picture contains a large peach die showing four and a medium blue die showing four.,2,4 4,peach blue,large medium
sample_01955.png,"This picture contains a small white die showing four, a large peach die showing five and a medium yellow die showing two.",3,4 5 2,white peach yellow,small large medium
sample_01956.png,"There are a large green die showing six, a medium peach die showing two and a medium blue die showing two in the scene.",3,6 2 2,green peach blue,large medium medium
sample_01957.png,There are a small red die showing one and a small green die showing one in the scene.,2,1 1,red green,small small
sample_01958.png,There are a small peach die showing six and a large yellow die showing two in the scene.,2,6 2,peach yellow,small large
sample_01963.png,This picture contains a medium peach die displaying one.,1,1,peach,medium
sample_01966.png,The scene contains a medium red die showing four and a medium yellow die showing two.,2,4 2,red yellow,medium medium
sample_01967.png,This picture contains a medium peach die displaying four.,1,4,peach,medium
sample_01968.png,The scene contains a large red die showing six and a small yellow die showing two.,2,6 2,red yellow,large small
sample_01970.png,"This picture contains a small green die showing two, a small white die showing three and a large purple die showing six.",3,2 3 6,green white purple,small small large
sample_01971.png,"The scene contains a small blue die showing six, a medium yellow die showing one and a small red die showing four.",3,6 1 4,blue yellow red,small medium small
sample_01973.png,There is one small green die showing four.,1,4,green,small
sample_01974.png,The image shows a small peach die showing two and a small yellow die showing four.,2,2 4,peach yellow,small small
sample_01975.png,This picture contains a large purple die showing six and a small blue die showing four.,2,6 4,purple blue,large small
sample_01976.png,The scene contains a medium red die showing four and a large blue die showing three.,2,4 3,red blue,medium large
sample_01977.png,"The scene contains a large peach die showing four, a small white die showing four and a large green die showing four.",3,4 4 4,peach white green,large small large
sample_01978.png,This picture contains a small blue die showing four and a large green die showing three.,2,4 3,blue green,small large
sample_01979.png,This picture contains a medium white die displaying three.,1,3,white,medium
sample_01980.png,"The scene contains a small peach die showing six, a medium red die showing four and a large purple die showing six.",3,6 4 6,peach red purple,small medium large
sample_01981.png,There are a small yellow die showing six and a medium yellow die showing six in the scene.,2,6 6,yellow yellow,small medium
sample_01982.png,A large peach die is shown with a value of two.,1,2,peach,large
sample_01983.png,This picture contains a medium green die showing four and a medium yellow die showing five.,2,4 5,green yellow,medium medium
sample_01986.png,"This picture contains a small green die showing two, a medium green die showing one and a large white die showing three.",3,2 1 3,green green white,small medium large
sample_01987.png,This picture contains a small peach die showing one and a medium peach die showing four.,2,1 4,peach peach,small medium
sample_01989.png,There is one medium white die showing two.,1,2,white,medium
sample_01991.png,The image shows one small blue die with value five.,1,5,blue,small
sample_01992.png,The image shows one large white die with value six.,1,6,white,large
sample_01993.png,The image shows one medium white die with value three.,1,3,white,medium
sample_01994.png,This picture contains a large blue die displaying four.,1,4,blue,large
sample_01995.png,"There are a medium peach die showing four, a medium peach die showing two and a large purple die showing one in the scene.",3,4 2 1,peach peach purple,medium medium large
sample_01997.png,There is one large blue die showing four.,1,4,blue,large
sample_01998.png,The image shows a small yellow die showing five and a medium white die showing five.,2,5 5,yellow white,small medium
sample_01999.png,The image shows a medium purple die showing four and a small peach die showing two.,2,4 2,purple peach,medium small
sample_02001.png,This picture contains a large white die showing six and a medium peach die showing one.,2,6 1,white peach,large medium
sample_02004.png,There is one large yellow die showing four.,1,4,yellow,large
sample_02005.png,There are a medium peach die showing two and a large peach die showing one in the scene.,2,2 1,peach peach,medium large
sample_02006.png,The scene contains a large red die showing six and a small white die showing one.,2,6 1,red white,large small
sample_02007.png,This picture contains a small white die showing six and a large purple die showing two.,2,6 2,white purple,small large
sample_02008.png,"A scene with 2 small blue dice is shown, displaying four and six.",2,4 6,blue blue,small small
sample_02010.png,The scene contains a large yellow die showing one and a large green die showing three.,2,1 3,yellow green,large large
sample_02011.png,This picture contains a small red die displaying six.,1,6,red,small
sample_02012.png,The image shows a small peach die showing two and a small white die showing three.,2,2 3,peach white,small small
sample_02013.png,The image shows a medium purple die showing five and a large yellow die showing four.,2,5 4,purple yellow,medium large
sample_02015.png,"There are a medium blue die showing six, a medium yellow die showing six and a small white die showing six in the scene.",3,6 6 6,blue yellow white,medium medium small
sample_02016.png,"The scene contains a large yellow die showing four, a medium green die showing six and a medium green die showing six.",3,4 6 6,yellow green green,large medium medium
sample_02018.png,There is one medium green die showing two.,1,2,green,medium
sample_02019.png,"There are a small white die showing four, a medium white die showing one and a medium purple die showing five in the scene.",3,4 1 5,white white purple,small medium medium
sample_02020.png,There is one medium purple die showing one.,1,1,purple,medium
sample_02021.png,The scene contains a medium purple die showing six and a large yellow die showing two.,2,6 2,purple yellow,medium large
sample_02023.png,"This picture contains a small white die showing six, a medium purple die showing two and a small green die showing four.",3,6 2 4,white purple green,small medium small
sample_02024.png,The image shows a medium blue die showing six and a small yellow die showing three.,2,6 3,blue yellow,medium small
sample_02025.png,This picture contains a medium peach die displaying four.,1,4,peach,medium
sample_02026.png,"The image shows a small green die showing two, a large peach die showing three and a small blue die showing five.",3,2 3 5,green peach blue,small large small
sample_02027.png,"The scene contains a small yellow die showing two, a medium white die showing four and a small purple die showing six.",3,2 4 6,yellow white purple,small medium small
sample_02028.png,This picture contains a medium green die showing three and a medium blue die showing three.,2,3 3,green blue,medium medium
sample_02029.png,There is one small peach die showing three.,1,3,peach,small
sample_02030.png,"The image shows a medium purple die showing five, a large purple die showing four and a small red die showing five.",3,5 4 5,purple purple red,medium large small
sample_02031.png,A small red die is shown with a value of one.,1,1,red,small
sample_02032.png,"The image shows a medium purple die showing five, a large green die showing three and a large purple die showing one.",3,5 3 1,purple green purple,medium large large
sample_02033.png,There is one small peach die showing one.,1,1,peach,small
sample_02034.png,"The image shows a large peach die showing four, a medium white die showing five and a medium white die showing two.",3,4 5 2,peach white white,large medium medium
sample_02035.png,The image shows one large red die with value two.,1,2,red,large
sample_02036.png,This picture contains a small peach die showing one and a medium white die showing five.,2,1 5,peach white,small medium
sample_02038.png,The scene contains a medium green die showing one and a medium peach die showing five.,2,1 5,green peach,medium medium
sample_02039.png,There are a small purple die showing six and a small white die showing five in the scene.,2,6 5,purple white,small small
sample_02042.png,"This picture contains a large blue die showing three, a medium purple die showing four and a large green die showing six.",3,3 4 6,blue purple green,large medium large
sample_02045.png,"The image shows a small green die showing three, a medium yellow die showing one and a small yellow die showing six.",3,3 1 6,green yellow yellow,small medium small
sample_02047.png,"There are a small red die showing six, a medium blue die showing one and a large yellow die showing one in the scene.",3,6 1 1,red blue yellow,small medium large
sample_02048.png,There is one large white die showing three.,1,3,white,large
sample_02050.png,"There are a small purple die showing six, a small peach die showing two and a medium peach die showing five in the scene.",3,6 2 5,purple peach peach,small small medium
sample_02051.png,There is one medium yellow die showing three.,1,3,yellow,medium
sample_02052.png,The image shows a medium red die showing three and a small purple die showing two.,2,3 2,red purple,medium small
sample_02053.png,"The scene contains a medium purple die showing one, a medium blue die showing one and a medium white die showing one.",3,1 1 1,purple blue white,medium medium medium
sample_02054.png,"There are a large purple die showing one, a large blue die showing five and a small purple die showing three in the scene.",3,1 5 3,purple blue purple,large large small
sample_02055.png,There is one large peach die showing five.,1,5,peach,large
sample_02058.png,"The image shows a medium peach die showing two, a small peach die showing four and a medium red die showing three.",3,2 4 3,peach peach red,medium small medium
sample_02059.png,This picture contains a medium purple die showing five and a medium green die showing six.,2,5 6,purple green,medium medium
sample_02061.png,"There are a medium white die showing six, a small green die showing five and a large yellow die showing five in the scene.",3,6 5 5,white green yellow,medium small large
sample_02063.png,The image shows a small yellow die showing one and a small purple die showing two.,2,1 2,yellow purple,small small
sample_02064.png,This picture contains a medium yellow die showing six and a medium green die showing three.,2,6 3,yellow green,medium medium
sample_02067.png,"The scene contains a small white die showing five, a large yellow die showing three and a medium yellow die showing four.",3,5 3 4,white yellow yellow,small large medium
sample_02069.png,The image shows one medium blue die with value two.,1,2,blue,medium
sample_02070.png,"This picture contains a small purple die showing six, a large purple die showing four and a small white die showing two.",3,6 4 2,purple purple white,small large small
sample_02071.png,The scene contains a medium white die showing six and a medium green die showing three.,2,6 3,white green,medium medium
sample_02072.png,"There are a small white die showing two, a large blue die showing one and a large red die showing four in the scene.",3,2 1 4,white blue red,small large large
sample_02075.png,"There are a small yellow die showing four, a medium white die showing two and a small peach die showing two in the scene.",3,4 2 2,yellow white peach,small medium small
sample_02077.png,"There are a small yellow die showing four, a small red die showing five and a small blue die showing one in the scene.",3,4 5 1,yellow red blue,small small small
sample_02079.png,This picture contains a large green die displaying three.,1,3,green,large
sample_02080.png,"The image shows a small white die showing four, a medium red die showing three and a small peach die showing three.",3,4 3 3,white red peach,small medium small
sample_02081.png,There is one medium purple die showing three.,1,3,purple,medium
sample_02082.png,"There are a medium green die showing three, a small red die showing two and a medium yellow die showing one in the scene.",3,3 2 1,green red yellow,medium small medium
sample_02083.png,The image shows one small peach die with value four.,1,4,peach,small
sample_02085.png,There are a medium green die showing one and a medium peach die showing three in the scene.,2,1 3,green peach,medium medium
sample_02087.png,There are a medium peach die showing three and a medium yellow die showing one in the scene.,2,3 1,peach yellow,medium medium
sample_02088.png,A small white die is shown with a value of four.,1,4,white,small
sample_02089.png,The image shows a large red die showing six and a large white die showing six.,2,6 6,red white,large large
sample_02090.png,A large red die is shown with a value of three.,1,3,red,large
sample_02092.png,There are a small peach die showing six and a small blue die showing five in the scene.,2,6 5,peach blue,small small
sample_02094.png,"The image shows a small red die showing four, a small peach die showing one and a medium green die showing four.",3,4 1 4,red peach green,small small medium
sample_02095.png,There are a large white die showing three and a small red die showing one in the scene.,2,3 1,white red,large small
sample_02096.png,The image shows 2 large peach dice with values four and five.,2,4 5,peach peach,large large
sample_02097.png,The scene contains a small peach die showing four and a medium red die showing five.,2,4 5,peach red,small medium
sample_02098.png,"The scene contains a medium peach die showing four, a large purple die showing five and a large purple die showing four.",3,4 5 4,peach purple purple,medium large large
sample_02100.png,"The image shows a medium red die showing three, a large green die showing six and a large white die showing five.",3,3 6 5,red green white,medium large large
sample_02101.png,The image shows one medium purple die with value five.,1,5,purple,medium
sample_02102.png,"There are a medium peach die showing four, a small purple die showing two and a medium red die showing three in the scene.",3,4 2 3,peach purple red,medium small medium
sample_02103.png,A large blue die is shown with a value of two.,1,2,blue,large
sample_02104.png,The scene contains a large blue die showing one and a small green die showing four.,2,1 4,blue green,large small
sample_02105.png,The image shows a medium green die showing one and a small yellow die showing one.,2,1 1,green yellow,medium small
sample_02106.png,The image shows a small blue die showing three and a small purple die showing two.,2,3 2,blue purple,small small
sample_02107.png,There is one medium peach die showing three.,1,3,peach,medium
sample_02108.png,"The image shows a large blue die showing five, a medium yellow die showing one and a small red die showing five.",3,5 1 5,blue yellow red,large medium small
sample_02109.png,"The image shows a large blue die showing five, a large green die showing five and a large peach die showing four.",3,5 5 4,blue green peach,large large large
sample_02110.png,There are a small green die showing six and a medium red die showing six in the scene.,2,6 6,green red,small medium
sample_02111.png,A large peach die is shown with a value of one.,1,1,peach,large
sample_02112.png,There are a medium purple die showing three and a large green die showing three in the scene.,2,3 3,purple green,medium large
sample_02115.png,"The image shows a small blue die showing one, a large red die showing six and a medium blue die showing four.",3,1 6 4,blue red blue,small large medium
sample_02116.png,The image shows a small white die showing five and a small peach die showing five.,2,5 5,white peach,small small
sample_02117.png,"This picture contains a small green die showing three, a small peach die showing six and a large white die showing six.",3,3 6 6,green peach white,small small large
sample_02118.png,A large purple die is shown with a value of four.,1,4,purple,large
sample_02120.png,"The image shows a small white die showing four, a large blue die showing three and a small blue die showing six.",3,4 3 6,white blue blue,small large small
sample_02122.png,"The image shows a large peach die showing two, a medium peach die showing two and a small white die showing two.",3,2 2 2,peach peach white,large medium small
sample_02123.png,This picture contains a large green die showing one and a medium yellow die showing six.,2,1 6,green yellow,large medium
sample_02126.png,This picture contains a large red die displaying three.,1,3,red,large
sample_02132.png,"The scene contains a small purple die showing four, a large yellow die showing five and a medium white die showing one.",3,4 5 1,purple yellow white,small large medium
sample_02134.png,A large yellow die is shown with a value of one.,1,1,yellow,large
sample_02135.png,"There are a large yellow die showing four, a small purple die showing six and a medium green die showing one in the scene.",3,4 6 1,yellow purple green,large small medium
sample_02136.png,A large yellow die is shown with a value of five.,1,5,yellow,large
sample_02138.png,"This picture contains a medium green die showing five, a large blue die showing one and a large red die showing five.",3,5 1 5,green blue red,medium large large
sample_02139.png,The image shows 2 medium red dice with values two and two.,2,2 2,red red,medium medium
sample_02140.png,A small blue die is shown with a value of one.,1,1,blue,small
sample_02141.png,A large green die is shown with a value of six.,1,6,green,large
sample_02142.png,"There are a large blue die showing three, a medium green die showing one and a medium green die showing two in the scene.",3,3 1 2,blue green green,large medium medium
sample_02144.png,"There are a small blue die showing four, a large white die showing four and a large red die showing two in the scene.",3,4 4 2,blue white red,small large large
sample_02145.png,"This picture contains a medium peach die showing three, a small red die showing three and a small peach die showing four.",3,3 3 4,peach red peach,medium small small
sample_02146.png,"There are a large red die showing six, a small purple die showing one and a large yellow die showing one in the scene.",3,6 1 1,red purple yellow,large small large
sample_02147.png,The image shows one large blue die with value six.,1,6,blue,large
sample_02148.png,There are a medium red die showing two and a medium peach die showing three in the scene.,2,2 3,red peach,medium medium
sample_02151.png,"There are a large green die showing three, a medium purple die showing five and a medium purple die showing three in the scene.",3,3 5 3,green purple purple,large medium medium
sample_02152.png,The image shows one medium purple die with value five.,1,5,purple,medium
sample_02154.png,"This picture contains a large blue die showing five, a large green die showing five and a medium green die showing six.",3,5 5 6,blue green green,large large medium
sample_02155.png,"The image shows a large blue die showing three, a large purple die showing two and a medium purple die showing three.",3,3 2 3,blue purple purple,large large medium
sample_02156.png,The image shows a large red die showing three and a large blue die showing six.,2,3 6,red blue,large large
sample_02157.png,A large green die is shown with a value of five.,1,5,green,large
sample_02158.png,"This picture contains a small blue die showing three, a small blue die showing six and a small red die showing two.",3,3 6 2,blue blue red,small small small
sample_02159.png,The image shows a small yellow die showing one and a large red die showing five.,2,1 5,yellow red,small large
sample_02162.png,There is one medium blue die showing two.,1,2,blue,medium
sample_02165.png,The scene contains a large peach die showing two and a small green die showing five.,2,2 5,peach green,large small
sample_02166.png,This picture contains a small blue die showing one and a small green die showing three.,2,1 3,blue green,small small
sample_02168.png,The image shows a small peach die showing five and a medium yellow die showing two.,2,5 2,peach yellow,small medium
sample_02169.png,This picture contains a medium green die showing four and a large purple die showing one.,2,4 1,green purple,medium large
sample_02171.png,A medium green die is shown with a value of three.,1,3,green,medium
sample_02172.png,The scene contains a medium purple die showing three and a medium green die showing four.,2,3 4,purple green,medium medium
sample_02174.png,"The image shows a small yellow die showing five, a medium white die showing two and a large peach die showing three.",3,5 2 3,yellow white peach,small medium large
sample_02175.png,"The image shows a medium yellow die showing one, a small blue die showing six and a small yellow die showing six.",3,1 6 6,yellow blue yellow,medium small small
sample_02177.png,There is one medium red die showing five.,1,5,red,medium
sample_02179.png,"This picture contains a small white die showing four, a medium white die showing two and a small green die showing four.",3,4 2 4,white white green,small medium small
sample_02183.png,"This picture contains a small blue die showing five, a large green die showing four and a small white die showing three.",3,5 4 3,blue green white,small large small
sample_02184.png,There are a medium yellow die showing three and a small peach die showing six in the scene.,2,3 6,yellow peach,medium small
sample_02185.png,There are a large yellow die showing five and a small peach die showing two in the scene.,2,5 2,yellow peach,large small
sample_02187.png,This picture contains a large purple die showing three and a small purple die showing four.,2,3 4,purple purple,large small
sample_02188.png,The scene contains a small yellow die showing three and a medium peach die showing three.,2,3 3,yellow peach,small medium
sample_02189.png,The image shows a medium purple die showing three and a small green die showing three.,2,3 3,purple green,medium small
sample_02190.png,"This picture contains a medium purple die showing two, a small yellow die showing two and a medium peach die showing one.",3,2 2 1,purple yellow peach,medium small medium
sample_02191.png,A large white die is shown with a value of two.,1,2,white,large
sample_02192.png,The image shows a small peach die showing three and a medium yellow die showing one.,2,3 1,peach yellow,small medium
sample_02194.png,"The scene contains a small blue die showing two, a medium red die showing six and a medium blue die showing three.",3,2 6 3,blue red blue,small medium medium
sample_02196.png,A large blue die is shown with a value of three.,1,3,blue,large
sample_02198.png,A small purple die is shown with a value of one.,1,1,purple,small
sample_02201.png,The scene contains a small green die showing six and a large peach die showing five.,2,6 5,green peach,small large
sample_02202.png,A large yellow die is shown with a value of five.,1,5,yellow,large
sample_02203.png,There is one small blue die showing two.,1,2,blue,small
sample_02204.png,The scene contains a large white die showing one and a medium yellow die showing four.,2,1 4,white yellow,large medium
sample_02205.png,"The scene contains a medium purple die showing four, a small red die showing six and a medium purple die showing one.",3,4 6 1,purple red purple,medium small medium
sample_02206.png,"This picture contains a small white die showing one, a large yellow die showing one and a medium purple die showing two.",3,1 1 2,white yellow purple,small large medium
sample_02207.png,"The image shows a small green die showing two, a large peach die showing four and a large green die showing four.",3,2 4 4,green peach green,small large large
sample_02213.png,This picture contains a small white die showing two and a medium white die showing one.,2,2 1,white white,small medium
sample_02215.png,The image shows one medium red die with value three.,1,3,red,medium
sample_02216.png,A large blue die is shown with a value of three.,1,3,blue,large
sample_02217.png,The image shows a medium yellow die showing two and a medium white die showing two.,2,2 2,yellow white,medium medium
sample_02219.png,This picture contains a large white die showing three and a medium green die showing two.,2,3 2,white green,large medium
sample_02220.png,This picture contains a medium white die displaying three.,1,3,white,medium
sample_02222.png,There is one large peach die showing three.,1,3,peach,large
sample_02223.png,"This picture contains a medium yellow die showing four, a small yellow die showing one and a medium white die showing five.",3,4 1 5,yellow yellow white,medium small medium
sample_02228.png,A large red die is shown with a value of three.,1,3,red,large
sample_02229.png,This picture contains a small white die showing six and a large red die showing two.,2,6 2,white red,small large
sample_02230.png,This picture contains a medium red die displaying six.,1,6,red,medium
sample_02231.png,A small white die is shown with a value of three.,1,3,white,small
sample_02234.png,"This picture contains a medium red die showing two, a large purple die showing six and a large peach die showing one.",3,2 6 1,red purple peach,medium large large
sample_02235.png,There is one large yellow die showing one.,1,1,yellow,large
sample_02236.png,A large red die is shown with a value of five.,1,5,red,large
sample_02239.png,There is one large purple die showing six.,1,6,purple,large
sample_02242.png,There is one large blue die showing four.,1,4,blue,large
sample_02243.png,There are a medium purple die showing one and a small purple die showing five in the scene.,2,1 5,purple purple,medium small
sample_02245.png,The image shows a medium blue die showing two and a small peach die showing one.,2,2 1,blue peach,medium small
sample_02246.png,"The scene contains a large white die showing four, a large yellow die showing six and a small white die showing three.",3,4 6 3,white yellow white,large large small
sample_02247.png,"The scene contains a medium peach die showing two, a small yellow die showing three and a medium blue die showing two.",3,2 3 2,peach yellow blue,medium small medium
sample_02248.png,The scene contains a large green die showing two and a large red die showing two.,2,2 2,green red,large large
sample_02249.png,The image shows one small blue die with value four.,1,4,blue,small
sample_02250.png,This picture contains a medium green die displaying five.,1,5,green,medium
sample_02251.png,The scene contains a large peach die showing two and a large white die showing one.,2,2 1,peach white,large large
sample_02253.png,There are a large peach die showing two and a medium red die showing five in the scene.,2,2 5,peach red,large medium
sample_02254.png,The scene contains a medium red die showing one and a small green die showing five.,2,1 5,red green,medium small
sample_02257.png,"There are a large peach die showing six, a large red die showing three and a small peach die showing six in the scene.",3,6 3 6,peach red peach,large large small
sample_02258.png,"This picture contains a small purple die showing four, a medium blue die showing one and a large white die showing one.",3,4 1 1,purple blue white,small medium large
sample_02259.png,A medium yellow die is shown with a value of four.,1,4,yellow,medium
sample_02260.png,"The scene contains a small white die showing six, a medium blue die showing three and a small white die showing three.",3,6 3 3,white blue white,small medium small
sample_02261.png,There are a large blue die showing four and a medium purple die showing one in the scene.,2,4 1,blue purple,large medium
sample_02262.png,"This picture contains a medium yellow die showing three, a large purple die showing two and a medium red die showing one.",3,3 2 1,yellow purple red,medium large medium
sample_02263.png,This picture contains a medium purple die showing six and a large purple die showing six.,2,6 6,purple purple,medium large
sample_02265.png,"The scene contains a medium yellow die showing four, a medium purple die showing four and a medium blue die showing one.",3,4 4 1,yellow purple blue,medium medium medium
sample_02266.png,There is one small purple die showing five.,1,5,purple,small
sample_02267.png,The scene contains a large white die showing two and a small green die showing five.,2,2 5,white green,large small
sample_02268.png,This picture contains 2 small purple dice displaying one and six.,2,1 6,purple purple,small small
sample_02269.png,"The image shows a large yellow die showing six, a medium yellow die showing one and a large blue die showing one.",3,6 1 1,yellow yellow blue,large medium large
sample_02271.png,The image shows a medium green die showing three and a medium white die showing one.,2,3 1,green white,medium medium
sample_02272.png,The scene contains a small yellow die showing five and a medium yellow die showing one.,2,5 1,yellow yellow,small medium
sample_02273.png,"There are a small green die showing five, a medium yellow die showing five and a large purple die showing two in the scene.",3,5 5 2,green yellow purple,small medium large
sample_02274.png,This picture contains a large purple die showing one and a medium blue die showing three.,2,1 3,purple blue,large medium
sample_02275.png,The image shows a medium yellow die showing two and a small yellow die showing four.,2,2 4,yellow yellow,medium small
sample_02276.png,This picture contains 2 small purple dice displaying one and six.,2,1 6,purple purple,small small
sample_02279.png,This picture contains a medium red die showing three and a large purple die showing three.,2,3 3,red purple,medium large
sample_02280.png,There is one small red die showing one.,1,1,red,small
sample_02281.png,There is one medium white die showing five.,1,5,white,medium
sample_02282.png,The image shows a medium purple die showing two and a large yellow die showing five.,2,2 5,purple yellow,medium large
sample_02283.png,"There are a small blue die showing four, a small yellow die showing four and a large green die showing five in the scene.",3,4 4 5,blue yellow green,small small large
sample_02285.png,"This picture contains a medium white die showing four, a medium peach die showing one and a large purple die showing five.",3,4 1 5,white peach purple,medium medium large
sample_02286.png,A medium red die is shown with a value of four.,1,4,red,medium
sample_02288.png,There is one large purple die showing two.,1,2,purple,large
sample_02289.png,A large red die is shown with a value of three.,1,3,red,large
sample_02290.png,The image shows a large purple die showing five and a medium yellow die showing four.,2,5 4,purple yellow,large medium
sample_02291.png,"This picture contains a small yellow die showing four, a large purple die showing one and a small yellow die showing one.",3,4 1 1,yellow purple yellow,small large small
sample_02293.png,The image shows a medium peach die showing three and a medium yellow die showing two.,2,3 2,peach yellow,medium medium
sample_02294.png,This picture contains a large green die displaying two.,1,2,green,large
sample_02295.png,"There are a small white die showing five, a medium yellow die showing one and a small blue die showing two in the scene.",3,5 1 2,white yellow blue,small medium small
sample_02296.png,The image shows one medium white die with value two.,1,2,white,medium
sample_02297.png,The scene contains a large yellow die showing three and a small purple die showing two.,2,3 2,yellow purple,large small
sample_02298.png,A large red die is shown with a value of one.,1,1,red,large
sample_02299.png,"There are a medium white die showing two, a small peach die showing one and a medium green die showing five in the scene.",3,2 1 5,white peach green,medium small medium
sample_02301.png,The image shows one large purple die with value one.,1,1,purple,large
sample_02302.png,This picture contains a medium purple die showing five and a small peach die showing three.,2,5 3,purple peach,medium small
sample_02303.png,The image shows a small peach die showing one and a medium green die showing two.,2,1 2,peach green,small medium
sample_02304.png,There is one small peach die showing four.,1,4,peach,small
sample_02305.png,The scene contains a large white die showing six and a medium purple die showing four.,2,6 4,white purple,large medium
sample_02307.png,The scene contains a large white die showing five and a small yellow die showing five.,2,5 5,white yellow,large small
sample_02308.png,"This picture contains a medium yellow die showing one, a medium red die showing six and a small peach die showing four.",3,1 6 4,yellow red peach,medium medium small
sample_02312.png,A medium blue die is shown with a value of four.,1,4,blue,medium
sample_02314.png,A large red die is shown with a value of five.,1,5,red,large
sample_02315.png,"The scene contains a large white die showing one, a small peach die showing two and a small purple die showing three.",3,1 2 3,white peach purple,large small small
sample_02316.png,The scene contains a small red die showing one and a medium yellow die showing six.,2,1 6,red yellow,small medium
sample_02317.png,There are a small white die showing four and a large blue die showing one in the scene.,2,4 1,white blue,small large
sample_02318.png,This picture contains a medium yellow die showing five and a large white die showing one.,2,5 1,yellow white,medium large
sample_02319.png,The image shows one large yellow die with value five.,1,5,yellow,large
sample_02320.png,"This picture contains a large yellow die showing five, a medium peach die showing three and a large purple die showing one.",3,5 3 1,yellow peach purple,large medium large
sample_02321.png,The image shows one large red die with value four.,1,4,red,large
sample_02322.png,The scene contains a small red die showing two and a large peach die showing five.,2,2 5,red peach,small large
sample_02323.png,A large white die is shown with a value of four.,1,4,white,large
sample_02324.png,There are a large yellow die showing five and a large red die showing one in the scene.,2,5 1,yellow red,large large
sample_02325.png,A small red die is shown with a value of five.,1,5,red,small
sample_02327.png,A small red die is shown with a value of two.,1,2,red,small
sample_02328.png,"There are a medium white die showing one, a large purple die showing one and a large green die showing three in the scene.",3,1 1 3,white purple green,medium large large
sample_02329.png,There is one large peach die showing six.,1,6,peach,large
sample_02330.png,"This picture contains a large blue die showing five, a small yellow die showing four and a medium green die showing five.",3,5 4 5,blue yellow green,large small medium
sample_02331.png,The image shows one large blue die with value four.,1,4,blue,large
sample_02332.png,The image shows one small green die with value four.,1,4,green,small
sample_02333.png,"There are a small peach die showing six, a small blue die showing three and a medium yellow die showing three in the scene.",3,6 3 3,peach blue yellow,small small medium
sample_02334.png,The scene contains a large red die showing two and a medium red die showing four.,2,2 4,red red,large medium
sample_02335.png,"There are a large yellow die showing three, a small red die showing four and a small red die showing five in the scene.",3,3 4 5,yellow red red,large small small
sample_02336.png,There are a small blue die showing three and a small red die showing two in the scene.,2,3 2,blue red,small small
sample_02337.png,The image shows a medium blue die showing five and a large green die showing four.,2,5 4,blue green,medium large
sample_02338.png,The scene contains a large peach die showing four and a small green die showing three.,2,4 3,peach green,large small
sample_02339.png,There are a small purple die showing five and a medium yellow die showing three in the scene.,2,5 3,purple yellow,small medium
sample_02340.png,This picture contains a large purple die showing two and a small purple die showing six.,2,2 6,purple purple,large small
sample_02342.png,This picture contains a large purple die showing five and a small white die showing one.,2,5 1,purple white,large small
sample_02343.png,This picture contains a small red die displaying four.,1,4,red,small
sample_02344.png,"The scene contains a large green die showing four, a large red die showing three and a small purple die showing six.",3,4 3 6,green red purple,large large small
sample_02345.png,There are a large green die showing three and a small purple die showing one in the scene.,2,3 1,green purple,large small
sample_02346.png,The image shows one small red die with value four.,1,4,red,small
sample_02347.png,The image shows a medium red die showing two and a large green die showing four.,2,2 4,red green,medium large
sample_02348.png,"There are a small blue die showing four, a large blue die showing one and a small yellow die showing one in the scene.",3,4 1 1,blue blue yellow,small large small
sample_02349.png,"There are a small green die showing six, a medium green die showing five and a small white die showing one in the scene.",3,6 5 1,green green white,small medium small
sample_02350.png,"There are a large blue die showing four, a small peach die showing three and a medium blue die showing three in the scene.",3,4 3 3,blue peach blue,large small medium
sample_02351.png,There is one large purple die showing three.,1,3,purple,large
sample_02352.png,The image shows 2 small white dice with values one and three.,2,1 3,white white,small small
sample_02353.png,This picture contains a medium purple die displaying two.,1,2,purple,medium
sample_02355.png,"A scene with 2 medium white dice is shown, displaying two and two.",2,2 2,white white,medium medium
sample_02356.png,This picture contains a small purple die displaying four.,1,4,purple,small
sample_02357.png,"This picture contains a large white die showing three, a large red die showing three and a large peach die showing six.",3,3 3 6,white red peach,large large large
sample_02358.png,A small yellow die is shown with a value of four.,1,4,yellow,small
sample_02359.png,The image shows a small blue die showing three and a small red die showing four.,2,3 4,blue red,small small
sample_02362.png,"The image shows a small blue die showing two, a small white die showing six and a small peach die showing two.",3,2 6 2,blue white peach,small small small
sample_02364.png,There is one medium yellow die showing three.,1,3,yellow,medium
sample_02366.png,A large peach die is shown with a value of one.,1,1,peach,large
sample_02367.png,"The scene contains a medium yellow die showing one, a medium purple die showing four and a small blue die showing six.",3,1 4 6,yellow purple blue,medium medium small
sample_02368.png,The image shows a large red die showing one and a small blue die showing four.,2,1 4,red blue,large small
sample_02370.png,This picture contains a small peach die showing one and a small red die showing four.,2,1 4,peach red,small small
sample_02373.png,The image shows one large white die with value four.,1,4,white,large
sample_02375.png,There are a small green die showing four and a medium purple die showing five in the scene.,2,4 5,green purple,small medium
sample_02376.png,A medium blue die is shown with a value of one.,1,1,blue,medium
sample_02378.png,"There are a small red die showing six, a medium yellow die showing one and a medium purple die showing six in the scene.",3,6 1 6,red yellow purple,small medium medium
sample_02382.png,"There are a small peach die showing four, a small red die showing two and a medium green die showing six in the scene.",3,4 2 6,peach red green,small small medium
sample_02383.png,There is one large green die showing one.,1,1,green,large
sample_02384.png,There are a medium yellow die showing one and a large green die showing three in the scene.,2,1 3,yellow green,medium large
sample_02386.png,The image shows a small purple die showing three and a large blue die showing three.,2,3 3,purple blue,small large
sample_02387.png,"The image shows a small green die showing five, a medium red die showing two and a large blue die showing four.",3,5 2 4,green red blue,small medium large
sample_02388.png,The scene contains a small white die showing four and a large red die showing three.,2,4 3,white red,small large
sample_02389.png,There is one medium white die showing five.,1,5,white,medium
sample_02390.png,"This picture contains a small green die showing six, a medium white die showing three and a small blue die showing six.",3,6 3 6,green white blue,small medium small
sample_02394.png,There is one small red die showing two.,1,2,red,small
sample_02395.png,"The scene contains a large blue die showing one, a medium blue die showing two and a large blue die showing five.",3,1 2 5,blue blue blue,large medium large
sample_02396.png,The image shows a medium purple die showing four and a large purple die showing two.,2,4 2,purple purple,medium large
sample_02397.png,A medium blue die is shown with a value of two.,1,2,blue,medium
sample_02399.png,"There are a medium purple die showing one, a large purple die showing one and a small blue die showing two in the scene.",3,1 1 2,purple purple blue,medium large small
sample_02401.png,This picture contains a small green die showing two and a large peach die showing three.,2,2 3,green peach,small large
sample_02403.png,This picture contains a small yellow die showing one and a medium green die showing five.,2,1 5,yellow green,small medium
sample_02408.png,This picture contains a medium green die displaying six.,1,6,green,medium
sample_02409.png,There are a medium red die showing five and a small peach die showing three in the scene.,2,5 3,red peach,medium small
sample_02410.png,The image shows a large blue die showing five and a small yellow die showing five.,2,5 5,blue yellow,large small
sample_02411.png,The image shows one large peach die with value one.,1,1,peach,large
sample_02413.png,There is one small peach die showing three.,1,3,peach,small
sample_02414.png,The image shows one medium red die with value five.,1,5,red,medium
sample_02415.png,The scene contains a large blue die showing five and a medium yellow die showing three.,2,5 3,blue yellow,large medium
sample_02416.png,There is one medium blue die showing two.,1,2,blue,medium
sample_02422.png,"There are a small blue die showing six, a medium yellow die showing five and a large yellow die showing one in the scene.",3,6 5 1,blue yellow yellow,small medium large
sample_02423.png,The image shows a small green die showing five and a small red die showing six.,2,5 6,green red,small small
sample_02425.png,This picture contains a large white die displaying four.,1,4,white,large
sample_02426.png,This picture contains a medium yellow die displaying four.,1,4,yellow,medium
sample_02428.png,There is one small yellow die showing six.,1,6,yellow,small
sample_02431.png,The scene contains a medium white die showing three and a large blue die showing one.,2,3 1,white blue,medium large
sample_02432.png,This picture contains a small green die showing three and a small blue die showing one.,2,3 1,green blue,small small
sample_02433.png,There are a small purple die showing two and a small blue die showing one in the scene.,2,2 1,purple blue,small small
sample_02434.png,This picture contains a small blue die showing four and a large blue die showing two.,2,4 2,blue blue,small large
sample_02436.png,The image shows one small yellow die with value two.,1,2,yellow,small
sample_02437.png,This picture contains a large purple die showing one and a medium green die showing six.,2,1 6,purple green,large medium
sample_02438.png,"A scene with 2 medium green dice is shown, displaying one and one.",2,1 1,green green,medium medium
sample_02439.png,There is one medium green die showing four.,1,4,green,medium
sample_02441.png,There are a medium blue die showing five and a small peach die showing three in the scene.,2,5 3,blue peach,medium small
sample_02442.png,"There are a medium red die showing six, a small yellow die showing three and a large peach die showing five in the scene.",3,6 3 5,red yellow peach,medium small large
sample_02444.png,"This picture contains a small white die showing six, a large purple die showing four and a large red die showing six.",3,6 4 6,white purple red,small large large
sample_02445.png,The image shows a large peach die showing one and a medium peach die showing one.,2,1 1,peach peach,large medium
sample_02446.png,The scene contains a small purple die showing two and a small blue die showing four.,2,2 4,purple blue,small small
sample_02447.png,This picture contains a medium green die showing five and a small purple die showing one.,2,5 1,green purple,medium small
sample_02449.png,"The scene contains a small purple die showing five, a large white die showing two and a large purple die showing six.",3,5 2 6,purple white purple,small large large
sample_02450.png,The scene contains a medium peach die showing one and a medium green die showing three.,2,1 3,peach green,medium medium
sample_02451.png,"There are a small green die showing three, a small red die showing two and a small green die showing two in the scene.",3,3 2 2,green red green,small small small
sample_02452.png,"There are a medium red die showing four, a small yellow die showing two and a large blue die showing three in the scene.",3,4 2 3,red yellow blue,medium small large
sample_02453.png,There are a medium yellow die showing one and a medium white die showing four in the scene.,2,1 4,yellow white,medium medium
sample_02454.png,The scene contains a medium green die showing four and a medium yellow die showing three.,2,4 3,green yellow,medium medium
sample_02458.png,"The scene contains a large blue die showing four, a large peach die showing two and a medium white die showing two.",3,4 2 2,blue peach white,large large medium
sample_02459.png,"The image shows a small peach die showing four, a small purple die showing six and a small blue die showing one.",3,4 6 1,peach purple blue,small small small
sample_02460.png,"The scene contains a large blue die showing three, a small peach die showing three and a small green die showing one.",3,3 3 1,blue peach green,large small small
sample_02461.png,This picture contains a large yellow die displaying six.,1,6,yellow,large
sample_02462.png,This picture contains a small peach die displaying four.,1,4,peach,small
sample_02463.png,There is one large red die showing three.,1,3,red,large
sample_02464.png,The image shows a large green die showing two and a large yellow die showing six.,2,2 6,green yellow,large large
sample_02465.png,This picture contains a small white die showing one and a large red die showing four.,2,1 4,white red,small large
sample_02466.png,"There are a small peach die showing four, a medium white die showing one and a large green die showing six in the scene.",3,4 1 6,peach white green,small medium large
sample_02469.png,There is one small blue die showing five.,1,5,blue,small
sample_02470.png,The image shows one large blue die with value six.,1,6,blue,large
sample_02471.png,The image shows one medium green die with value two.,1,2,green,medium
sample_02472.png,"The scene contains a large yellow die showing four, a medium blue die showing one and a medium green die showing four.",3,4 1 4,yellow blue green,large medium medium
sample_02473.png,"This picture contains a large blue die showing three, a small blue die showing six and a medium green die showing five.",3,3 6 5,blue blue green,large small medium
sample_02474.png,A medium purple die is shown with a value of one.,1,1,purple,medium
sample_02475.png,There are a small purple die showing six and a medium red die showing four in the scene.,2,6 4,purple red,small medium
sample_02476.png,A large purple die is shown with a value of one.,1,1,purple,large
sample_02477.png,The image shows a large yellow die showing six and a large peach die showing three.,2,6 3,yellow peach,large large
sample_02478.png,There is one medium blue die showing four.,1,4,blue,medium
sample_02479.png,"There are a small purple die showing three, a small purple die showing one and a large purple die showing four in the scene.",3,3 1 4,purple purple purple,small small large
sample_02480.png,"The scene contains a large blue die showing five, a large yellow die showing three and a medium white die showing three.",3,5 3 3,blue yellow white,large large medium
sample_02482.png,A medium peach die is shown with a value of three.,1,3,peach,medium
sample_02483.png,"There are a small purple die showing six, a large green die showing six and a large red die showing four in the scene.",3,6 6 4,purple green red,small large large
sample_02484.png,There is one small purple die showing two.,1,2,purple,small
sample_02486.png,"The scene contains a large peach die showing six, a large red die showing five and a small white die showing four.",3,6 5 4,peach red white,large large small
sample_02487.png,There are a medium peach die showing five and a small purple die showing five in the scene.,2,5 5,peach purple,medium small
sample_02488.png,A medium purple die is shown with a value of two.,1,2,purple,medium
sample_02489.png,This picture contains a medium blue die showing one and a large purple die showing one.,2,1 1,blue purple,medium large
sample_02490.png,There is one large green die showing one.,1,1,green,large
sample_02492.png,The image shows a large green die showing two and a large white die showing two.,2,2 2,green white,large large
sample_02494.png,The scene contains a small green die showing one and a medium blue die showing five.,2,1 5,green blue,small medium
sample_02495.png,"The image shows a small purple die showing two, a medium blue die showing five and a small peach die showing four.",3,2 5 4,purple blue peach,small medium small
sample_02496.png,This picture contains a small purple die displaying two.,1,2,purple,small
sample_02497.png,The scene contains a large blue die showing three and a medium green die showing three.,2,3 3,blue green,large medium
sample_02499.png,The image shows a small green die showing five and a medium red die showing six.,2,5 6,green red,small medium
sample_02500.png,A small peach die is shown with a value of five.,1,5,peach,small
sample_02501.png,The image shows one medium red die with value three.,1,3,red,medium
sample_02502.png,"The scene contains a small blue die showing six, a large blue die showing five and a large blue die showing three.",3,6 5 3,blue blue blue,small large large
sample_02504.png,There is one small yellow die showing four.,1,4,yellow,small
sample_02506.png,"There are a small green die showing one, a small yellow die showing six and a large yellow die showing five in the scene.",3,1 6 5,green yellow yellow,small small large
sample_02508.png,The image shows one small purple die with value four.,1,4,purple,small
sample_02509.png,"The image shows a small purple die showing three, a large peach die showing three and a large red die showing four.",3,3 3 4,purple peach red,small large large
sample_02512.png,"The image shows a medium white die showing three, a medium yellow die showing six and a small purple die showing one.",3,3 6 1,white yellow purple,medium medium small
sample_02514.png,"The image shows a medium white die showing four, a medium red die showing six and a small white die showing two.",3,4 6 2,white red white,medium medium small
sample_02515.png,There are a small green die showing three and a small peach die showing two in the scene.,2,3 2,green peach,small small
sample_02517.png,There is one medium white die showing one.,1,1,white,medium
sample_02521.png,"This picture contains a large white die showing four, a small green die showing one and a small blue die showing one.",3,4 1 1,white green blue,large small small
sample_02522.png,"This picture contains a medium purple die showing five, a medium white die showing three and a medium yellow die showing two.",3,5 3 2,purple white yellow,medium medium medium
sample_02523.png,There are a large green die showing two and a medium purple die showing two in the scene.,2,2 2,green purple,large medium
sample_02524.png,The scene contains a large purple die showing one and a small purple die showing three.,2,1 3,purple purple,large small
sample_02527.png,"The scene contains a small red die showing three, a medium blue die showing two and a small peach die showing five.",3,3 2 5,red blue peach,small medium small
sample_02529.png,There are a small yellow die showing one and a small blue die showing six in the scene.,2,1 6,yellow blue,small small
sample_02530.png,"The scene contains a large blue die showing four, a small purple die showing six and a medium green die showing two.",3,4 6 2,blue purple green,large small medium
sample_02531.png,"The image shows a small green die showing three, a large yellow die showing three and a large peach die showing three.",3,3 3 3,green yellow peach,small large large
sample_02532.png,There is one medium blue die showing four.,1,4,blue,medium
sample_02534.png,"The image shows a medium white die showing five, a medium green die showing six and a medium blue die showing three.",3,5 6 3,white green blue,medium medium medium
sample_02536.png,There is one small yellow die showing one.,1,1,yellow,small
sample_02537.png,"This picture contains a medium yellow die showing three, a medium peach die showing one and a large yellow die showing five.",3,3 1 5,yellow peach yellow,medium medium large
sample_02538.png,"There are a small red die showing six, a medium red die showing six and a medium blue die showing two in the scene.",3,6 6 2,red red blue,small medium medium
sample_02539.png,The scene contains a large green die showing four and a medium green die showing four.,2,4 4,green green,large medium
sample_02541.png,This picture contains a small yellow die showing two and a medium white die showing five.,2,2 5,yellow white,small medium
sample_02542.png,"The scene contains a small blue die showing five, a medium blue die showing three and a small green die showing two.",3,5 3 2,blue blue green,small medium small
sample_02543.png,"The scene contains a medium peach die showing six, a large blue die showing two and a large red die showing six.",3,6 2 6,peach blue red,medium large large
sample_02544.png,"There are a large yellow die showing three, a large yellow die showing six and a large white die showing five in the scene.",3,3 6 5,yellow yellow white,large large large
sample_02545.png,This picture contains a large green die displaying five.,1,5,green,large
sample_02548.png,"The image shows a small green die showing three, a medium yellow die showing five and a small peach die showing three.",3,3 5 3,green yellow peach,small medium small
sample_02549.png,"The image shows a large red die showing two, a large green die showing four and a small blue die showing four.",3,2 4 4,red green blue,large large small
sample_02550.png,The image shows a small blue die showing two and a small peach die showing six.,2,2 6,blue peach,small small
sample_02552.png,"The scene contains a large green die showing three, a large white die showing six and a small green die showing three.",3,3 6 3,green white green,large large small
sample_02553.png,There are a medium blue die showing two and a medium purple die showing six in the scene.,2,2 6,blue purple,medium medium
sample_02554.png,The image shows one small purple die with value three.,1,3,purple,small
sample_02556.png,The image shows one large peach die with value four.,1,4,peach,large
sample_02557.png,"This picture contains a medium yellow die showing one, a medium green die showing two and a medium yellow die showing three.",3,1 2 3,yellow green yellow,medium medium medium
sample_02559.png,The scene contains a medium white die showing one and a medium red die showing four.,2,1 4,white red,medium medium
sample_02561.png,There are 2 small red dice showing six and three.,2,6 3,red red,small small
sample_02562.png,There is one large red die showing two.,1,2,red,large
sample_02563.png,"The scene contains a medium blue die showing two, a small red die showing six and a small yellow die showing five.",3,2 6 5,blue red yellow,medium small small
sample_02564.png,"The image shows a large white die showing two, a medium peach die showing four and a small blue die showing six.",3,2 4 6,white peach blue,large medium small
sample_02565.png,There is one small white die showing five.,1,5,white,small
sample_02566.png,This picture contains a small blue die displaying six.,1,6,blue,small
sample_02567.png,"The image shows a large red die showing five, a small yellow die showing two and a large peach die showing two.",3,5 2 2,red yellow peach,large small large
sample_02568.png,This picture contains a medium purple die displaying five.,1,5,purple,medium
sample_02569.png,A small blue die is shown with a value of four.,1,4,blue,small
sample_02571.png,This picture contains a small peach die showing three and a large red die showing three.,2,3 3,peach red,small large
sample_02573.png,This picture contains a large white die displaying two.,1,2,white,large
sample_02574.png,The scene contains a small red die showing four and a large blue die showing one.,2,4 1,red blue,small large
sample_02575.png,This picture contains a large green die displaying one.,1,1,green,large
sample_02576.png,"This picture contains a small peach die showing one, a small yellow die showing three and a medium yellow die showing two.",3,1 3 2,peach yellow yellow,small small medium
sample_02577.png,There are a medium purple die showing six and a small white die showing three in the scene.,2,6 3,purple white,medium small
sample_02578.png,There is one small yellow die showing two.,1,2,yellow,small
sample_02579.png,The scene contains a small peach die showing six and a medium green die showing five.,2,6 5,peach green,small medium
sample_02580.png,The image shows a large purple die showing two and a small green die showing four.,2,2 4,purple green,large small
sample_02581.png,"The scene contains a medium white die showing three, a large green die showing six and a large purple die showing three.",3,3 6 3,white green purple,medium large large
sample_02582.png,"This picture contains a large white die showing five, a small green die showing four and a small yellow die showing six.",3,5 4 6,white green yellow,large small small
sample_02583.png,This picture contains a small red die displaying three.,1,3,red,small
sample_02584.png,"There are a medium green die showing five, a small purple die showing three and a medium purple die showing three in the scene.",3,5 3 3,green purple purple,medium small medium
sample_02586.png,A medium yellow die is shown with a value of four.,1,4,yellow,medium
sample_02589.png,"This picture contains a small peach die showing four, a medium white die showing one and a medium yellow die showing six.",3,4 1 6,peach white yellow,small medium medium
sample_02591.png,"The scene contains a small purple die showing five, a large blue die showing six and a large yellow die showing four.",3,5 6 4,purple blue yellow,small large large
sample_02595.png,"This picture contains a medium purple die showing two, a medium yellow die showing one and a medium purple die showing three.",3,2 1 3,purple yellow purple,medium medium medium
sample_02596.png,The image shows one large purple die with value two.,1,2,purple,large
sample_02597.png,The image shows a medium yellow die showing three and a large peach die showing one.,2,3 1,yellow peach,medium large
sample_02598.png,There is one medium yellow die showing three.,1,3,yellow,medium
sample_02599.png,A large blue die is shown with a value of six.,1,6,blue,large
sample_02600.png,There is one medium yellow die showing four.,1,4,yellow,medium
sample_02603.png,There is one small white die showing one.,1,1,white,small
sample_02604.png,The scene contains a large red die showing two and a large green die showing two.,2,2 2,red green,large large
sample_02605.png,"This picture contains a large red die showing two, a large white die showing two and a medium red die showing one.",3,2 2 1,red white red,large large medium
sample_02606.png,There is one large blue die showing one.,1,1,blue,large
sample_02607.png,A large red die is shown with a value of six.,1,6,red,large
sample_02608.png,The image shows a small green die showing one and a medium white die showing one.,2,1 1,green white,small medium
sample_02609.png,There is one medium red die showing three.,1,3,red,medium
sample_02610.png,"There are a large white die showing six, a large yellow die showing three and a large white die showing three in the scene.",3,6 3 3,white yellow white,large large large
sample_02611.png,"The image shows a small purple die showing two, a large green die showing five and a medium green die showing six.",3,2 5 6,purple green green,small large medium
sample_02614.png,"There are a large yellow die showing six, a large yellow die showing one and a large blue die showing two in the scene.",3,6 1 2,yellow yellow blue,large large large
sample_02616.png,This picture contains a small white die displaying three.,1,3,white,small
sample_02619.png,The image shows a medium green die showing three and a small yellow die showing three.,2,3 3,green yellow,medium small
sample_02620.png,"The image shows a large red die showing five, a medium peach die showing five and a small green die showing five.",3,5 5 5,red peach green,large medium small
sample_02621.png,This picture contains 2 medium purple dice displaying five and one.,2,5 1,purple purple,medium medium
sample_02622.png,The image shows a large blue die showing two and a medium red die showing four.,2,2 4,blue red,large medium
sample_02623.png,This picture contains a large red die showing five and a medium yellow die showing five.,2,5 5,red yellow,large medium
sample_02624.png,"This picture contains a medium red die showing five, a small red die showing two and a large yellow die showing four.",3,5 2 4,red red yellow,medium small large
sample_02625.png,The scene contains a small peach die showing one and a large blue die showing five.,2,1 5,peach blue,small large
sample_02627.png,"This picture contains a large green die showing two, a large blue die showing six and a small purple die showing five.",3,2 6 5,green blue purple,large large small
sample_02628.png,"This picture contains a small white die showing three, a large white die showing four and a large peach die showing two.",3,3 4 2,white white peach,small large large
sample_02629.png,A large purple die is shown with a value of two.,1,2,purple,large
sample_02631.png,"This picture contains a small peach die showing four, a medium green die showing three and a small green die showing six.",3,4 3 6,peach green green,small medium small
sample_02632.png,This picture contains a small red die showing five and a large blue die showing five.,2,5 5,red blue,small large
sample_02633.png,"There are a small green die showing three, a large red die showing six and a large red die showing two in the scene.",3,3 6 2,green red red,small large large
sample_02634.png,The image shows one large yellow die with value three.,1,3,yellow,large
sample_02635.png,"This picture contains a medium blue die showing four, a medium white die showing three and a medium green die showing one.",3,4 3 1,blue white green,medium medium medium
sample_02636.png,"The scene contains a medium red die showing one, a medium green die showing three and a small peach die showing six.",3,1 3 6,red green peach,medium medium small
sample_02637.png,The image shows one small blue die with value six.,1,6,blue,small
sample_02642.png,The image shows 2 small peach dice with values three and one.,2,3 1,peach peach,small small
sample_02645.png,The image shows a large blue die showing one and a medium purple die showing four.,2,1 4,blue purple,large medium
sample_02647.png,There are a medium green die showing five and a medium purple die showing one in the scene.,2,5 1,green purple,medium medium
sample_02649.png,"The scene contains a large purple die showing four, a small peach die showing two and a large yellow die showing five.",3,4 2 5,purple peach yellow,large small large
sample_02651.png,The image shows one large red die with value five.,1,5,red,large
sample_02652.png,The image shows one medium white die with value three.,1,3,white,medium
sample_02653.png,"The scene contains a medium blue die showing three, a small purple die showing two and a large blue die showing five.",3,3 2 5,blue purple blue,medium small large
sample_02656.png,There is one large yellow die showing six.,1,6,yellow,large
sample_02657.png,There is one large yellow die showing four.,1,4,yellow,large
sample_02658.png,"This picture contains a medium yellow die showing three, a small peach die showing six and a large white die showing one.",3,3 6 1,yellow peach white,medium small large
sample_02659.png,"There are a large blue die showing two, a large blue die showing two and a small blue die showing five in the scene.",3,2 2 5,blue blue blue,large large small
sample_02660.png,This picture contains a medium yellow die displaying one.,1,1,yellow,medium
sample_02662.png,There is one large white die showing four.,1,4,white,large
sample_02663.png,"There are a large purple die showing five, a medium peach die showing four and a small peach die showing one in the scene.",3,5 4 1,purple peach peach,large medium small
sample_02664.png,A small white die is shown with a value of one.,1,1,white,small
sample_02665.png,There are 2 medium purple dice showing five and three.,2,5 3,purple purple,medium medium
sample_02666.png,"There are a medium yellow die showing three, a large white die showing six and a small white die showing one in the scene.",3,3 6 1,yellow white white,medium large small
sample_02667.png,The image shows one small peach die with value five.,1,5,peach,small
sample_02670.png,The image shows one large white die with value one.,1,1,white,large
sample_02671.png,The image shows one medium yellow die with value three.,1,3,yellow,medium
sample_02672.png,A large blue die is shown with a value of one.,1,1,blue,large
sample_02673.png,This picture contains a medium red die showing one and a medium blue die showing six.,2,1 6,red blue,medium medium
sample_02674.png,The scene contains a medium yellow die showing three and a small red die showing one.,2,3 1,yellow red,medium small
sample_02678.png,"The scene contains a large peach die showing three, a small peach die showing two and a large green die showing three.",3,3 2 3,peach peach green,large small large
sample_02680.png,There are a small white die showing six and a medium blue die showing two in the scene.,2,6 2,white blue,small medium
sample_02681.png,This picture contains a small green die displaying five.,1,5,green,small
sample_02682.png,This picture contains a medium peach die displaying four.,1,4,peach,medium
sample_02683.png,This picture contains a medium yellow die displaying six.,1,6,yellow,medium
sample_02684.png,This picture contains a medium yellow die displaying one.,1,1,yellow,medium
sample_02685.png,There is one large peach die showing one.,1,1,peach,large
sample_02687.png,"The image shows a medium yellow die showing two, a small peach die showing one and a medium purple die showing five.",3,2 1 5,yellow peach purple,medium small medium
sample_02688.png,"The image shows a small yellow die showing five, a large peach die showing four and a small white die showing one.",3,5 4 1,yellow peach white,small large small
sample_02689.png,"This picture contains a small yellow die showing five, a small blue die showing two and a large yellow die showing four.",3,5 2 4,yellow blue yellow,small small large
sample_02690.png,The image shows a large yellow die showing one and a medium yellow die showing five.,2,1 5,yellow yellow,large medium
sample_02691.png,"This picture contains a small red die showing six, a small green die showing two and a small red die showing two.",3,6 2 2,red green red,small small small
sample_02692.png,"There are a large red die showing six, a large green die showing one and a large purple die showing four in the scene.",3,6 1 4,red green purple,large large large
sample_02693.png,This picture contains a medium purple die displaying five.,1,5,purple,medium
sample_02694.png,"This picture contains a medium blue die showing four, a large yellow die showing one and a medium red die showing two.",3,4 1 2,blue yellow red,medium large medium
sample_02695.png,There are a small green die showing four and a medium blue die showing four in the scene.,2,4 4,green blue,small medium
sample_02698.png,There is one small red die showing five.,1,5,red,small
sample_02699.png,"The scene contains a large yellow die showing four, a large purple die showing five and a small purple die showing six.",3,4 5 6,yellow purple purple,large large small
sample_02702.png,"This picture contains a medium green die showing one, a large yellow die showing three and a large purple die showing one.",3,1 3 1,green yellow purple,medium large large
sample_02703.png,The image shows a small blue die showing five and a small purple die showing four.,2,5 4,blue purple,small small
sample_02705.png,"This picture contains a medium red die showing two, a large yellow die showing four and a small white die showing two.",3,2 4 2,red yellow white,medium large small
sample_02706.png,This picture contains a large red die showing three and a small green die showing one.,2,3 1,red green,large small
sample_02707.png,"The image shows a medium white die showing three, a small peach die showing one and a small peach die showing six.",3,3 1 6,white peach peach,medium small small
sample_02710.png,This picture contains a medium purple die displaying one.,1,1,purple,medium
sample_02711.png,There is one medium white die showing three.,1,3,white,medium
sample_02712.png,"There are a medium peach die showing six, a large blue die showing three and a large peach die showing four in the scene.",3,6 3 4,peach blue peach,medium large large
sample_02713.png,A large green die is shown with a value of five.,1,5,green,large
sample_02714.png,"This picture contains a large green die showing one, a large red die showing three and a medium white die showing one.",3,1 3 1,green red white,large large medium
sample_02715.png,There are a large yellow die showing two and a medium yellow die showing two in the scene.,2,2 2,yellow yellow,large medium
sample_02716.png,There are a small blue die showing five and a medium peach die showing one in the scene.,2,5 1,blue peach,small medium
sample_02719.png,There are a large purple die showing two and a small white die showing five in the scene.,2,2 5,purple white,large small
sample_02722.png,The scene contains a large green die showing two and a medium yellow die showing two.,2,2 2,green yellow,large medium
sample_02723.png,The image shows one medium blue die with value five.,1,5,blue,medium
sample_02725.png,"The image shows a medium peach die showing four, a large white die showing five and a small white die showing five.",3,4 5 5,peach white white,medium large small
sample_02726.png,This picture contains a large peach die displaying six.,1,6,peach,large
sample_02727.png,The image shows one large yellow die with value two.,1,2,yellow,large
sample_02728.png,This picture contains a large peach die displaying two.,1,2,peach,large
sample_02729.png,"There are a large peach die showing four, a medium blue die showing six and a small purple die showing six in the scene.",3,4 6 6,peach blue purple,large medium small
sample_02730.png,"The image shows a large purple die showing two, a small yellow die showing two and a medium green die showing four.",3,2 2 4,purple yellow green,large small medium
sample_02732.png,There are a small yellow die showing five and a large blue die showing four in the scene.,2,5 4,yellow blue,small large
sample_02733.png,The image shows a medium blue die showing four and a large blue die showing one.,2,4 1,blue blue,medium large
sample_02734.png,This picture contains a small red die displaying six.,1,6,red,small
sample_02735.png,This picture contains a large purple die displaying one.,1,1,purple,large
sample_02736.png,There are a small red die showing one and a large white die showing three in the scene.,2,1 3,red white,small large
sample_02738.png,The image shows a medium purple die showing three and a medium yellow die showing three.,2,3 3,purple yellow,medium medium
sample_02739.png,There is one medium green die showing six.,1,6,green,medium
sample_02740.png,"This picture contains a large purple die showing one, a large yellow die showing four and a large blue die showing two.",3,1 4 2,purple yellow blue,large large large
sample_02741.png,The scene contains a medium red die showing four and a small green die showing six.,2,4 6,red green,medium small
sample_02742.png,This picture contains a medium red die displaying two.,1,2,red,medium
sample_02743.png,"This picture contains a small green die showing three, a small purple die showing three and a medium peach die showing three.",3,3 3 3,green purple peach,small small medium
sample_02744.png,"This picture contains a large peach die showing five, a small peach die showing one and a large peach die showing five.",3,5 1 5,peach peach peach,large small large
sample_02745.png,This picture contains a small green die displaying three.,1,3,green,small
sample_02746.png,There is one medium red die showing five.,1,5,red,medium
sample_02747.png,There are a large peach die showing one and a small white die showing four in the scene.,2,1 4,peach white,large small
sample_02749.png,The image shows one small green die with value six.,1,6,green,small
sample_02752.png,"A scene with 2 large blue dice is shown, displaying five and four.",2,5 4,blue blue,large large
sample_02753.png,This picture contains a small red die displaying four.,1,4,red,small
sample_02755.png,"This picture contains a small white die showing one, a medium peach die showing five and a large peach die showing four.",3,1 5 4,white peach peach,small medium large
sample_02756.png,There is one medium yellow die showing six.,1,6,yellow,medium
sample_02758.png,There are a medium white die showing five and a medium peach die showing five in the scene.,2,5 5,white peach,medium medium
sample_02760.png,This picture contains a small yellow die displaying two.,1,2,yellow,small
sample_02761.png,The image shows one medium yellow die with value five.,1,5,yellow,medium
sample_02762.png,A small peach die is shown with a value of four.,1,4,peach,small
sample_02763.png,The scene contains a medium blue die showing six and a medium yellow die showing five.,2,6 5,blue yellow,medium medium
sample_02765.png,"The image shows a medium red die showing one, a small peach die showing two and a large yellow die showing three.",3,1 2 3,red peach yellow,medium small large
sample_02766.png,"This picture contains a medium yellow die showing four, a medium yellow die showing five and a medium blue die showing one.",3,4 5 1,yellow yellow blue,medium medium medium
sample_02767.png,"The scene contains a large green die showing two, a large white die showing five and a small purple die showing five.",3,2 5 5,green white purple,large large small
sample_02768.png,"This picture contains a small peach die showing four, a small green die showing five and a large blue die showing two.",3,4 5 2,peach green blue,small small large
sample_02769.png,"This picture contains a medium blue die showing one, a large white die showing five and a medium purple die showing six.",3,1 5 6,blue white purple,medium large medium
sample_02770.png,A large white die is shown with a value of four.,1,4,white,large
sample_02771.png,The image shows a large green die showing five and a large red die showing one.,2,5 1,green red,large large
sample_02773.png,"The image shows a medium peach die showing one, a medium white die showing three and a small white die showing three.",3,1 3 3,peach white white,medium medium small
sample_02775.png,A small purple die is shown with a value of four.,1,4,purple,small
sample_02776.png,"There are a medium peach die showing two, a medium green die showing three and a medium white die showing five in the scene.",3,2 3 5,peach green white,medium medium medium
sample_02777.png,There are a medium red die showing five and a small purple die showing six in the scene.,2,5 6,red purple,medium small
sample_02779.png,"There are a small blue die showing one, a medium purple die showing four and a large peach die showing five in the scene.",3,1 4 5,blue purple peach,small medium large
sample_02780.png,"This picture contains a large green die showing five, a medium purple die showing four and a small yellow die showing five.",3,5 4 5,green purple yellow,large medium small
sample_02781.png,"The image shows a small yellow die showing three, a medium blue die showing six and a medium blue die showing one.",3,3 6 1,yellow blue blue,small medium medium
sample_02782.png,This picture contains a medium green die showing six and a large peach die showing one.,2,6 1,green peach,medium large
sample_02783.png,This picture contains a large white die showing four and a medium purple die showing four.,2,4 4,white purple,large medium
sample_02784.png,There is one large blue die showing four.,1,4,blue,large
sample_02785.png,There are 2 large blue dice showing five and two.,2,5 2,blue blue,large large
sample_02786.png,"The image shows a small green die showing five, a medium peach die showing two and a medium red die showing three.",3,5 2 3,green peach red,small medium medium
sample_02787.png,"There are a large yellow die showing five, a medium yellow die showing six and a small red die showing three in the scene.",3,5 6 3,yellow yellow red,large medium small
sample_02788.png,"The scene contains a medium yellow die showing six, a small peach die showing one and a small blue die showing three.",3,6 1 3,yellow peach blue,medium small small
sample_02789.png,"The scene contains a large peach die showing two, a medium red die showing six and a medium peach die showing one.",3,2 6 1,peach red peach,large medium medium
sample_02790.png,"There are a large peach die showing five, a large blue die showing three and a small green die showing one in the scene.",3,5 3 1,peach blue green,large large small
sample_02791.png,The image shows a medium white die showing three and a large purple die showing five.,2,3 5,white purple,medium large
sample_02792.png,There is one medium white die showing six.,1,6,white,medium
sample_02793.png,There are a medium purple die showing five and a medium white die showing four in the scene.,2,5 4,purple white,medium medium
sample_02795.png,"The image shows a small yellow die showing six, a large peach die showing five and a medium green die showing three.",3,6 5 3,yellow peach green,small large medium
sample_02796.png,"The image shows a small yellow die showing four, a large green die showing one and a large white die showing five.",3,4 1 5,yellow green white,small large large
sample_02797.png,The image shows one small yellow die with value five.,1,5,yellow,small
sample_02799.png,The scene contains a small white die showing five and a medium red die showing three.,2,5 3,white red,small medium
sample_02801.png,"The scene contains a large purple die showing two, a small green die showing one and a medium red die showing five.",3,2 1 5,purple green red,large small medium
sample_02802.png,This picture contains a large purple die displaying three.,1,3,purple,large
sample_02803.png,The image shows a small peach die showing four and a medium green die showing five.,2,4 5,peach green,small medium
sample_02804.png,The image shows a small yellow die showing five and a medium yellow die showing five.,2,5 5,yellow yellow,small medium
sample_02806.png,"The image shows a small red die showing six, a medium red die showing one and a medium peach die showing five.",3,6 1 5,red red peach,small medium medium
sample_02807.png,The scene contains a large purple die showing four and a medium green die showing six.,2,4 6,purple green,large medium
sample_02808.png,This picture contains a large red die displaying six.,1,6,red,large
sample_02809.png,This picture contains a small green die displaying four.,1,4,green,small
sample_02813.png,"This picture contains a large blue die showing four, a large blue die showing three and a small red die showing one.",3,4 3 1,blue blue red,large large small
sample_02815.png,"The image shows a large blue die showing five, a small red die showing six and a medium red die showing six.",3,5 6 6,blue red red,large small medium
sample_02818.png,"The scene contains a small red die showing four, a small yellow die showing one and a medium red die showing four.",3,4 1 4,red yellow red,small small medium
sample_02819.png,There are a small green die showing two and a medium peach die showing four in the scene.,2,2 4,green peach,small medium
sample_02820.png,This picture contains a medium purple die displaying four.,1,4,purple,medium
sample_02821.png,A small purple die is shown with a value of two.,1,2,purple,small
sample_02825.png,The image shows one medium white die with value three.,1,3,white,medium
sample_02826.png,This picture contains a large yellow die showing one and a small green die showing one.,2,1 1,yellow green,large small
sample_02827.png,The image shows one large purple die with value three.,1,3,purple,large
sample_02829.png,"The scene contains a small purple die showing three, a small blue die showing one and a large peach die showing one.",3,3 1 1,purple blue peach,small small large
sample_02830.png,"The scene contains a small red die showing two, a small peach die showing six and a small yellow die showing two.",3,2 6 2,red peach yellow,small small small
sample_02831.png,The scene contains a large red die showing two and a small white die showing four.,2,2 4,red white,large small
sample_02833.png,The scene contains a medium blue die showing five and a large white die showing six.,2,5 6,blue white,medium large
sample_02834.png,A large yellow die is shown with a value of five.,1,5,yellow,large
sample_02836.png,The image shows one medium blue die with value four.,1,4,blue,medium
sample_02837.png,This picture contains a small white die showing three and a medium blue die showing five.,2,3 5,white blue,small medium
sample_02839.png,The image shows one large red die with value two.,1,2,red,large
sample_02840.png,This picture contains a small peach die displaying two.,1,2,peach,small
sample_02841.png,The scene contains a medium purple die showing one and a medium peach die showing two.,2,1 2,purple peach,medium medium
sample_02842.png,The image shows one large purple die with value five.,1,5,purple,large
sample_02843.png,"The image shows a small peach die showing two, a small peach die showing five and a small red die showing two.",3,2 5 2,peach peach red,small small small
sample_02844.png,The image shows one small white die with value six.,1,6,white,small
sample_02845.png,The image shows one medium green die with value two.,1,2,green,medium
sample_02846.png,The scene contains a small purple die showing two and a medium red die showing four.,2,2 4,purple red,small medium
sample_02847.png,A small red die is shown with a value of two.,1,2,red,small
sample_02848.png,"The image shows a medium purple die showing one, a small white die showing two and a large green die showing two.",3,1 2 2,purple white green,medium small large
sample_02849.png,The scene contains a large white die showing four and a medium green die showing two.,2,4 2,white green,large medium
sample_02850.png,The scene contains a large white die showing three and a small purple die showing five.,2,3 5,white purple,large small
sample_02851.png,"There are a medium green die showing five, a large blue die showing six and a large green die showing two in the scene.",3,5 6 2,green blue green,medium large large
sample_02852.png,There are a medium white die showing three and a medium purple die showing two in the scene.,2,3 2,white purple,medium medium
sample_02853.png,This picture contains a medium yellow die displaying four.,1,4,yellow,medium
sample_02854.png,This picture contains a medium peach die displaying six.,1,6,peach,medium
sample_02855.png,The scene contains a large white die showing five and a small green die showing five.,2,5 5,white green,large small
sample_02856.png,There is one small white die showing three.,1,3,white,small
sample_02857.png,This picture contains a medium green die displaying five.,1,5,green,medium
sample_02858.png,"There are a medium white die showing four, a large green die showing five and a large purple die showing four in the scene.",3,4 5 4,white green purple,medium large large
sample_02861.png,"There are a small yellow die showing one, a small white die showing five and a small red die showing two in the scene.",3,1 5 2,yellow white red,small small small
sample_02862.png,The image shows one medium red die with value three.,1,3,red,medium
sample_02863.png,"The scene contains a small red die showing five, a small peach die showing one and a medium red die showing five.",3,5 1 5,red peach red,small small medium
sample_02864.png,"There are a large yellow die showing one, a large purple die showing three and a small blue die showing four in the scene.",3,1 3 4,yellow purple blue,large large small
sample_02867.png,"There are a large red die showing four, a medium green die showing two and a large green die showing five in the scene.",3,4 2 5,red green green,large medium large
sample_02870.png,"The image shows a medium yellow die showing two, a small purple die showing three and a small blue die showing one.",3,2 3 1,yellow purple blue,medium small small
sample_02871.png,The scene contains a large red die showing one and a medium yellow die showing one.,2,1 1,red yellow,large medium
sample_02877.png,"The image shows a small peach die showing five, a large blue die showing four and a large blue die showing five.",3,5 4 5,peach blue blue,small large large
sample_02878.png,The image shows one small green die with value two.,1,2,green,small
sample_02879.png,This picture contains a medium peach die showing five and a large yellow die showing five.,2,5 5,peach yellow,medium large
sample_02881.png,The image shows one medium red die with value five.,1,5,red,medium
sample_02882.png,"This picture contains a medium red die showing four, a large yellow die showing six and a large green die showing one.",3,4 6 1,red yellow green,medium large large
sample_02883.png,This picture contains a medium purple die displaying four.,1,4,purple,medium
sample_02884.png,There are a medium purple die showing five and a small green die showing three in the scene.,2,5 3,purple green,medium small
sample_02885.png,This picture contains a small green die displaying six.,1,6,green,small
sample_02888.png,The scene contains a medium green die showing one and a small white die showing three.,2,1 3,green white,medium small
sample_02890.png,This picture contains a small green die showing one and a large white die showing six.,2,1 6,green white,small large
sample_02891.png,There are a large yellow die showing five and a medium green die showing one in the scene.,2,5 1,yellow green,large medium
sample_02892.png,"The scene contains a large green die showing four, a medium peach die showing two and a medium red die showing six.",3,4 2 6,green peach red,large medium medium
sample_02894.png,The image shows a small purple die showing six and a small peach die showing five.,2,6 5,purple peach,small small
sample_02896.png,"The scene contains a large green die showing six, a small purple die showing three and a medium red die showing five.",3,6 3 5,green purple red,large small medium
sample_02897.png,There are a small blue die showing five and a small red die showing five in the scene.,2,5 5,blue red,small small
sample_02898.png,"The scene contains a medium blue die showing three, a medium peach die showing two and a small purple die showing four.",3,3 2 4,blue peach purple,medium medium small
sample_02899.png,There are a small yellow die showing three and a medium green die showing four in the scene.,2,3 4,yellow green,small medium
sample_02900.png,The scene contains a small red die showing four and a medium green die showing three.,2,4 3,red green,small medium
sample_02902.png,The image shows one medium red die with value one.,1,1,red,medium
sample_02903.png,"The image shows a small yellow die showing three, a small red die showing four and a medium blue die showing five.",3,3 4 5,yellow red blue,small small medium
sample_02904.png,The image shows a large green die showing four and a small blue die showing six.,2,4 6,green blue,large small
sample_02906.png,"The scene contains a small peach die showing four, a medium blue die showing five and a large purple die showing five.",3,4 5 5,peach blue purple,small medium large
sample_02907.png,There is one small green die showing two.,1,2,green,small
sample_02911.png,"There are a small purple die showing four, a large blue die showing two and a small blue die showing five in the scene.",3,4 2 5,purple blue blue,small large small
sample_02913.png,"A scene with 2 large purple dice is shown, displaying one and one.",2,1 1,purple purple,large large
sample_02914.png,There is one medium blue die showing two.,1,2,blue,medium
sample_02915.png,A large red die is shown with a value of one.,1,1,red,large
sample_02916.png,This picture contains a medium purple die showing six and a medium yellow die showing four.,2,6 4,purple yellow,medium medium
sample_02917.png,The scene contains a small red die showing four and a large purple die showing one.,2,4 1,red purple,small large
sample_02918.png,"The scene contains a small purple die showing one, a large peach die showing one and a large peach die showing five.",3,1 1 5,purple peach peach,small large large
sample_02919.png,The image shows one small blue die with value six.,1,6,blue,small
sample_02920.png,There is one small red die showing one.,1,1,red,small
sample_02921.png,The image shows one medium peach die with value six.,1,6,peach,medium
sample_02922.png,A large purple die is shown with a value of one.,1,1,purple,large
sample_02924.png,"There are a small green die showing four, a small green die showing six and a small yellow die showing two in the scene.",3,4 6 2,green green yellow,small small small
sample_02927.png,"This picture contains a medium blue die showing three, a medium white die showing one and a small green die showing six.",3,3 1 6,blue white green,medium medium small
sample_02928.png,There are a large purple die showing one and a medium red die showing one in the scene.,2,1 1,purple red,large medium
sample_02929.png,The scene contains a medium purple die showing five and a medium blue die showing six.,2,5 6,purple blue,medium medium
sample_02931.png,"This picture contains a large yellow die showing four, a medium blue die showing four and a large yellow die showing two.",3,4 4 2,yellow blue yellow,large medium large
sample_02933.png,This picture contains a medium green die showing five and a medium yellow die showing one.,2,5 1,green yellow,medium medium
sample_02935.png,"The image shows a medium yellow die showing two, a large peach die showing one and a medium white die showing one.",3,2 1 1,yellow peach white,medium large medium
sample_02936.png,A large purple die is shown with a value of six.,1,6,purple,large
sample_02938.png,"This picture contains a small green die showing two, a small purple die showing six and a large blue die showing four.",3,2 6 4,green purple blue,small small large
sample_02941.png,"This picture contains a small yellow die showing three, a medium red die showing three and a small purple die showing two.",3,3 3 2,yellow red purple,small medium small
sample_02942.png,"This picture contains a small green die showing three, a medium yellow die showing four and a large purple die showing four.",3,3 4 4,green yellow purple,small medium large
sample_02943.png,"This picture contains a large blue die showing three, a large yellow die showing two and a medium green die showing four.",3,3 2 4,blue yellow green,large large medium
sample_02944.png,This picture contains a small purple die displaying six.,1,6,purple,small
sample_02945.png,The image shows one medium green die with value two.,1,2,green,medium
sample_02946.png,"This picture contains a large white die showing four, a medium white die showing six and a medium green die showing one.",3,4 6 1,white white green,large medium medium
sample_02947.png,There is one medium white die showing six.,1,6,white,medium
sample_02948.png,There are a large yellow die showing four and a medium green die showing six in the scene.,2,4 6,yellow green,large medium
sample_02949.png,"The scene contains a medium purple die showing six, a medium blue die showing one and a medium yellow die showing five.",3,6 1 5,purple blue yellow,medium medium medium
sample_02950.png,This picture contains a large white die showing two and a medium purple die showing three.,2,2 3,white purple,large medium
sample_02951.png,There are a medium red die showing four and a small white die showing four in the scene.,2,4 4,red white,medium small
sample_02954.png,The image shows a medium purple die showing one and a small purple die showing four.,2,1 4,purple purple,medium small
sample_02955.png,There is one large blue die showing three.,1,3,blue,large
sample_02957.png,The image shows a medium blue die showing two and a medium red die showing six.,2,2 6,blue red,medium medium
sample_02958.png,This picture contains a large green die showing three and a large red die showing three.,2,3 3,green red,large large
sample_02964.png,The scene contains a small yellow die showing two and a medium purple die showing six.,2,2 6,yellow purple,small medium
sample_02967.png,The scene contains a large blue die showing five and a medium green die showing one.,2,5 1,blue green,large medium
sample_02968.png,"The image shows a medium blue die showing one, a medium green die showing two and a large blue die showing five.",3,1 2 5,blue green blue,medium medium large
sample_02970.png,"The scene contains a small purple die showing one, a medium green die showing four and a medium purple die showing six.",3,1 4 6,purple green purple,small medium medium
sample_02971.png,This picture contains a large white die displaying four.,1,4,white,large
sample_02972.png,"The scene contains a medium white die showing six, a medium red die showing five and a small peach die showing three.",3,6 5 3,white red peach,medium medium small
sample_02973.png,"The image shows a medium green die showing five, a small peach die showing three and a small green die showing two.",3,5 3 2,green peach green,medium small small
sample_02974.png,"There are a large white die showing six, a medium white die showing four and a large white die showing four in the scene.",3,6 4 4,white white white,large medium large
sample_02975.png,"There are a small blue die showing one, a small peach die showing three and a small yellow die showing one in the scene.",3,1 3 1,blue peach yellow,small small small
sample_02976.png,The scene contains a large peach die showing five and a medium peach die showing five.,2,5 5,peach peach,large medium
sample_02977.png,"This picture contains a large green die showing one, a medium green die showing four and a large green die showing four.",3,1 4 4,green green green,large medium large
sample_02978.png,"The scene contains a medium peach die showing five, a large white die showing one and a large peach die showing five.",3,5 1 5,peach white peach,medium large large
sample_02980.png,A medium yellow die is shown with a value of six.,1,6,yellow,medium
sample_02981.png,"The scene contains a small blue die showing five, a small yellow die showing two and a medium red die showing two.",3,5 2 2,blue yellow red,small small medium
sample_02985.png,There is one medium purple die showing one.,1,1,purple,medium
sample_02987.png,A large yellow die is shown with a value of one.,1,1,yellow,large
sample_02988.png,"The scene contains a large green die showing six, a small red die showing two and a small white die showing six.",3,6 2 6,green red white,large small small
sample_02989.png,"The scene contains a large blue die showing six, a large peach die showing six and a small red die showing two.",3,6 6 2,blue peach red,large large small
sample_02990.png,"The scene contains a medium white die showing five, a large purple die showing five and a medium yellow die showing six.",3,5 5 6,white purple yellow,medium large medium
sample_02991.png,A medium green die is shown with a value of four.,1,4,green,medium
sample_02995.png,This picture contains a medium peach die showing two and a large peach die showing three.,2,2 3,peach peach,medium large
sample_02997.png,There are a medium peach die showing four and a small white die showing four in the scene.,2,4 4,peach white,medium small
sample_02998.png,The scene contains a large purple die showing one and a small red die showing five.,2,1 5,purple red,large small
sample_02999.png,There are a small blue die showing six and a medium peach die showing one in the scene.,2,6 1,blue peach,small medium
sample_03000.png,The image shows a medium yellow die showing six and a medium purple die showing one.,2,6 1,yellow purple,medium medium
sample_03001.png,"There are a large white die showing six, a large red die showing five and a large peach die showing six in the scene.",3,6 5 6,white red peach,large large large
sample_03004.png,The scene contains a medium white die showing six and a medium blue die showing four.,2,6 4,white blue,medium medium
sample_03005.png,There is one large white die showing four.,1,4,white,large
sample_03007.png,This picture contains a large red die displaying one.,1,1,red,large
sample_03008.png,There are a medium purple die showing five and a large blue die showing six in the scene.,2,5 6,purple blue,medium large
sample_03009.png,There are a large red die showing six and a medium yellow die showing two in the scene.,2,6 2,red yellow,large medium
sample_03011.png,The image shows one small yellow die with value four.,1,4,yellow,small
sample_03013.png,"This picture contains a large purple die showing three, a large yellow die showing one and a small green die showing three.",3,3 1 3,purple yellow green,large large small
sample_03014.png,This picture contains a large blue die showing five and a large peach die showing five.,2,5 5,blue peach,large large
sample_03015.png,The image shows one medium peach die with value three.,1,3,peach,medium
sample_03017.png,The scene contains a medium white die showing six and a medium yellow die showing four.,2,6 4,white yellow,medium medium
sample_03019.png,"There are a large purple die showing four, a small green die showing one and a small purple die showing four in the scene.",3,4 1 4,purple green purple,large small small
sample_03020.png,There are a large white die showing two and a small white die showing four in the scene.,2,2 4,white white,large small
sample_03021.png,The image shows a medium peach die showing three and a large green die showing one.,2,3 1,peach green,medium large
sample_03022.png,"The image shows a medium purple die showing five, a large white die showing three and a small green die showing three.",3,5 3 3,purple white green,medium large small
sample_03024.png,"This picture contains a medium peach die showing four, a large peach die showing four and a medium green die showing one.",3,4 4 1,peach peach green,medium large medium
sample_03025.png,The scene contains a medium yellow die showing three and a large white die showing four.,2,3 4,yellow white,medium large
sample_03026.png,The image shows a large red die showing five and a large white die showing four.,2,5 4,red white,large large
sample_03027.png,"The scene contains a medium white die showing six, a small blue die showing six and a large peach die showing four.",3,6 6 4,white blue peach,medium small large
sample_03028.png,The scene contains a large yellow die showing one and a small purple die showing one.,2,1 1,yellow purple,large small
sample_03029.png,There are a large purple die showing six and a large white die showing five in the scene.,2,6 5,purple white,large large
sample_03030.png,The image shows a small purple die showing one and a large peach die showing four.,2,1 4,purple peach,small large
sample_03031.png,This picture contains a large red die displaying five.,1,5,red,large
sample_03032.png,A large red die is shown with a value of five.,1,5,red,large
sample_03033.png,The image shows a large yellow die showing four and a medium purple die showing five.,2,4 5,yellow purple,large medium
sample_03034.png,There are 2 small yellow dice showing one and five.,2,1 5,yellow yellow,small small
sample_03035.png,A large peach die is shown with a value of four.,1,4,peach,large
sample_03037.png,There are a large green die showing three and a large peach die showing five in the scene.,2,3 5,green peach,large large
sample_03038.png,The image shows a small peach die showing six and a large purple die showing two.,2,6 2,peach purple,small large
sample_03039.png,This picture contains a large green die showing five and a small peach die showing three.,2,5 3,green peach,large small
sample_03041.png,This picture contains a small red die displaying six.,1,6,red,small
sample_03043.png,The image shows a medium white die showing four and a medium red die showing four.,2,4 4,white red,medium medium
sample_03044.png,The scene contains a large green die showing two and a large peach die showing one.,2,2 1,green peach,large large
sample_03046.png,"This picture contains a small white die showing four, a large green die showing five and a small green die showing five.",3,4 5 5,white green green,small large small
sample_03048.png,There is one medium yellow die showing three.,1,3,yellow,medium
sample_03049.png,There is one small green die showing two.,1,2,green,small
sample_03051.png,"The image shows a medium purple die showing three, a medium blue die showing five and a large white die showing six.",3,3 5 6,purple blue white,medium medium large
sample_03052.png,There are a large peach die showing three and a medium blue die showing one in the scene.,2,3 1,peach blue,large medium
sample_03054.png,A large white die is shown with a value of six.,1,6,white,large
sample_03055.png,The image shows a medium green die showing six and a small purple die showing six.,2,6 6,green purple,medium small
sample_03058.png,"There are a small red die showing four, a small red die showing one and a medium peach die showing three in the scene.",3,4 1 3,red red peach,small small medium
sample_03059.png,The scene contains a medium peach die showing six and a large yellow die showing one.,2,6 1,peach yellow,medium large
sample_03062.png,"There are a large yellow die showing three, a large white die showing five and a medium blue die showing four in the scene.",3,3 5 4,yellow white blue,large large medium
sample_03063.png,"The scene contains a small blue die showing six, a large blue die showing five and a large blue die showing three.",3,6 5 3,blue blue blue,small large large
sample_03066.png,"The image shows a large blue die showing six, a large red die showing one and a large peach die showing three.",3,6 1 3,blue red peach,large large large
sample_03068.png,"This picture contains a large yellow die showing five, a medium peach die showing four and a small green die showing three.",3,5 4 3,yellow peach green,large medium small
sample_03070.png,"There are a small red die showing two, a large green die showing four and a medium red die showing three in the scene.",3,2 4 3,red green red,small large medium
sample_03071.png,The image shows one large peach die with value one.,1,1,peach,large
sample_03072.png,This picture contains a large blue die displaying two.,1,2,blue,large
sample_03073.png,"The image shows a large purple die showing five, a large peach die showing four and a large peach die showing three.",3,5 4 3,purple peach peach,large large large
sample_03079.png,There is one large blue die showing four.,1,4,blue,large
sample_03080.png,A large green die is shown with a value of six.,1,6,green,large
sample_03081.png,The image shows a large red die showing four and a small white die showing six.,2,4 6,red white,large small
sample_03082.png,There are a small red die showing six and a medium red die showing two in the scene.,2,6 2,red red,small medium
sample_03083.png,The scene contains a medium yellow die showing five and a large green die showing one.,2,5 1,yellow green,medium large
sample_03084.png,"The scene contains a medium white die showing six, a medium purple die showing three and a medium peach die showing four.",3,6 3 4,white purple peach,medium medium medium
sample_03085.png,This picture contains a large purple die displaying two.,1,2,purple,large
sample_03086.png,"This picture contains a large white die showing five, a medium blue die showing three and a medium peach die showing three.",3,5 3 3,white blue peach,large medium medium
sample_03087.png,"The image shows a small blue die showing three, a large purple die showing four and a small peach die showing one.",3,3 4 1,blue purple peach,small large small
sample_03088.png,The scene contains a medium green die showing six and a medium red die showing two.,2,6 2,green red,medium medium
sample_03092.png,The image shows one large blue die with value three.,1,3,blue,large
sample_03094.png,There are a medium yellow die showing two and a medium blue die showing three in the scene.,2,2 3,yellow blue,medium medium
sample_03096.png,This picture contains a medium white die showing two and a large red die showing two.,2,2 2,white red,medium large
sample_03097.png,There are a medium green die showing two and a medium red die showing two in the scene.,2,2 2,green red,medium medium
sample_03098.png,There are a medium yellow die showing five and a small peach die showing four in the scene.,2,5 4,yellow peach,medium small
sample_03099.png,"The scene contains a medium green die showing one, a small red die showing one and a medium white die showing three.",3,1 1 3,green red white,medium small medium
sample_03100.png,A medium peach die is shown with a value of three.,1,3,peach,medium
sample_03101.png,There are a small red die showing three and a large peach die showing four in the scene.,2,3 4,red peach,small large
sample_03102.png,"This picture contains a medium red die showing five, a medium yellow die showing six and a large yellow die showing two.",3,5 6 2,red yellow yellow,medium medium large
sample_03103.png,"The image shows a large peach die showing two, a medium green die showing five and a small yellow die showing six.",3,2 5 6,peach green yellow,large medium small
sample_03104.png,The scene contains a small yellow die showing three and a large peach die showing four.,2,3 4,yellow peach,small large
sample_03105.png,This picture contains a medium yellow die displaying six.,1,6,yellow,medium
sample_03106.png,"This picture contains a small peach die showing five, a large purple die showing six and a medium blue die showing four.",3,5 6 4,peach purple blue,small large medium
sample_03107.png,There are a large red die showing four and a medium green die showing two in the scene.,2,4 2,red green,large medium
sample_03108.png,The scene contains a large white die showing one and a large red die showing four.,2,1 4,white red,large large
sample_03109.png,"There are a small white die showing two, a medium blue die showing six and a small red die showing two in the scene.",3,2 6 2,white blue red,small medium small
sample_03110.png,"There are a small peach die showing three, a small purple die showing one and a medium green die showing one in the scene.",3,3 1 1,peach purple green,small small medium
sample_03111.png,The image shows a small red die showing three and a large yellow die showing two.,2,3 2,red yellow,small large
sample_03113.png,"This picture contains a large peach die showing six, a medium blue die showing three and a small red die showing five.",3,6 3 5,peach blue red,large medium small
sample_03114.png,This picture contains a small peach die showing one and a small green die showing three.,2,1 3,peach green,small small
sample_03115.png,This picture contains a small green die displaying three.,1,3,green,small
sample_03116.png,A large peach die is shown with a value of one.,1,1,peach,large
sample_03117.png,The scene contains a small red die showing three and a large purple die showing six.,2,3 6,red purple,small large
sample_03118.png,The scene contains a medium green die showing one and a large blue die showing four.,2,1 4,green blue,medium large
sample_03119.png,There is one small yellow die showing four.,1,4,yellow,small
sample_03120.png,A medium red die is shown with a value of three.,1,3,red,medium
sample_03121.png,"This picture contains a small green die showing five, a small yellow die showing five and a large white die showing five.",3,5 5 5,green yellow white,small small large
sample_03123.png,"The scene contains a medium peach die showing three, a small peach die showing one and a large red die showing one.",3,3 1 1,peach peach red,medium small large
sample_03124.png,This picture contains a large purple die showing six and a large blue die showing six.,2,6 6,purple blue,large large
sample_03126.png,"The scene contains a large white die showing one, a medium peach die showing five and a large blue die showing three.",3,1 5 3,white peach blue,large medium large
sample_03127.png,There is one small blue die showing one.,1,1,blue,small
sample_03128.png,This picture contains a medium blue die displaying three.,1,3,blue,medium
sample_03129.png,There are a medium peach die showing five and a large green die showing four in the scene.,2,5 4,peach green,medium large
sample_03130.png,A medium yellow die is shown with a value of two.,1,2,yellow,medium
sample_03131.png,This picture contains a medium green die displaying two.,1,2,green,medium
sample_03132.png,A large peach die is shown with a value of one.,1,1,peach,large
sample_03134.png,There are 2 small white dice showing four and two.,2,4 2,white white,small small
sample_03135.png,This picture contains a medium peach die displaying two.,1,2,peach,medium
sample_03136.png,A medium red die is shown with a value of six.,1,6,red,medium
sample_03137.png,"There are a medium peach die showing six, a medium purple die showing six and a large purple die showing one in the scene.",3,6 6 1,peach purple purple,medium medium large
sample_03138.png,The image shows one medium peach die with value two.,1,2,peach,medium
sample_03141.png,"The image shows a medium blue die showing six, a medium purple die showing three and a medium white die showing two.",3,6 3 2,blue purple white,medium medium medium
sample_03142.png,The image shows a medium purple die showing five and a large yellow die showing six.,2,5 6,purple yellow,medium large
sample_03143.png,There are a small green die showing two and a medium white die showing three in the scene.,2,2 3,green white,small medium
sample_03144.png,There is one medium purple die showing four.,1,4,purple,medium
sample_03146.png,There are a large yellow die showing five and a medium blue die showing six in the scene.,2,5 6,yellow blue,large medium
sample_03147.png,"The image shows a medium purple die showing one, a large red die showing one and a small red die showing four.",3,1 1 4,purple red red,medium large small
sample_03148.png,The scene contains a medium purple die showing one and a small blue die showing five.,2,1 5,purple blue,medium small
sample_03149.png,A large purple die is shown with a value of five.,1,5,purple,large
sample_03151.png,The scene contains a small yellow die showing six and a medium yellow die showing two.,2,6 2,yellow yellow,small medium
sample_03152.png,"The image shows a medium green die showing one, a large white die showing three and a small green die showing four.",3,1 3 4,green white green,medium large small
sample_03154.png,The scene contains a small purple die showing five and a small yellow die showing one.,2,5 1,purple yellow,small small
sample_03156.png,"The scene contains a small red die showing two, a small blue die showing six and a large peach die showing one.",3,2 6 1,red blue peach,small small large
sample_03157.png,There is one large yellow die showing five.,1,5,yellow,large
sample_03158.png,The image shows a small blue die showing four and a medium purple die showing five.,2,4 5,blue purple,small medium
sample_03161.png,The image shows one small blue die with value five.,1,5,blue,small
sample_03162.png,"The scene contains a small yellow die showing six, a large purple die showing six and a small red die showing one.",3,6 6 1,yellow purple red,small large small
sample_03164.png,The image shows one small blue die with value six.,1,6,blue,small
sample_03165.png,"The scene contains a small blue die showing three, a large peach die showing two and a medium red die showing two.",3,3 2 2,blue peach red,small large medium
sample_03166.png,"The image shows a small purple die showing two, a medium peach die showing one and a small blue die showing three.",3,2 1 3,purple peach blue,small medium small
sample_03167.png,This picture contains a small blue die showing two and a large green die showing one.,2,2 1,blue green,small large
sample_03168.png,The image shows one large yellow die with value two.,1,2,yellow,large
sample_03172.png,The image shows one large green die with value six.,1,6,green,large
sample_03174.png,A medium peach die is shown with a value of six.,1,6,peach,medium
sample_03176.png,There is one small peach die showing three.,1,3,peach,small
sample_03177.png,This picture contains a large blue die displaying three.,1,3,blue,large
sample_03178.png,"There are a small green die showing three, a medium white die showing three and a large green die showing five in the scene.",3,3 3 5,green white green,small medium large
sample_03179.png,"The scene contains a medium white die showing four, a large white die showing five and a small yellow die showing four.",3,4 5 4,white white yellow,medium large small
sample_03180.png,"This picture contains a small blue die showing one, a small red die showing five and a small blue die showing three.",3,1 5 3,blue red blue,small small small
sample_03181.png,This picture contains a medium blue die displaying six.,1,6,blue,medium
sample_03185.png,"The image shows a medium yellow die showing four, a medium green die showing six and a large blue die showing three.",3,4 6 3,yellow green blue,medium medium large
sample_03186.png,"This picture contains a small yellow die showing one, a medium white die showing five and a small green die showing one.",3,1 5 1,yellow white green,small medium small
sample_03187.png,"The scene contains a medium yellow die showing one, a small red die showing three and a medium green die showing five.",3,1 3 5,yellow red green,medium small medium
sample_03189.png,The image shows a medium red die showing one and a large peach die showing two.,2,1 2,red peach,medium large
sample_03190.png,This picture contains a large peach die showing four and a medium yellow die showing six.,2,4 6,peach yellow,large medium
sample_03191.png,"The image shows a medium green die showing two, a medium green die showing five and a small peach die showing one.",3,2 5 1,green green peach,medium medium small
sample_03192.png,This picture contains a large green die displaying three.,1,3,green,large
sample_03193.png,The image shows one small red die with value six.,1,6,red,small
sample_03194.png,A large peach die is shown with a value of six.,1,6,peach,large
sample_03195.png,The scene contains a small purple die showing four and a medium red die showing three.,2,4 3,purple red,small medium
sample_03196.png,The scene contains a medium green die showing four and a small peach die showing two.,2,4 2,green peach,medium small
sample_03197.png,"The image shows a small blue die showing three, a large red die showing five and a medium purple die showing five.",3,3 5 5,blue red purple,small large medium
sample_03199.png,The image shows a small red die showing two and a medium purple die showing one.,2,2 1,red purple,small medium
sample_03200.png,"The image shows a medium peach die showing four, a large purple die showing two and a medium yellow die showing two.",3,4 2 2,peach purple yellow,medium large medium
sample_03201.png,This picture contains a small peach die showing six and a large blue die showing four.,2,6 4,peach blue,small large
sample_03202.png,There are a large yellow die showing five and a small peach die showing three in the scene.,2,5 3,yellow peach,large small
sample_03203.png,"There are a large blue die showing three, a small white die showing three and a medium blue die showing two in the scene.",3,3 3 2,blue white blue,large small medium
sample_03204.png,There is one small red die showing three.,1,3,red,small
sample_03206.png,There is one large peach die showing three.,1,3,peach,large
sample_03207.png,This picture contains a large peach die displaying four.,1,4,peach,large
sample_03208.png,"The scene contains a medium purple die showing five, a medium yellow die showing four and a large peach die showing three.",3,5 4 3,purple yellow peach,medium medium large
sample_03209.png,"There are a medium white die showing four, a medium red die showing three and a large yellow die showing two in the scene.",3,4 3 2,white red yellow,medium medium large
sample_03210.png,There are a medium red die showing four and a medium peach die showing three in the scene.,2,4 3,red peach,medium medium
sample_03211.png,There is one small purple die showing four.,1,4,purple,small
sample_03212.png,This picture contains a medium red die showing six and a small purple die showing three.,2,6 3,red purple,medium small
sample_03213.png,A medium peach die is shown with a value of one.,1,1,peach,medium
sample_03214.png,This picture contains a medium yellow die displaying one.,1,1,yellow,medium
sample_03215.png,"This picture contains a large green die showing four, a large white die showing one and a large yellow die showing five.",3,4 1 5,green white yellow,large large large
sample_03216.png,"The image shows a large red die showing two, a large peach die showing five and a large yellow die showing two.",3,2 5 2,red peach yellow,large large large
sample_03218.png,"The scene contains a medium white die showing two, a large purple die showing one and a small red die showing six.",3,2 1 6,white purple red,medium large small
sample_03219.png,"The scene contains a medium peach die showing three, a medium green die showing one and a medium blue die showing six.",3,3 1 6,peach green blue,medium medium medium
sample_03222.png,The image shows a small purple die showing five and a large peach die showing four.,2,5 4,purple peach,small large
sample_03223.png,"There are a large white die showing three, a small red die showing three and a small peach die showing two in the scene.",3,3 3 2,white red peach,large small small
sample_03224.png,This picture contains a small green die displaying four.,1,4,green,small
sample_03225.png,"There are a small purple die showing five, a small blue die showing six and a small blue die showing five in the scene.",3,5 6 5,purple blue blue,small small small
sample_03226.png,This picture contains a small yellow die displaying five.,1,5,yellow,small
sample_03228.png,The scene contains a large peach die showing five and a small yellow die showing two.,2,5 2,peach yellow,large small
sample_03229.png,There is one large blue die showing one.,1,1,blue,large
sample_03231.png,A medium white die is shown with a value of five.,1,5,white,medium
sample_03232.png,"There are a large peach die showing three, a medium yellow die showing one and a medium white die showing three in the scene.",3,3 1 3,peach yellow white,large medium medium
sample_03234.png,"This picture contains a medium red die showing two, a medium green die showing four and a large yellow die showing four.",3,2 4 4,red green yellow,medium medium large
sample_03235.png,"The scene contains a large yellow die showing four, a small yellow die showing five and a large white die showing three.",3,4 5 3,yellow yellow white,large small large
sample_03238.png,A large red die is shown with a value of one.,1,1,red,large
sample_03240.png,The scene contains a large peach die showing one and a medium purple die showing one.,2,1 1,peach purple,large medium
sample_03241.png,The image shows a large purple die showing six and a small white die showing six.,2,6 6,purple white,large small
sample_03245.png,A medium white die is shown with a value of six.,1,6,white,medium
sample_03246.png,"The image shows a medium yellow die showing one, a small purple die showing three and a small peach die showing five.",3,1 3 5,yellow purple peach,medium small small
sample_03250.png,This picture contains a small purple die showing five and a small white die showing one.,2,5 1,purple white,small small
sample_03251.png,There are a small peach die showing one and a medium green die showing three in the scene.,2,1 3,peach green,small medium
sample_03252.png,There are a medium white die showing five and a small yellow die showing six in the scene.,2,5 6,white yellow,medium small
sample_03253.png,This picture contains a large red die showing two and a small blue die showing six.,2,2 6,red blue,large small
sample_03255.png,The image shows a small green die showing four and a large green die showing four.,2,4 4,green green,small large
sample_03256.png,This picture contains a large green die displaying five.,1,5,green,large
sample_03257.png,This picture contains a small purple die displaying six.,1,6,purple,small
sample_03259.png,"The scene contains a medium peach die showing five, a medium green die showing two and a small green die showing two.",3,5 2 2,peach green green,medium medium small
sample_03260.png,A medium purple die is shown with a value of three.,1,3,purple,medium
sample_03262.png,There is one large red die showing three.,1,3,red,large
sample_03264.png,The image shows a small purple die showing five and a large purple die showing six.,2,5 6,purple purple,small large
sample_03265.png,"The scene contains a large white die showing four, a small yellow die showing one and a large green die showing four.",3,4 1 4,white yellow green,large small large
sample_03266.png,There are a large red die showing six and a medium yellow die showing six in the scene.,2,6 6,red yellow,large medium
sample_03267.png,"There are a medium yellow die showing six, a medium white die showing four and a small red die showing four in the scene.",3,6 4 4,yellow white red,medium medium small
sample_03269.png,This picture contains a small purple die showing five and a medium purple die showing five.,2,5 5,purple purple,small medium
sample_03273.png,The image shows a small blue die showing five and a small purple die showing three.,2,5 3,blue purple,small small
sample_03274.png,"There are a medium green die showing five, a small peach die showing two and a medium peach die showing two in the scene.",3,5 2 2,green peach peach,medium small medium
sample_03277.png,"This picture contains a medium blue die showing three, a large green die showing five and a medium yellow die showing four.",3,3 5 4,blue green yellow,medium large medium
sample_03278.png,"There are a small blue die showing four, a large yellow die showing four and a small white die showing one in the scene.",3,4 4 1,blue yellow white,small large small
sample_03280.png,"The image shows a large green die showing five, a small yellow die showing two and a large red die showing five.",3,5 2 5,green yellow red,large small large
sample_03282.png,This picture contains a large peach die showing six and a medium blue die showing one.,2,6 1,peach blue,large medium
sample_03283.png,This picture contains a medium red die displaying two.,1,2,red,medium
sample_03285.png,"There are a small blue die showing three, a large purple die showing two and a small green die showing six in the scene.",3,3 2 6,blue purple green,small large small
sample_03286.png,This picture contains a small yellow die displaying one.,1,1,yellow,small
sample_03287.png,"The scene contains a medium white die showing six, a large red die showing three and a large peach die showing four.",3,6 3 4,white red peach,medium large large
sample_03288.png,"The scene contains a medium red die showing six, a medium green die showing six and a large blue die showing five.",3,6 6 5,red green blue,medium medium large
sample_03289.png,There is one large yellow die showing three.,1,3,yellow,large
sample_03290.png,The scene contains a small blue die showing two and a large white die showing four.,2,2 4,blue white,small large
sample_03291.png,"The scene contains a medium white die showing four, a large green die showing three and a large red die showing two.",3,4 3 2,white green red,medium large large
sample_03293.png,The scene contains a large white die showing one and a large peach die showing four.,2,1 4,white peach,large large
sample_03294.png,"This picture contains a large yellow die showing two, a medium peach die showing one and a large red die showing four.",3,2 1 4,yellow peach red,large medium large
sample_03296.png,This picture contains a large white die showing two and a large blue die showing four.,2,2 4,white blue,large large
sample_03298.png,"This picture contains a medium red die showing four, a large purple die showing two and a large yellow die showing four.",3,4 2 4,red purple yellow,medium large large
sample_03299.png,A medium yellow die is shown with a value of six.,1,6,yellow,medium
sample_03300.png,"The scene contains a medium red die showing one, a large blue die showing four and a large peach die showing one.",3,1 4 1,red blue peach,medium large large
sample_03301.png,"There are a large purple die showing four, a medium red die showing one and a large blue die showing one in the scene.",3,4 1 1,purple red blue,large medium large
sample_03302.png,The image shows one medium yellow die with value five.,1,5,yellow,medium
sample_03303.png,"This picture contains a large yellow die showing three, a small peach die showing two and a small blue die showing four.",3,3 2 4,yellow peach blue,large small small
sample_03304.png,There are a large purple die showing six and a small purple die showing three in the scene.,2,6 3,purple purple,large small
sample_03305.png,There is one medium red die showing four.,1,4,red,medium
sample_03306.png,This picture contains a small green die showing four and a small white die showing four.,2,4 4,green white,small small
sample_03307.png,This picture contains a small yellow die showing four and a medium red die showing five.,2,4 5,yellow red,small medium
sample_03309.png,"The scene contains a large white die showing five, a medium yellow die showing three and a large green die showing four.",3,5 3 4,white yellow green,large medium large
sample_03310.png,This picture contains a large yellow die showing three and a large red die showing six.,2,3 6,yellow red,large large
sample_03311.png,"There are a large white die showing one, a small blue die showing five and a medium red die showing six in the scene.",3,1 5 6,white blue red,large small medium
sample_03312.png,The scene contains a large blue die showing one and a medium green die showing six.,2,1 6,blue green,large medium
sample_03315.png,The image shows one large yellow die with value four.,1,4,yellow,large
sample_03316.png,"This picture contains a medium yellow die showing one, a small blue die showing six and a large yellow die showing four.",3,1 6 4,yellow blue yellow,medium small large
sample_03318.png,The image shows a large peach die showing six and a large yellow die showing four.,2,6 4,peach yellow,large large
sample_03321.png,This picture contains a medium green die showing two and a medium blue die showing two.,2,2 2,green blue,medium medium
sample_03322.png,There is one medium purple die showing three.,1,3,purple,medium
sample_03323.png,This picture contains a large yellow die displaying five.,1,5,yellow,large
sample_03324.png,There is one large white die showing three.,1,3,white,large
sample_03325.png,This picture contains a large purple die showing one and a large blue die showing one.,2,1 1,purple blue,large large
sample_03326.png,The scene contains a large yellow die showing six and a medium peach die showing one.,2,6 1,yellow peach,large medium
sample_03327.png,The scene contains a small white die showing six and a large purple die showing five.,2,6 5,white purple,small large
sample_03328.png,The image shows a small peach die showing four and a medium green die showing three.,2,4 3,peach green,small medium
sample_03329.png,"There are a small white die showing five, a small white die showing two and a small yellow die showing one in the scene.",3,5 2 1,white white yellow,small small small
sample_03330.png,The image shows a small white die showing four and a small red die showing six.,2,4 6,white red,small small
sample_03334.png,The image shows a medium purple die showing six and a large blue die showing five.,2,6 5,purple blue,medium large
sample_03335.png,"There are a large peach die showing four, a small green die showing six and a medium purple die showing one in the scene.",3,4 6 1,peach green purple,large small medium
sample_03336.png,This picture contains a large white die showing two and a small green die showing four.,2,2 4,white green,large small
sample_03337.png,The image shows one large blue die with value three.,1,3,blue,large
sample_03340.png,There are a large red die showing two and a large blue die showing five in the scene.,2,2 5,red blue,large large
sample_03342.png,The image shows a large peach die showing four and a large blue die showing six.,2,4 6,peach blue,large large
sample_03344.png,There is one large red die showing four.,1,4,red,large
sample_03345.png,"The scene contains a medium yellow die showing three, a small red die showing three and a large white die showing six.",3,3 3 6,yellow red white,medium small large
sample_03346.png,This picture contains a large green die displaying four.,1,4,green,large
sample_03347.png,The image shows a large blue die showing one and a small yellow die showing four.,2,1 4,blue yellow,large small
sample_03348.png,The image shows one medium purple die with value three.,1,3,purple,medium
sample_03349.png,The image shows one medium white die with value six.,1,6,white,medium
sample_03352.png,The scene contains a small purple die showing four and a large white die showing four.,2,4 4,purple white,small large
sample_03353.png,There are a small green die showing two and a small yellow die showing four in the scene.,2,2 4,green yellow,small small
sample_03354.png,"The scene contains a medium purple die showing six, a medium peach die showing four and a small red die showing one.",3,6 4 1,purple peach red,medium medium small
sample_03357.png,There is one large purple die showing one.,1,1,purple,large
sample_03358.png,The image shows a medium white die showing one and a large yellow die showing two.,2,1 2,white yellow,medium large
sample_03360.png,The image shows one medium yellow die with value one.,1,1,yellow,medium
sample_03361.png,This picture contains a large green die showing two and a large blue die showing three.,2,2 3,green blue,large large
sample_03362.png,"The scene contains a medium yellow die showing five, a small peach die showing one and a medium white die showing three.",3,5 1 3,yellow peach white,medium small medium
sample_03363.png,"There are a small yellow die showing one, a large purple die showing three and a large blue die showing four in the scene.",3,1 3 4,yellow purple blue,small large large
sample_03364.png,A small red die is shown with a value of four.,1,4,red,small
sample_03365.png,This picture contains a medium purple die displaying six.,1,6,purple,medium
sample_03368.png,There are a small white die showing two and a small purple die showing three in the scene.,2,2 3,white purple,small small
sample_03369.png,"The scene contains a medium yellow die showing three, a medium yellow die showing one and a large red die showing four.",3,3 1 4,yellow yellow red,medium medium large
sample_03371.png,The scene contains a large yellow die showing six and a medium white die showing three.,2,6 3,yellow white,large medium
sample_03372.png,"The image shows a small yellow die showing three, a small yellow die showing six and a large white die showing four.",3,3 6 4,yellow yellow white,small small large
sample_03373.png,A medium white die is shown with a value of four.,1,4,white,medium
sample_03374.png,"There are a medium yellow die showing three, a medium blue die showing five and a medium white die showing six in the scene.",3,3 5 6,yellow blue white,medium medium medium
sample_03375.png,There is one medium white die showing two.,1,2,white,medium
sample_03377.png,The image shows one medium green die with value five.,1,5,green,medium
sample_03378.png,There is one small white die showing five.,1,5,white,small
sample_03380.png,There is one small yellow die showing three.,1,3,yellow,small
sample_03381.png,"This picture contains a large green die showing four, a large blue die showing four and a medium yellow die showing two.",3,4 4 2,green blue yellow,large large medium
sample_03384.png,There is one medium peach die showing four.,1,4,peach,medium
sample_03385.png,This picture contains a medium purple die displaying two.,1,2,purple,medium
sample_03388.png,A medium peach die is shown with a value of six.,1,6,peach,medium
sample_03392.png,"There are a large purple die showing one, a medium yellow die showing one and a large green die showing three in the scene.",3,1 1 3,purple yellow green,large medium large
sample_03393.png,This picture contains a small white die showing two and a medium peach die showing four.,2,2 4,white peach,small medium
sample_03394.png,"There are a large yellow die showing six, a medium peach die showing two and a small purple die showing three in the scene.",3,6 2 3,yellow peach purple,large medium small
sample_03397.png,The image shows a large green die showing one and a medium peach die showing five.,2,1 5,green peach,large medium
sample_03399.png,This picture contains a medium white die showing one and a large green die showing one.,2,1 1,white green,medium large
sample_03400.png,"The scene contains a medium blue die showing six, a large blue die showing two and a large yellow die showing six.",3,6 2 6,blue blue yellow,medium large large
sample_03401.png,"There are a small purple die showing one, a small red die showing two and a medium blue die showing two in the scene.",3,1 2 2,purple red blue,small small medium
sample_03402.png,There are a medium yellow die showing four and a small green die showing three in the scene.,2,4 3,yellow green,medium small
sample_03403.png,"There are a small green die showing one, a medium purple die showing one and a medium blue die showing one in the scene.",3,1 1 1,green purple blue,small medium medium
sample_03405.png,The scene contains a large white die showing one and a medium blue die showing six.,2,1 6,white blue,large medium
sample_03406.png,The scene contains a small green die showing six and a medium blue die showing three.,2,6 3,green blue,small medium
sample_03408.png,"There are a small green die showing three, a small green die showing six and a small white die showing two in the scene.",3,3 6 2,green green white,small small small
sample_03409.png,This picture contains a large yellow die displaying six.,1,6,yellow,large
sample_03410.png,This picture contains a large blue die displaying six.,1,6,blue,large
sample_03411.png,"The scene contains a large purple die showing four, a large green die showing four and a large white die showing three.",3,4 4 3,purple green white,large large large
sample_03413.png,"This picture contains a medium purple die showing three, a small peach die showing six and a medium green die showing four.",3,3 6 4,purple peach green,medium small medium
sample_03414.png,This picture contains a large purple die displaying three.,1,3,purple,large
sample_03418.png,The image shows one large green die with value one.,1,1,green,large
sample_03422.png,This picture contains a small red die showing one and a small blue die showing three.,2,1 3,red blue,small small
sample_03424.png,"The scene contains a large peach die showing five, a medium red die showing six and a small red die showing six.",3,5 6 6,peach red red,large medium small
sample_03425.png,"The scene contains a small blue die showing five, a medium purple die showing three and a large green die showing four.",3,5 3 4,blue purple green,small medium large
sample_03427.png,"The scene contains a large white die showing three, a large yellow die showing two and a medium blue die showing three.",3,3 2 3,white yellow blue,large large medium
sample_03428.png,This picture contains a medium blue die displaying one.,1,1,blue,medium
sample_03429.png,There is one large white die showing one.,1,1,white,large
sample_03430.png,There are a small blue die showing two and a small red die showing five in the scene.,2,2 5,blue red,small small
sample_03432.png,A large green die is shown with a value of six.,1,6,green,large
sample_03436.png,"The scene contains a small white die showing two, a medium white die showing four and a small white die showing five.",3,2 4 5,white white white,small medium small
sample_03437.png,This picture contains a large yellow die displaying three.,1,3,yellow,large
sample_03442.png,"The scene contains a small white die showing two, a medium white die showing three and a small red die showing four.",3,2 3 4,white white red,small medium small
sample_03443.png,There is one large yellow die showing three.,1,3,yellow,large
sample_03445.png,"There are a medium peach die showing one, a small purple die showing three and a medium purple die showing three in the scene.",3,1 3 3,peach purple purple,medium small medium
sample_03446.png,The image shows one medium peach die with value four.,1,4,peach,medium
sample_03448.png,This picture contains a large yellow die showing four and a small yellow die showing four.,2,4 4,yellow yellow,large small
sample_03449.png,"This picture contains a small purple die showing six, a large red die showing four and a large red die showing one.",3,6 4 1,purple red red,small large large
sample_03451.png,The scene contains a large white die showing three and a medium blue die showing one.,2,3 1,white blue,large medium
sample_03452.png,The image shows a small white die showing six and a medium purple die showing one.,2,6 1,white purple,small medium
sample_03453.png,The image shows a medium peach die showing one and a medium white die showing one.,2,1 1,peach white,medium medium
sample_03454.png,A small yellow die is shown with a value of five.,1,5,yellow,small
sample_03455.png,This picture contains a medium purple die displaying four.,1,4,purple,medium
sample_03456.png,This picture contains a medium white die displaying four.,1,4,white,medium
sample_03457.png,"The image shows a small peach die showing one, a medium red die showing six and a small yellow die showing three.",3,1 6 3,peach red yellow,small medium small
sample_03459.png,This picture contains a small green die showing two and a medium yellow die showing four.,2,2 4,green yellow,small medium
sample_03460.png,"The scene contains a large red die showing five, a large red die showing three and a medium peach die showing six.",3,5 3 6,red red peach,large large medium
sample_03462.png,This picture contains a medium red die displaying three.,1,3,red,medium
sample_03463.png,The image shows one small yellow die with value one.,1,1,yellow,small
sample_03465.png,The image shows a large purple die showing five and a medium purple die showing three.,2,5 3,purple purple,large medium
sample_03467.png,"This picture contains a medium green die showing three, a large blue die showing one and a medium purple die showing six.",3,3 1 6,green blue purple,medium large medium
sample_03468.png,The image shows one small red die with value three.,1,3,red,small
sample_03471.png,"A scene with 2 medium blue dice is shown, displaying four and six.",2,4 6,blue blue,medium medium
sample_03472.png,The image shows a large blue die showing one and a medium yellow die showing one.,2,1 1,blue yellow,large medium
sample_03473.png,The image shows a small peach die showing five and a small white die showing two.,2,5 2,peach white,small small
sample_03474.png,"The scene contains a medium purple die showing four, a medium yellow die showing four and a medium purple die showing three.",3,4 4 3,purple yellow purple,medium medium medium
sample_03476.png,"There are a medium purple die showing four, a large peach die showing four and a medium peach die showing six in the scene.",3,4 4 6,purple peach peach,medium large medium
sample_03477.png,There are a large blue die showing three and a small green die showing four in the scene.,2,3 4,blue green,large small
sample_03478.png,The image shows one large white die with value five.,1,5,white,large
sample_03479.png,The image shows one large red die with value two.,1,2,red,large
sample_03481.png,There is one large peach die showing two.,1,2,peach,large
sample_03482.png,The scene contains a medium peach die showing three and a large blue die showing one.,2,3 1,peach blue,medium large
sample_03485.png,There are a small yellow die showing five and a large purple die showing one in the scene.,2,5 1,yellow purple,small large
sample_03486.png,"There are a medium peach die showing four, a small red die showing two and a small peach die showing three in the scene.",3,4 2 3,peach red peach,medium small small
sample_03488.png,This picture contains a medium white die showing three and a large white die showing one.,2,3 1,white white,medium large
sample_03489.png,"This picture contains a large green die showing one, a large peach die showing six and a medium purple die showing six.",3,1 6 6,green peach purple,large large medium
sample_03490.png,"The image shows a medium peach die showing five, a small red die showing three and a large blue die showing five.",3,5 3 5,peach red blue,medium small large
sample_03491.png,A medium purple die is shown with a value of five.,1,5,purple,medium
sample_03493.png,The scene contains a large yellow die showing four and a large purple die showing five.,2,4 5,yellow purple,large large
sample_03495.png,There is one small green die showing three.,1,3,green,small
sample_03496.png,"There are a small red die showing four, a large white die showing four and a large red die showing three in the scene.",3,4 4 3,red white red,small large large
sample_03497.png,"The image shows a large blue die showing one, a small green die showing five and a large yellow die showing five.",3,1 5 5,blue green yellow,large small large
sample_03498.png,The image shows a medium white die showing two and a small white die showing two.,2,2 2,white white,medium small
sample_03499.png,"This picture contains a medium purple die showing six, a small yellow die showing five and a large blue die showing one.",3,6 5 1,purple yellow blue,medium small large
sample_03500.png,There is one medium red die showing one.,1,1,red,medium
sample_03501.png,This picture contains a small purple die showing five and a large yellow die showing three.,2,5 3,purple yellow,small large
sample_03502.png,A small yellow die is shown with a value of three.,1,3,yellow,small
sample_03504.png,This picture contains a large peach die showing four and a small blue die showing three.,2,4 3,peach blue,large small
sample_03506.png,This picture contains a large peach die displaying four.,1,4,peach,large
sample_03507.png,"This picture contains a small blue die showing six, a large yellow die showing six and a large peach die showing one.",3,6 6 1,blue yellow peach,small large large
sample_03509.png,The image shows one large green die with value six.,1,6,green,large
sample_03510.png,A small purple die is shown with a value of two.,1,2,purple,small
sample_03511.png,A large red die is shown with a value of two.,1,2,red,large
sample_03512.png,A medium white die is shown with a value of one.,1,1,white,medium
sample_03513.png,The image shows one small white die with value five.,1,5,white,small
sample_03514.png,This picture contains a medium red die showing one and a small blue die showing five.,2,1 5,red blue,medium small
sample_03515.png,The image shows one large peach die with value four.,1,4,peach,large
sample_03517.png,There are a large yellow die showing three and a small green die showing two in the scene.,2,3 2,yellow green,large small
sample_03519.png,This picture contains a medium yellow die displaying four.,1,4,yellow,medium
sample_03521.png,This picture contains a large yellow die displaying four.,1,4,yellow,large
sample_03523.png,"This picture contains a small white die showing two, a small green die showing three and a small blue die showing two.",3,2 3 2,white green blue,small small small
sample_03524.png,This picture contains a small green die showing one and a small blue die showing five.,2,1 5,green blue,small small
sample_03525.png,"A scene with 2 medium red dice is shown, displaying one and two.",2,1 2,red red,medium medium
sample_03526.png,The image shows a large peach die showing five and a medium purple die showing six.,2,5 6,peach purple,large medium
sample_03528.png,There are a small red die showing five and a medium red die showing six in the scene.,2,5 6,red red,small medium
sample_03529.png,This picture contains a medium purple die displaying six.,1,6,purple,medium
sample_03530.png,The image shows a medium yellow die showing three and a small red die showing six.,2,3 6,yellow red,medium small
sample_03532.png,"There are a medium yellow die showing one, a small white die showing four and a large peach die showing four in the scene.",3,1 4 4,yellow white peach,medium small large
sample_03533.png,The image shows a small yellow die showing five and a large purple die showing three.,2,5 3,yellow purple,small large
sample_03534.png,The image shows a medium peach die showing five and a medium white die showing five.,2,5 5,peach white,medium medium
sample_03537.png,There is one medium yellow die showing six.,1,6,yellow,medium
sample_03538.png,The image shows a medium red die showing five and a medium blue die showing three.,2,5 3,red blue,medium medium
sample_03539.png,This picture contains a small yellow die displaying one.,1,1,yellow,small
sample_03542.png,"This picture contains a medium red die showing six, a large blue die showing three and a medium blue die showing six.",3,6 3 6,red blue blue,medium large medium
sample_03543.png,A small red die is shown with a value of six.,1,6,red,small
sample_03544.png,This picture contains a small blue die showing six and a small white die showing six.,2,6 6,blue white,small small
sample_03545.png,There are a medium red die showing two and a medium purple die showing four in the scene.,2,2 4,red purple,medium medium
sample_03546.png,A large red die is shown with a value of two.,1,2,red,large
sample_03548.png,The image shows one small red die with value six.,1,6,red,small
sample_03549.png,There are a small white die showing four and a small red die showing three in the scene.,2,4 3,white red,small small
sample_03550.png,"The image shows a small purple die showing one, a medium white die showing two and a small red die showing one.",3,1 2 1,purple white red,small medium small
sample_03551.png,"The scene contains a small white die showing five, a small peach die showing three and a small purple die showing six.",3,5 3 6,white peach purple,small small small
sample_03552.png,This picture contains a small blue die displaying two.,1,2,blue,small
sample_03553.png,"This picture contains a medium blue die showing six, a large white die showing six and a large peach die showing six.",3,6 6 6,blue white peach,medium large large
sample_03555.png,"This picture contains a small red die showing four, a medium purple die showing three and a medium green die showing five.",3,4 3 5,red purple green,small medium medium
sample_03557.png,"There are a medium peach die showing two, a large purple die showing six and a medium peach die showing six in the scene.",3,2 6 6,peach purple peach,medium large medium
sample_03559.png,The image shows a large red die showing five and a medium green die showing three.,2,5 3,red green,large medium
sample_03560.png,The image shows one large red die with value four.,1,4,red,large
sample_03562.png,This picture contains a large white die showing one and a medium yellow die showing one.,2,1 1,white yellow,large medium
sample_03563.png,"There are a small white die showing six, a medium white die showing six and a large red die showing four in the scene.",3,6 6 4,white white red,small medium large
sample_03564.png,The image shows a medium blue die showing four and a large red die showing one.,2,4 1,blue red,medium large
sample_03565.png,The image shows a medium white die showing three and a large blue die showing six.,2,3 6,white blue,medium large
sample_03567.png,"The scene contains a medium red die showing two, a large red die showing six and a medium peach die showing two.",3,2 6 2,red red peach,medium large medium
sample_03569.png,This picture contains a small yellow die displaying four.,1,4,yellow,small
sample_03570.png,"The scene contains a large blue die showing four, a medium white die showing four and a small blue die showing six.",3,4 4 6,blue white blue,large medium small
sample_03571.png,The image shows a small peach die showing three and a small blue die showing four.,2,3 4,peach blue,small small
sample_03573.png,The image shows a large red die showing five and a large white die showing two.,2,5 2,red white,large large
sample_03574.png,This picture contains a large red die showing one and a small green die showing two.,2,1 2,red green,large small
sample_03575.png,There is one large yellow die showing one.,1,1,yellow,large
sample_03576.png,"This picture contains a small peach die showing six, a medium peach die showing five and a medium peach die showing four.",3,6 5 4,peach peach peach,small medium medium
sample_03578.png,This picture contains a medium green die displaying five.,1,5,green,medium
sample_03579.png,"The image shows a small red die showing one, a large peach die showing two and a small yellow die showing two.",3,1 2 2,red peach yellow,small large small
sample_03581.png,The image shows one small red die with value three.,1,3,red,small
sample_03582.png,"This picture contains a medium peach die showing one, a large purple die showing six and a medium green die showing five.",3,1 6 5,peach purple green,medium large medium
sample_03583.png,The image shows a large white die showing five and a large peach die showing four.,2,5 4,white peach,large large
sample_03584.png,"The image shows a small blue die showing five, a medium peach die showing six and a medium purple die showing one.",3,5 6 1,blue peach purple,small medium medium
sample_03585.png,"This picture contains a large blue die showing two, a medium purple die showing four and a large peach die showing five.",3,2 4 5,blue purple peach,large medium large
sample_03587.png,"This picture contains a small green die showing three, a medium peach die showing one and a large purple die showing four.",3,3 1 4,green peach purple,small medium large
sample_03588.png,The image shows one medium purple die with value six.,1,6,purple,medium
sample_03589.png,"The image shows a small red die showing four, a large yellow die showing five and a small red die showing two.",3,4 5 2,red yellow red,small large small
sample_03593.png,There are a medium green die showing two and a small blue die showing six in the scene.,2,2 6,green blue,medium small
sample_03596.png,The scene contains a small white die showing one and a medium peach die showing three.,2,1 3,white peach,small medium
sample_03597.png,This picture contains a small green die showing three and a small red die showing six.,2,3 6,green red,small small
sample_03599.png,"There are a medium yellow die showing six, a small peach die showing six and a medium yellow die showing one in the scene.",3,6 6 1,yellow peach yellow,medium small medium
sample_03601.png,The image shows a medium blue die showing one and a small yellow die showing one.,2,1 1,blue yellow,medium small
sample_03602.png,The image shows one small white die with value five.,1,5,white,small
sample_03604.png,There is one medium green die showing six.,1,6,green,medium
sample_03606.png,This picture contains a small blue die displaying six.,1,6,blue,small
sample_03608.png,"This picture contains a large green die showing one, a large yellow die showing four and a large blue die showing one.",3,1 4 1,green yellow blue,large large large
sample_03609.png,The image shows a medium blue die showing two and a small blue die showing five.,2,2 5,blue blue,medium small
sample_03613.png,There is one medium white die showing six.,1,6,white,medium
sample_03614.png,"The image shows a small yellow die showing two, a small white die showing five and a small green die showing one.",3,2 5 1,yellow white green,small small small
sample_03615.png,This picture contains a medium blue die displaying five.,1,5,blue,medium
sample_03616.png,There is one medium yellow die showing six.,1,6,yellow,medium
sample_03617.png,A small peach die is shown with a value of three.,1,3,peach,small
sample_03618.png,"The image shows a small yellow die showing four, a large purple die showing one and a medium green die showing one.",3,4 1 1,yellow purple green,small large medium
sample_03619.png,"There are a medium green die showing one, a medium yellow die showing two and a large yellow die showing three in the scene.",3,1 2 3,green yellow yellow,medium medium large
sample_03620.png,"The scene contains a medium blue die showing four, a small blue die showing four and a small red die showing one.",3,4 4 1,blue blue red,medium small small
sample_03621.png,"The scene contains a large red die showing three, a large yellow die showing two and a small white die showing two.",3,3 2 2,red yellow white,large large small
sample_03623.png,This picture contains a small white die displaying three.,1,3,white,small
sample_03624.png,This picture contains a medium white die displaying four.,1,4,white,medium
sample_03625.png,"The scene contains a medium red die showing one, a large blue die showing four and a medium yellow die showing four.",3,1 4 4,red blue yellow,medium large medium
sample_03628.png,The image shows a small purple die showing four and a medium blue die showing five.,2,4 5,purple blue,small medium
sample_03629.png,"The scene contains a large peach die showing three, a large white die showing three and a medium white die showing one.",3,3 3 1,peach white white,large large medium
sample_03630.png,The image shows one medium blue die with value six.,1,6,blue,medium
sample_03631.png,The scene contains a large green die showing two and a small yellow die showing three.,2,2 3,green yellow,large small
sample_03632.png,"The scene contains a large green die showing two, a small blue die showing three and a medium peach die showing one.",3,2 3 1,green blue peach,large small medium
sample_03633.png,There are a small blue die showing two and a medium blue die showing four in the scene.,2,2 4,blue blue,small medium
sample_03634.png,A small peach die is shown with a value of four.,1,4,peach,small
sample_03636.png,The scene contains a small white die showing four and a medium blue die showing two.,2,4 2,white blue,small medium
sample_03638.png,There are a large white die showing four and a large blue die showing one in the scene.,2,4 1,white blue,large large
sample_03640.png,There is one medium white die showing four.,1,4,white,medium
sample_03642.png,The image shows one small green die with value five.,1,5,green,small
sample_03643.png,"The image shows a small blue die showing four, a large yellow die showing three and a large green die showing three.",3,4 3 3,blue yellow green,small large large
sample_03644.png,A medium blue die is shown with a value of three.,1,3,blue,medium
sample_03645.png,The scene contains a small red die showing one and a medium red die showing six.,2,1 6,red red,small medium
sample_03646.png,There is one small red die showing six.,1,6,red,small
sample_03649.png,There are a large green die showing four and a large blue die showing four in the scene.,2,4 4,green blue,large large
sample_03650.png,The scene contains a large purple die showing four and a large yellow die showing three.,2,4 3,purple yellow,large large
sample_03655.png,There is one small yellow die showing two.,1,2,yellow,small
sample_03657.png,This picture contains a medium purple die displaying three.,1,3,purple,medium
sample_03658.png,This picture contains a small blue die showing three and a medium red die showing six.,2,3 6,blue red,small medium
sample_03659.png,A small peach die is shown with a value of one.,1,1,peach,small
sample_03660.png,The image shows a medium yellow die showing six and a small red die showing four.,2,6 4,yellow red,medium small
sample_03662.png,"The image shows a small purple die showing one, a small purple die showing three and a large blue die showing one.",3,1 3 1,purple purple blue,small small large
sample_03663.png,The image shows a small yellow die showing one and a large red die showing four.,2,1 4,yellow red,small large
sample_03664.png,The image shows one large blue die with value four.,1,4,blue,large
sample_03665.png,The scene contains a large purple die showing six and a small purple die showing three.,2,6 3,purple purple,large small
sample_03667.png,This picture contains a large blue die displaying five.,1,5,blue,large
sample_03668.png,There are a large purple die showing one and a medium yellow die showing three in the scene.,2,1 3,purple yellow,large medium
sample_03669.png,"This picture contains a small white die showing five, a medium purple die showing six and a small green die showing two.",3,5 6 2,white purple green,small medium small
sample_03671.png,This picture contains a large red die displaying five.,1,5,red,large
sample_03672.png,"This picture contains a small peach die showing three, a medium green die showing six and a medium purple die showing two.",3,3 6 2,peach green purple,small medium medium
sample_03673.png,The scene contains a large yellow die showing six and a small blue die showing three.,2,6 3,yellow blue,large small
sample_03674.png,The image shows a small blue die showing two and a medium green die showing two.,2,2 2,blue green,small medium
sample_03675.png,"The scene contains a medium red die showing two, a small red die showing four and a small peach die showing three.",3,2 4 3,red red peach,medium small small
sample_03676.png,There are a medium yellow die showing two and a large green die showing three in the scene.,2,2 3,yellow green,medium large
sample_03679.png,There are a small green die showing three and a medium peach die showing five in the scene.,2,3 5,green peach,small medium
sample_03680.png,There is one small yellow die showing six.,1,6,yellow,small
sample_03681.png,The scene contains a large blue die showing four and a small blue die showing five.,2,4 5,blue blue,large small
sample_03682.png,"The image shows a medium blue die showing two, a small purple die showing two and a medium white die showing five.",3,2 2 5,blue purple white,medium small medium
sample_03683.png,The image shows a medium red die showing two and a small green die showing one.,2,2 1,red green,medium small
sample_03684.png,A small red die is shown with a value of four.,1,4,red,small
sample_03685.png,"The scene contains a large yellow die showing three, a medium peach die showing one and a small blue die showing six.",3,3 1 6,yellow peach blue,large medium small
sample_03689.png,There is one medium yellow die showing two.,1,2,yellow,medium
sample_03690.png,A medium yellow die is shown with a value of six.,1,6,yellow,medium
sample_03691.png,"This picture contains a medium purple die showing one, a small purple die showing five and a small green die showing two.",3,1 5 2,purple purple green,medium small small
sample_03694.png,There is one medium white die showing five.,1,5,white,medium
sample_03696.png,There are a medium white die showing two and a medium peach die showing five in the scene.,2,2 5,white peach,medium medium
sample_03698.png,The scene contains a large green die showing five and a medium green die showing two.,2,5 2,green green,large medium
sample_03700.png,"The image shows a medium yellow die showing five, a large green die showing four and a small white die showing six.",3,5 4 6,yellow green white,medium large small
sample_03702.png,The image shows one large purple die with value two.,1,2,purple,large
sample_03704.png,The scene contains a small white die showing three and a large red die showing five.,2,3 5,white red,small large
sample_03705.png,"The scene contains a small purple die showing two, a small red die showing four and a medium peach die showing two.",3,2 4 2,purple red peach,small small medium
sample_03706.png,There is one small peach die showing one.,1,1,peach,small
sample_03707.png,This picture contains a large yellow die showing one and a large white die showing one.,2,1 1,yellow white,large large
sample_03708.png,The image shows one medium yellow die with value one.,1,1,yellow,medium
sample_03709.png,The image shows one medium yellow die with value three.,1,3,yellow,medium
sample_03710.png,"There are a medium purple die showing three, a large blue die showing one and a small white die showing one in the scene.",3,3 1 1,purple blue white,medium large small
sample_03714.png,The image shows a small green die showing four and a medium green die showing six.,2,4 6,green green,small medium
sample_03715.png,This picture contains a large white die showing two and a medium green die showing two.,2,2 2,white green,large medium
sample_03716.png,There is one large peach die showing four.,1,4,peach,large
sample_03717.png,There is one large blue die showing four.,1,4,blue,large
sample_03718.png,The image shows a medium purple die showing four and a large purple die showing four.,2,4 4,purple purple,medium large
sample_03720.png,The image shows a medium red die showing two and a medium purple die showing five.,2,2 5,red purple,medium medium
sample_03721.png,The scene contains a large purple die showing five and a small yellow die showing two.,2,5 2,purple yellow,large small
sample_03722.png,This picture contains a large peach die displaying three.,1,3,peach,large
sample_03723.png,The image shows a large red die showing five and a medium peach die showing two.,2,5 2,red peach,large medium
sample_03724.png,This picture contains a medium blue die displaying five.,1,5,blue,medium
sample_03725.png,This picture contains a small green die showing five and a large yellow die showing four.,2,5 4,green yellow,small large
sample_03727.png,"The scene contains a small red die showing six, a medium peach die showing three and a small yellow die showing two.",3,6 3 2,red peach yellow,small medium small
sample_03728.png,This picture contains a medium blue die showing one and a large red die showing one.,2,1 1,blue red,medium large
sample_03729.png,This picture contains a medium purple die displaying six.,1,6,purple,medium
sample_03731.png,"The scene contains a large white die showing one, a small purple die showing five and a large peach die showing three.",3,1 5 3,white purple peach,large small large
sample_03732.png,"The scene contains a small white die showing three, a large blue die showing three and a small blue die showing two.",3,3 3 2,white blue blue,small large small
sample_03734.png,"The image shows a medium green die showing one, a small white die showing two and a large red die showing four.",3,1 2 4,green white red,medium small large
sample_03737.png,The image shows one small yellow die with value three.,1,3,yellow,small
sample_03738.png,The image shows one medium yellow die with value four.,1,4,yellow,medium
sample_03739.png,"The scene contains a medium red die showing six, a large blue die showing four and a small blue die showing five.",3,6 4 5,red blue blue,medium large small
sample_03740.png,"This picture contains a large blue die showing six, a medium blue die showing six and a medium red die showing five.",3,6 6 5,blue blue red,large medium medium
sample_03742.png,"The scene contains a medium red die showing four, a medium peach die showing one and a medium yellow die showing six.",3,4 1 6,red peach yellow,medium medium medium
sample_03743.png,The scene contains a medium green die showing four and a large green die showing one.,2,4 1,green green,medium large
sample_03748.png,The image shows one large blue die with value five.,1,5,blue,large
sample_03750.png,"The image shows a large peach die showing six, a large peach die showing three and a small white die showing two.",3,6 3 2,peach peach white,large large small
sample_03751.png,"The scene contains a medium purple die showing five, a large blue die showing six and a small purple die showing two.",3,5 6 2,purple blue purple,medium large small
sample_03754.png,"The image shows a large purple die showing four, a medium red die showing one and a small peach die showing three.",3,4 1 3,purple red peach,large medium small
sample_03756.png,The image shows one medium white die with value two.,1,2,white,medium
sample_03757.png,A large green die is shown with a value of one.,1,1,green,large
sample_03759.png,There is one large peach die showing two.,1,2,peach,large
sample_03760.png,This picture contains a large peach die showing six and a large yellow die showing six.,2,6 6,peach yellow,large large
sample_03761.png,The image shows one small blue die with value three.,1,3,blue,small
sample_03762.png,"There are a small green die showing two, a large purple die showing five and a small green die showing two in the scene.",3,2 5 2,green purple green,small large small
sample_03764.png,There is one large yellow die showing six.,1,6,yellow,large
sample_03765.png,"The image shows a large yellow die showing two, a large red die showing six and a medium red die showing one.",3,2 6 1,yellow red red,large large medium
sample_03766.png,The scene contains a large red die showing four and a large white die showing five.,2,4 5,red white,large large
sample_03767.png,The scene contains a small peach die showing six and a small green die showing three.,2,6 3,peach green,small small
sample_03768.png,This picture contains a small green die displaying three.,1,3,green,small
sample_03770.png,This picture contains a small yellow die showing one and a medium peach die showing six.,2,1 6,yellow peach,small medium
sample_03771.png,The scene contains a large peach die showing five and a medium green die showing one.,2,5 1,peach green,large medium
sample_03772.png,The image shows one large white die with value six.,1,6,white,large
sample_03773.png,There is one large blue die showing three.,1,3,blue,large
sample_03774.png,There are a small white die showing two and a small green die showing one in the scene.,2,2 1,white green,small small
sample_03776.png,There are a small peach die showing three and a small green die showing one in the scene.,2,3 1,peach green,small small
sample_03781.png,The image shows a medium yellow die showing three and a small purple die showing six.,2,3 6,yellow purple,medium small
sample_03782.png,There is one medium blue die showing one.,1,1,blue,medium
sample_03783.png,The scene contains a small green die showing three and a small blue die showing five.,2,3 5,green blue,small small
sample_03784.png,A large green die is shown with a value of three.,1,3,green,large
sample_03787.png,The image shows a small blue die showing four and a large purple die showing four.,2,4 4,blue purple,small large
sample_03788.png,A medium yellow die is shown with a value of four.,1,4,yellow,medium
sample_03793.png,A medium white die is shown with a value of one.,1,1,white,medium
sample_03794.png,The image shows a small white die showing three and a large green die showing three.,2,3 3,white green,small large
sample_03795.png,There are a small green die showing three and a medium peach die showing five in the scene.,2,3 5,green peach,small medium
sample_03796.png,The scene contains a large peach die showing one and a medium peach die showing five.,2,1 5,peach peach,large medium
sample_03797.png,"There are a large purple die showing three, a small white die showing three and a small white die showing six in the scene.",3,3 3 6,purple white white,large small small
sample_03798.png,There is one large green die showing two.,1,2,green,large
sample_03801.png,"The scene contains a small yellow die showing two, a medium red die showing five and a large red die showing four.",3,2 5 4,yellow red red,small medium large
sample_03803.png,"The image shows a large peach die showing five, a small white die showing four and a large peach die showing four.",3,5 4 4,peach white peach,large small large
sample_03806.png,This picture contains a medium yellow die showing three and a small yellow die showing six.,2,3 6,yellow yellow,medium small
sample_03807.png,"This picture contains a large purple die showing five, a large blue die showing six and a medium green die showing one.",3,5 6 1,purple blue green,large large medium
sample_03808.png,The image shows a small yellow die showing four and a large blue die showing three.,2,4 3,yellow blue,small large
sample_03810.png,The image shows one large yellow die with value two.,1,2,yellow,large
sample_03812.png,"This picture contains a large purple die showing four, a small blue die showing one and a small yellow die showing one.",3,4 1 1,purple blue yellow,large small small
sample_03814.png,The image shows one medium purple die with value six.,1,6,purple,medium
sample_03815.png,This picture contains a small green die showing six and a small red die showing one.,2,6 1,green red,small small
sample_03816.png,The image shows a small purple die showing six and a medium green die showing one.,2,6 1,purple green,small medium
sample_03818.png,"There are a large blue die showing two, a medium blue die showing two and a large red die showing six in the scene.",3,2 2 6,blue blue red,large medium large
sample_03819.png,There is one large green die showing three.,1,3,green,large
sample_03822.png,A small green die is shown with a value of one.,1,1,green,small
sample_03823.png,This picture contains a medium white die displaying one.,1,1,white,medium
sample_03827.png,A large green die is shown with a value of four.,1,4,green,large
sample_03828.png,The scene contains a large peach die showing six and a medium green die showing three.,2,6 3,peach green,large medium
sample_03829.png,This picture contains a medium peach die showing two and a medium green die showing three.,2,2 3,peach green,medium medium
sample_03830.png,The scene contains a large green die showing six and a small white die showing one.,2,6 1,green white,large small
sample_03832.png,This picture contains a small green die showing one and a medium white die showing one.,2,1 1,green white,small medium
sample_03836.png,The image shows one large peach die with value two.,1,2,peach,large
sample_03837.png,"There are a large yellow die showing two, a large green die showing four and a small red die showing one in the scene.",3,2 4 1,yellow green red,large large small
sample_03838.png,A medium peach die is shown with a value of four.,1,4,peach,medium
sample_03839.png,"There are a large blue die showing three, a medium white die showing three and a small white die showing four in the scene.",3,3 3 4,blue white white,large medium small
sample_03841.png,This picture contains 2 small green dice displaying two and five.,2,2 5,green green,small small
sample_03842.png,The image shows one medium blue die with value one.,1,1,blue,medium
sample_03844.png,There is one large red die showing six.,1,6,red,large
sample_03845.png,This picture contains a small blue die displaying five.,1,5,blue,small
sample_03846.png,"The scene contains a medium red die showing three, a medium yellow die showing three and a medium red die showing three.",3,3 3 3,red yellow red,medium medium medium
sample_03847.png,This picture contains a medium white die displaying six.,1,6,white,medium
sample_03848.png,This picture contains a large green die showing one and a small white die showing one.,2,1 1,green white,large small
sample_03851.png,There is one small yellow die showing six.,1,6,yellow,small
sample_03852.png,"The image shows a small purple die showing four, a large peach die showing six and a small blue die showing one.",3,4 6 1,purple peach blue,small large small
sample_03855.png,The scene contains a medium purple die showing one and a small peach die showing four.,2,1 4,purple peach,medium small
sample_03857.png,"This picture contains a large purple die showing three, a medium green die showing six and a large purple die showing four.",3,3 6 4,purple green purple,large medium large
sample_03859.png,There is one large green die showing four.,1,4,green,large
sample_03860.png,"The scene contains a medium purple die showing five, a medium white die showing three and a large yellow die showing one.",3,5 3 1,purple white yellow,medium medium large
sample_03863.png,The scene contains a medium yellow die showing five and a medium peach die showing two.,2,5 2,yellow peach,medium medium
sample_03865.png,There is one large white die showing five.,1,5,white,large
sample_03866.png,"The scene contains a small yellow die showing three, a small green die showing three and a medium purple die showing two.",3,3 3 2,yellow green purple,small small medium
sample_03868.png,"The image shows a small yellow die showing three, a small green die showing six and a small green die showing two.",3,3 6 2,yellow green green,small small small
sample_03869.png,"The scene contains a medium white die showing three, a small red die showing five and a small red die showing six.",3,3 5 6,white red red,medium small small
sample_03870.png,This picture contains a medium blue die displaying six.,1,6,blue,medium
sample_03876.png,"There are a large white die showing one, a small red die showing one and a large red die showing three in the scene.",3,1 1 3,white red red,large small large
sample_03877.png,This picture contains a large red die displaying three.,1,3,red,large
sample_03878.png,This picture contains a large blue die showing six and a small peach die showing four.,2,6 4,blue peach,large small
sample_03880.png,The scene contains a medium red die showing four and a medium yellow die showing two.,2,4 2,red yellow,medium medium
sample_03881.png,This picture contains a large red die showing two and a medium purple die showing two.,2,2 2,red purple,large medium
sample_03883.png,This picture contains a large blue die displaying three.,1,3,blue,large
sample_03884.png,This picture contains a small white die showing three and a large peach die showing six.,2,3 6,white peach,small large
sample_03885.png,The image shows a small white die showing two and a small red die showing one.,2,2 1,white red,small small
sample_03887.png,"The scene contains a large blue die showing five, a medium white die showing four and a small peach die showing one.",3,5 4 1,blue white peach,large medium small
sample_03888.png,There are a medium yellow die showing three and a medium white die showing two in the scene.,2,3 2,yellow white,medium medium
sample_03889.png,"The image shows a small white die showing six, a small red die showing two and a large yellow die showing three.",3,6 2 3,white red yellow,small small large
sample_03893.png,This picture contains a medium peach die displaying four.,1,4,peach,medium
sample_03894.png,The image shows one medium peach die with value four.,1,4,peach,medium
sample_03896.png,This picture contains a small red die displaying five.,1,5,red,small
sample_03897.png,"The scene contains a small green die showing one, a large white die showing six and a small purple die showing two.",3,1 6 2,green white purple,small large small
sample_03899.png,"There are a large yellow die showing four, a medium green die showing two and a large yellow die showing one in the scene.",3,4 2 1,yellow green yellow,large medium large
sample_03900.png,A large blue die is shown with a value of four.,1,4,blue,large
sample_03901.png,There is one medium green die showing five.,1,5,green,medium
sample_03904.png,The image shows a large yellow die showing four and a small red die showing six.,2,4 6,yellow red,large small
sample_03905.png,The image shows one small blue die with value one.,1,1,blue,small
sample_03906.png,This picture contains a medium blue die showing six and a small yellow die showing five.,2,6 5,blue yellow,medium small
sample_03907.png,This picture contains a small white die showing five and a medium purple die showing two.,2,5 2,white purple,small medium
sample_03908.png,The image shows a large peach die showing four and a large white die showing five.,2,4 5,peach white,large large
sample_03909.png,There are a small peach die showing one and a medium purple die showing one in the scene.,2,1 1,peach purple,small medium
sample_03910.png,"There are a medium yellow die showing two, a medium white die showing four and a small white die showing one in the scene.",3,2 4 1,yellow white white,medium medium small
sample_03911.png,The scene contains a small blue die showing one and a small purple die showing four.,2,1 4,blue purple,small small
sample_03912.png,"There are a small peach die showing five, a small blue die showing six and a large peach die showing two in the scene.",3,5 6 2,peach blue peach,small small large
sample_03913.png,This picture contains a large white die showing one and a small peach die showing three.,2,1 3,white peach,large small
sample_03914.png,The image shows one small red die with value four.,1,4,red,small
sample_03915.png,A medium white die is shown with a value of two.,1,2,white,medium
sample_03916.png,"This picture contains a small green die showing one, a small white die showing six and a medium white die showing two.",3,1 6 2,green white white,small small medium
sample_03917.png,"The image shows a large peach die showing six, a large red die showing two and a small green die showing two.",3,6 2 2,peach red green,large large small
sample_03918.png,"This picture contains a medium blue die showing one, a large green die showing three and a medium purple die showing five.",3,1 3 5,blue green purple,medium large medium
sample_03919.png,"There are a small yellow die showing one, a large green die showing two and a medium purple die showing five in the scene.",3,1 2 5,yellow green purple,small large medium
sample_03920.png,There are a large blue die showing three and a large green die showing one in the scene.,2,3 1,blue green,large large
sample_03921.png,A small blue die is shown with a value of four.,1,4,blue,small
sample_03922.png,"This picture contains a large peach die showing one, a medium green die showing one and a large red die showing four.",3,1 1 4,peach green red,large medium large
sample_03924.png,The scene contains a medium red die showing three and a small green die showing four.,2,3 4,red green,medium small
sample_03926.png,"The scene contains a small yellow die showing four, a small yellow die showing four and a large white die showing three.",3,4 4 3,yellow yellow white,small small large
sample_03927.png,"There are a small peach die showing one, a large purple die showing five and a small purple die showing five in the scene.",3,1 5 5,peach purple purple,small large small
sample_03929.png,There are a small peach die showing four and a medium yellow die showing three in the scene.,2,4 3,peach yellow,small medium
sample_03930.png,"The image shows a large yellow die showing four, a medium green die showing two and a small green die showing three.",3,4 2 3,yellow green green,large medium small
sample_03931.png,"The scene contains a medium yellow die showing one, a large white die showing four and a large yellow die showing three.",3,1 4 3,yellow white yellow,medium large large
sample_03932.png,The image shows 2 large red dice with values one and one.,2,1 1,red red,large large
sample_03933.png,"The image shows a small white die showing one, a medium yellow die showing two and a small yellow die showing six.",3,1 2 6,white yellow yellow,small medium small
sample_03934.png,There is one large white die showing two.,1,2,white,large
sample_03935.png,A large purple die is shown with a value of one.,1,1,purple,large
sample_03936.png,There is one large green die showing five.,1,5,green,large
sample_03937.png,"There are a medium yellow die showing four, a small white die showing two and a small blue die showing five in the scene.",3,4 2 5,yellow white blue,medium small small
sample_03939.png,The image shows a small blue die showing six and a medium purple die showing three.,2,6 3,blue purple,small medium
sample_03940.png,The image shows one large blue die with value one.,1,1,blue,large
sample_03942.png,This picture contains a medium red die displaying five.,1,5,red,medium
sample_03944.png,A medium green die is shown with a value of six.,1,6,green,medium
sample_03945.png,"The scene contains a large blue die showing one, a large green die showing one and a small green die showing three.",3,1 1 3,blue green green,large large small
sample_03946.png,"There are a medium purple die showing five, a small yellow die showing one and a medium red die showing six in the scene.",3,5 1 6,purple yellow red,medium small medium
sample_03948.png,The scene contains a large purple die showing six and a medium peach die showing four.,2,6 4,purple peach,large medium
sample_03950.png,"This picture contains a large red die showing three, a large red die showing five and a large purple die showing five.",3,3 5 5,red red purple,large large large
sample_03951.png,The image shows a medium blue die showing two and a medium purple die showing four.,2,2 4,blue purple,medium medium
sample_03952.png,This picture contains a large red die displaying two.,1,2,red,large
sample_03953.png,A small green die is shown with a value of six.,1,6,green,small
sample_03954.png,The image shows a large white die showing two and a medium purple die showing two.,2,2 2,white purple,large medium
sample_03956.png,There are a large red die showing four and a large purple die showing four in the scene.,2,4 4,red purple,large large
sample_03957.png,A large peach die is shown with a value of five.,1,5,peach,large
sample_03958.png,The scene contains a medium peach die showing one and a small green die showing five.,2,1 5,peach green,medium small
sample_03959.png,"There are a small yellow die showing five, a large green die showing three and a small white die showing one in the scene.",3,5 3 1,yellow green white,small large small
sample_03960.png,"The image shows a medium purple die showing one, a large red die showing six and a large peach die showing five.",3,1 6 5,purple red peach,medium large large
sample_03961.png,"The scene contains a medium red die showing five, a small blue die showing one and a medium peach die showing six.",3,5 1 6,red blue peach,medium small medium
sample_03962.png,This picture contains a medium peach die showing five and a small green die showing five.,2,5 5,peach green,medium small
sample_03963.png,This picture contains a small peach die showing three and a small blue die showing six.,2,3 6,peach blue,small small
sample_03964.png,A medium purple die is shown with a value of one.,1,1,purple,medium
sample_03965.png,The image shows a large green die showing two and a small red die showing four.,2,2 4,green red,large small
sample_03968.png,The image shows a small blue die showing three and a large purple die showing one.,2,3 1,blue purple,small large
sample_03969.png,The scene contains a medium purple die showing six and a large blue die showing five.,2,6 5,purple blue,medium large
sample_03970.png,"There are a medium green die showing five, a medium yellow die showing four and a medium blue die showing one in the scene.",3,5 4 1,green yellow blue,medium medium medium
sample_03972.png,The scene contains a large red die showing two and a large yellow die showing two.,2,2 2,red yellow,large large
sample_03974.png,This picture contains a medium yellow die showing three and a small blue die showing four.,2,3 4,yellow blue,medium small
sample_03975.png,The image shows one large purple die with value five.,1,5,purple,large
sample_03976.png,"The image shows a large red die showing two, a large red die showing one and a small blue die showing six.",3,2 1 6,red red blue,large large small
sample_03977.png,"This picture contains a large green die showing three, a medium purple die showing three and a medium white die showing six.",3,3 3 6,green purple white,large medium medium
sample_03978.png,There are a medium red die showing three and a small blue die showing two in the scene.,2,3 2,red blue,medium small
sample_03980.png,This picture contains a large green die displaying six.,1,6,green,large
sample_03982.png,The image shows a medium peach die showing four and a large peach die showing three.,2,4 3,peach peach,medium large
sample_03983.png,"The image shows a small peach die showing three, a large yellow die showing four and a medium green die showing three.",3,3 4 3,peach yellow green,small large medium
sample_03984.png,The image shows a small yellow die showing three and a small blue die showing one.,2,3 1,yellow blue,small small
sample_03985.png,A medium peach die is shown with a value of two.,1,2,peach,medium
sample_03986.png,"The scene contains a small blue die showing three, a small yellow die showing four and a small yellow die showing five.",3,3 4 5,blue yellow yellow,small small small
sample_03987.png,This picture contains a large white die showing four and a medium purple die showing six.,2,4 6,white purple,large medium
sample_03988.png,There are a large green die showing three and a medium purple die showing four in the scene.,2,3 4,green purple,large medium
sample_03989.png,A large yellow die is shown with a value of six.,1,6,yellow,large
sample_03990.png,There are a small blue die showing five and a large blue die showing four in the scene.,2,5 4,blue blue,small large
sample_03991.png,There are a large green die showing one and a medium blue die showing three in the scene.,2,1 3,green blue,large medium
sample_03993.png,"The scene contains a large blue die showing six, a medium purple die showing six and a large yellow die showing three.",3,6 6 3,blue purple yellow,large medium large
sample_03994.png,"A scene with 2 medium blue dice is shown, displaying six and six.",2,6 6,blue blue,medium medium
sample_03995.png,"The image shows a large peach die showing three, a large red die showing one and a small yellow die showing six.",3,3 1 6,peach red yellow,large large small
sample_03996.png,The image shows 2 small peach dice with values five and four.,2,5 4,peach peach,small small
sample_03997.png,"This picture contains a large yellow die showing five, a large blue die showing one and a medium red die showing one.",3,5 1 1,yellow blue red,large large medium
sample_03998.png,This picture contains a large green die displaying two.,1,2,green,large
sample_04000.png,"There are a small yellow die showing one, a large green die showing four and a small purple die showing one in the scene.",3,1 4 1,yellow green purple,small large small
sample_04001.png,The image shows one small peach die with value three.,1,3,peach,small
sample_04002.png,"There are a large peach die showing two, a medium purple die showing one and a medium white die showing three in the scene.",3,2 1 3,peach purple white,large medium medium
sample_04003.png,There are a large peach die showing four and a medium green die showing four in the scene.,2,4 4,peach green,large medium
sample_04004.png,A small white die is shown with a value of one.,1,1,white,small
sample_04006.png,The scene contains a medium yellow die showing one and a large yellow die showing four.,2,1 4,yellow yellow,medium large
sample_04008.png,This picture contains a medium peach die displaying six.,1,6,peach,medium
sample_04009.png,This picture contains a large green die displaying three.,1,3,green,large
sample_04010.png,The image shows a small green die showing five and a small white die showing four.,2,5 4,green white,small small
sample_04011.png,The image shows a small green die showing five and a small red die showing five.,2,5 5,green red,small small
sample_04012.png,This picture contains a medium red die displaying three.,1,3,red,medium
sample_04013.png,The scene contains a large white die showing six and a small red die showing one.,2,6 1,white red,large small
sample_04014.png,The scene contains a small blue die showing two and a medium blue die showing one.,2,2 1,blue blue,small medium
sample_04016.png,"This picture contains a medium green die showing four, a medium blue die showing three and a medium yellow die showing two.",3,4 3 2,green blue yellow,medium medium medium
sample_04017.png,The image shows one medium white die with value six.,1,6,white,medium
sample_04018.png,A medium green die is shown with a value of six.,1,6,green,medium
sample_04019.png,The image shows a large blue die showing three and a small blue die showing five.,2,3 5,blue blue,large small
sample_04020.png,This picture contains a small red die displaying one.,1,1,red,small
sample_04021.png,"This picture contains a large purple die showing two, a medium red die showing two and a large purple die showing four.",3,2 2 4,purple red purple,large medium large
sample_04024.png,The scene contains a small red die showing four and a large white die showing two.,2,4 2,red white,small large
sample_04025.png,This picture contains a small yellow die showing three and a medium red die showing six.,2,3 6,yellow red,small medium
sample_04027.png,There are a medium white die showing three and a large purple die showing four in the scene.,2,3 4,white purple,medium large
sample_04028.png,There are a small purple die showing two and a medium red die showing two in the scene.,2,2 2,purple red,small medium
sample_04029.png,The image shows a medium green die showing five and a small yellow die showing one.,2,5 1,green yellow,medium small
sample_04030.png,"There are a small purple die showing two, a large yellow die showing one and a medium blue die showing two in the scene.",3,2 1 2,purple yellow blue,small large medium
sample_04032.png,The image shows a large blue die showing six and a small blue die showing two.,2,6 2,blue blue,large small
sample_04034.png,The image shows 2 small peach dice with values six and six.,2,6 6,peach peach,small small
sample_04035.png,"There are a large blue die showing two, a medium yellow die showing six and a medium yellow die showing three in the scene.",3,2 6 3,blue yellow yellow,large medium medium
sample_04037.png,The scene contains a medium purple die showing six and a medium red die showing three.,2,6 3,purple red,medium medium
sample_04038.png,There are a large green die showing five and a small peach die showing six in the scene.,2,5 6,green peach,large small
sample_04039.png,This picture contains a large peach die showing one and a large white die showing one.,2,1 1,peach white,large large
sample_04041.png,"There are a medium blue die showing three, a medium red die showing six and a small peach die showing six in the scene.",3,3 6 6,blue red peach,medium medium small
sample_04042.png,There is one medium yellow die showing one.,1,1,yellow,medium
sample_04044.png,The image shows one large red die with value two.,1,2,red,large
sample_04046.png,The image shows one large yellow die with value six.,1,6,yellow,large
sample_04047.png,"There are a large red die showing one, a small green die showing one and a small yellow die showing six in the scene.",3,1 1 6,red green yellow,large small small
sample_04048.png,The image shows a medium yellow die showing six and a medium red die showing four.,2,6 4,yellow red,medium medium
sample_04049.png,This picture contains a large peach die showing three and a small white die showing six.,2,3 6,peach white,large small
sample_04050.png,The scene contains a medium purple die showing two and a small blue die showing four.,2,2 4,purple blue,medium small
sample_04051.png,The scene contains a small purple die showing three and a large green die showing four.,2,3 4,purple green,small large
sample_04053.png,"There are a small peach die showing two, a small peach die showing two and a small white die showing three in the scene.",3,2 2 3,peach peach white,small small small
sample_04054.png,"This picture contains a large white die showing six, a small green die showing three and a small yellow die showing two.",3,6 3 2,white green yellow,large small small
sample_04055.png,There are a large white die showing six and a large red die showing five in the scene.,2,6 5,white red,large large
sample_04056.png,The image shows a large red die showing six and a large white die showing six.,2,6 6,red white,large large
sample_04057.png,This picture contains a small red die displaying three.,1,3,red,small
sample_04058.png,There are a large red die showing five and a small blue die showing six in the scene.,2,5 6,red blue,large small
sample_04059.png,This picture contains a medium peach die showing four and a large purple die showing four.,2,4 4,peach purple,medium large
sample_04060.png,A small red die is shown with a value of one.,1,1,red,small
sample_04061.png,The image shows one large blue die with value five.,1,5,blue,large
sample_04062.png,This picture contains a medium green die displaying one.,1,1,green,medium
sample_04063.png,This picture contains a large peach die showing two and a large red die showing five.,2,2 5,peach red,large large
sample_04064.png,This picture contains a medium yellow die displaying five.,1,5,yellow,medium
sample_04065.png,This picture contains 2 large green dice displaying six and four.,2,6 4,green green,large large
sample_04066.png,The scene contains a small purple die showing one and a medium red die showing one.,2,1 1,purple red,small medium
sample_04067.png,A small green die is shown with a value of four.,1,4,green,small
sample_04068.png,This picture contains a small yellow die displaying five.,1,5,yellow,small
sample_04069.png,A medium peach die is shown with a value of four.,1,4,peach,medium
sample_04071.png,There are a large green die showing six and a medium green die showing two in the scene.,2,6 2,green green,large medium
sample_04075.png,The scene contains a small peach die showing two and a large green die showing three.,2,2 3,peach green,small large
sample_04076.png,"The scene contains a medium red die showing five, a small green die showing one and a large white die showing four.",3,5 1 4,red green white,medium small large
sample_04077.png,The image shows one large yellow die with value four.,1,4,yellow,large
sample_04078.png,The scene contains a medium peach die showing one and a large red die showing two.,2,1 2,peach red,medium large
sample_04079.png,"There are a large red die showing three, a large white die showing five and a small red die showing four in the scene.",3,3 5 4,red white red,large large small
sample_04080.png,"There are a large purple die showing one, a small yellow die showing five and a medium purple die showing one in the scene.",3,1 5 1,purple yellow purple,large small medium
sample_04081.png,A small green die is shown with a value of six.,1,6,green,small
sample_04082.png,There is one medium red die showing three.,1,3,red,medium
sample_04084.png,There are a small blue die showing six and a large white die showing four in the scene.,2,6 4,blue white,small large
sample_04085.png,There is one large white die showing two.,1,2,white,large
sample_04086.png,This picture contains a large yellow die displaying six.,1,6,yellow,large
sample_04087.png,The image shows one medium red die with value four.,1,4,red,medium
sample_04088.png,"The image shows a small blue die showing three, a medium blue die showing three and a small blue die showing six.",3,3 3 6,blue blue blue,small medium small
sample_04090.png,There are a small white die showing four and a large green die showing one in the scene.,2,4 1,white green,small large
sample_04092.png,"The image shows a small purple die showing one, a large blue die showing three and a medium peach die showing four.",3,1 3 4,purple blue peach,small large medium
sample_04093.png,There are a large red die showing four and a medium purple die showing six in the scene.,2,4 6,red purple,large medium
sample_04094.png,The image shows one medium peach die with value two.,1,2,peach,medium
sample_04095.png,There is one medium blue die showing three.,1,3,blue,medium
sample_04096.png,"This picture contains a medium green die showing two, a small red die showing two and a small white die showing six.",3,2 2 6,green red white,medium small small
sample_04097.png,The image shows a small purple die showing two and a medium white die showing one.,2,2 1,purple white,small medium
sample_04103.png,"The image shows a large red die showing one, a small purple die showing four and a small white die showing four.",3,1 4 4,red purple white,large small small
sample_04104.png,A large red die is shown with a value of six.,1,6,red,large
sample_04106.png,"The image shows a small blue die showing two, a medium yellow die showing one and a medium purple die showing one.",3,2 1 1,blue yellow purple,small medium medium
sample_04111.png,There are a small green die showing four and a medium purple die showing three in the scene.,2,4 3,green purple,small medium
sample_04112.png,There are a medium peach die showing two and a small green die showing two in the scene.,2,2 2,peach green,medium small
sample_04115.png,"The image shows a small peach die showing three, a medium yellow die showing three and a large white die showing six.",3,3 3 6,peach yellow white,small medium large
sample_04116.png,There is one small blue die showing one.,1,1,blue,small
sample_04117.png,There are a medium yellow die showing one and a small white die showing five in the scene.,2,1 5,yellow white,medium small
sample_04119.png,This picture contains a large green die showing two and a medium purple die showing four.,2,2 4,green purple,large medium
sample_04120.png,The image shows one large peach die with value six.,1,6,peach,large
sample_04121.png,The image shows a medium peach die showing five and a small peach die showing five.,2,5 5,peach peach,medium small
sample_04122.png,"There are a medium white die showing three, a small red die showing six and a medium red die showing four in the scene.",3,3 6 4,white red red,medium small medium
sample_04123.png,There are a medium green die showing four and a small purple die showing four in the scene.,2,4 4,green purple,medium small
sample_04124.png,This picture contains a large yellow die displaying four.,1,4,yellow,large
sample_04125.png,There are a large green die showing two and a medium blue die showing four in the scene.,2,2 4,green blue,large medium
sample_04126.png,"This picture contains a small red die showing one, a large purple die showing one and a medium peach die showing three.",3,1 1 3,red purple peach,small large medium
sample_04129.png,The scene contains a small yellow die showing three and a medium green die showing two.,2,3 2,yellow green,small medium
sample_04130.png,"This picture contains a small peach die showing one, a medium red die showing three and a large green die showing four.",3,1 3 4,peach red green,small medium large
sample_04131.png,The image shows one large peach die with value six.,1,6,peach,large
sample_04132.png,There are a large yellow die showing four and a small purple die showing one in the scene.,2,4 1,yellow purple,large small
sample_04133.png,A medium yellow die is shown with a value of five.,1,5,yellow,medium
sample_04134.png,There is one large yellow die showing one.,1,1,yellow,large
sample_04135.png,"There are a medium white die showing two, a medium peach die showing one and a small yellow die showing six in the scene.",3,2 1 6,white peach yellow,medium medium small
sample_04136.png,The image shows a medium yellow die showing six and a medium purple die showing one.,2,6 1,yellow purple,medium medium
sample_04137.png,"This picture contains a small blue die showing one, a large red die showing three and a small green die showing six.",3,1 3 6,blue red green,small large small
sample_04138.png,"The image shows a small peach die showing one, a small red die showing six and a large green die showing four.",3,1 6 4,peach red green,small small large
sample_04139.png,This picture contains a medium yellow die showing five and a small green die showing five.,2,5 5,yellow green,medium small
sample_04140.png,"The image shows a medium green die showing five, a small red die showing six and a medium white die showing six.",3,5 6 6,green red white,medium small medium
sample_04141.png,There is one small blue die showing two.,1,2,blue,small
sample_04144.png,This picture contains a large green die displaying five.,1,5,green,large
sample_04145.png,This picture contains a small purple die displaying one.,1,1,purple,small
sample_04146.png,"There are a small white die showing six, a large peach die showing five and a large peach die showing five in the scene.",3,6 5 5,white peach peach,small large large
sample_04147.png,"The scene contains a medium purple die showing five, a medium peach die showing four and a large blue die showing five.",3,5 4 5,purple peach blue,medium medium large
sample_04149.png,There is one medium red die showing three.,1,3,red,medium
sample_04151.png,There is one large green die showing two.,1,2,green,large
sample_04152.png,There are a small blue die showing five and a small peach die showing four in the scene.,2,5 4,blue peach,small small
sample_04153.png,"There are a small red die showing four, a large white die showing three and a small blue die showing three in the scene.",3,4 3 3,red white blue,small large small
sample_04154.png,There are a medium peach die showing one and a medium purple die showing six in the scene.,2,1 6,peach purple,medium medium
sample_04155.png,A large peach die is shown with a value of one.,1,1,peach,large
sample_04156.png,"This picture contains a medium red die showing one, a small purple die showing one and a large blue die showing three.",3,1 1 3,red purple blue,medium small large
sample_04157.png,"The scene contains a medium green die showing two, a small green die showing three and a small yellow die showing four.",3,2 3 4,green green yellow,medium small small
sample_04158.png,"The scene contains a small peach die showing five, a medium purple die showing five and a small green die showing five.",3,5 5 5,peach purple green,small medium small
sample_04159.png,The image shows a large green die showing two and a medium purple die showing three.,2,2 3,green purple,large medium
sample_04160.png,"The image shows a medium purple die showing one, a small white die showing four and a medium blue die showing five.",3,1 4 5,purple white blue,medium small medium
sample_04162.png,The scene contains a large red die showing three and a large blue die showing one.,2,3 1,red blue,large large
sample_04164.png,There is one medium yellow die showing five.,1,5,yellow,medium
sample_04167.png,The image shows one medium yellow die with value two.,1,2,yellow,medium
sample_04168.png,The image shows a medium yellow die showing three and a small red die showing one.,2,3 1,yellow red,medium small
sample_04170.png,"The scene contains a small blue die showing one, a medium green die showing five and a small green die showing five.",3,1 5 5,blue green green,small medium small
sample_04172.png,The image shows one small white die with value three.,1,3,white,small
sample_04173.png,A large red die is shown with a value of three.,1,3,red,large
sample_04175.png,A medium peach die is shown with a value of four.,1,4,peach,medium
sample_04176.png,There is one large blue die showing one.,1,1,blue,large
sample_04177.png,"The scene contains a large yellow die showing three, a medium yellow die showing one and a medium white die showing three.",3,3 1 3,yellow yellow white,large medium medium
sample_04178.png,This picture contains a medium peach die displaying three.,1,3,peach,medium
sample_04179.png,"This picture contains a large yellow die showing four, a small peach die showing five and a medium blue die showing four.",3,4 5 4,yellow peach blue,large small medium
sample_04181.png,There are a large peach die showing one and a small white die showing five in the scene.,2,1 5,peach white,large small
sample_04182.png,The image shows one medium yellow die with value four.,1,4,yellow,medium
sample_04183.png,The image shows a large purple die showing five and a large red die showing two.,2,5 2,purple red,large large
sample_04184.png,This picture contains a large blue die displaying one.,1,1,blue,large
sample_04186.png,This picture contains a small peach die displaying three.,1,3,peach,small
sample_04187.png,"There are a small peach die showing six, a large red die showing four and a small green die showing four in the scene.",3,6 4 4,peach red green,small large small
sample_04188.png,"The scene contains a small purple die showing five, a small peach die showing two and a medium peach die showing five.",3,5 2 5,purple peach peach,small small medium
sample_04191.png,There are a large red die showing four and a small peach die showing three in the scene.,2,4 3,red peach,large small
sample_04192.png,The image shows a small white die showing one and a small blue die showing two.,2,1 2,white blue,small small
sample_04193.png,A small yellow die is shown with a value of one.,1,1,yellow,small
sample_04195.png,"The image shows a medium green die showing two, a large blue die showing two and a large yellow die showing six.",3,2 2 6,green blue yellow,medium large large
sample_04196.png,This picture contains a large peach die displaying six.,1,6,peach,large
sample_04197.png,The image shows one small yellow die with value one.,1,1,yellow,small
sample_04198.png,The scene contains a large green die showing two and a large blue die showing two.,2,2 2,green blue,large large
sample_04199.png,The scene contains a small yellow die showing five and a large green die showing five.,2,5 5,yellow green,small large
sample_04201.png,There is one medium yellow die showing four.,1,4,yellow,medium
sample_04202.png,A large blue die is shown with a value of six.,1,6,blue,large
sample_04203.png,This picture contains a large blue die displaying two.,1,2,blue,large
sample_04204.png,This picture contains a medium purple die showing three and a medium yellow die showing one.,2,3 1,purple yellow,medium medium
sample_04208.png,There are a medium yellow die showing six and a small blue die showing one in the scene.,2,6 1,yellow blue,medium small
sample_04209.png,There is one small blue die showing four.,1,4,blue,small
sample_04211.png,This picture contains a medium red die showing one and a medium purple die showing three.,2,1 3,red purple,medium medium
sample_04212.png,A medium blue die is shown with a value of one.,1,1,blue,medium
sample_04213.png,A small purple die is shown with a value of one.,1,1,purple,small
sample_04214.png,This picture contains a small green die displaying six.,1,6,green,small
sample_04215.png,This picture contains a small peach die showing one and a large yellow die showing five.,2,1 5,peach yellow,small large
sample_04216.png,"The image shows a medium red die showing five, a small red die showing six and a medium blue die showing three.",3,5 6 3,red red blue,medium small medium
sample_04217.png,This picture contains a medium white die displaying six.,1,6,white,medium
sample_04219.png,"The scene contains a medium red die showing four, a small purple die showing four and a large peach die showing one.",3,4 4 1,red purple peach,medium small large
sample_04220.png,This picture contains a small green die showing three and a large purple die showing one.,2,3 1,green purple,small large
sample_04222.png,There are a large red die showing one and a small peach die showing one in the scene.,2,1 1,red peach,large small
sample_04223.png,"This picture contains a small white die showing four, a medium green die showing five and a medium yellow die showing two.",3,4 5 2,white green yellow,small medium medium
sample_04224.png,There are a large yellow die showing four and a small green die showing six in the scene.,2,4 6,yellow green,large small
sample_04225.png,"This picture contains a medium white die showing five, a medium green die showing three and a medium red die showing one.",3,5 3 1,white green red,medium medium medium
sample_04226.png,There is one medium white die showing five.,1,5,white,medium
sample_04227.png,"There are a medium purple die showing three, a medium green die showing four and a large purple die showing six in the scene.",3,3 4 6,purple green purple,medium medium large
sample_04235.png,"The image shows a medium white die showing two, a medium yellow die showing one and a large white die showing two.",3,2 1 2,white yellow white,medium medium large
sample_04236.png,The scene contains a large blue die showing four and a small purple die showing five.,2,4 5,blue purple,large small
sample_04237.png,The image shows one small red die with value four.,1,4,red,small
sample_04238.png,There are a large yellow die showing six and a medium purple die showing three in the scene.,2,6 3,yellow purple,large medium
sample_04239.png,"There are a medium white die showing five, a large yellow die showing four and a large blue die showing two in the scene.",3,5 4 2,white yellow blue,medium large large
sample_04240.png,This picture contains a small peach die showing six and a small purple die showing four.,2,6 4,peach purple,small small
sample_04241.png,"This picture contains a medium blue die showing six, a medium red die showing five and a small yellow die showing five.",3,6 5 5,blue red yellow,medium medium small
sample_04242.png,This picture contains a medium purple die showing six and a large white die showing six.,2,6 6,purple white,medium large
sample_04243.png,"The image shows a small blue die showing six, a small purple die showing three and a large peach die showing one.",3,6 3 1,blue purple peach,small small large
sample_04244.png,There is one medium purple die showing three.,1,3,purple,medium
sample_04245.png,A medium yellow die is shown with a value of four.,1,4,yellow,medium
sample_04250.png,There are a medium red die showing two and a large green die showing one in the scene.,2,2 1,red green,medium large
sample_04251.png,A small green die is shown with a value of two.,1,2,green,small
sample_04253.png,The image shows 2 medium white dice with values three and five.,2,3 5,white white,medium medium
sample_04254.png,"The scene contains a large white die showing three, a small yellow die showing one and a medium green die showing two.",3,3 1 2,white yellow green,large small medium
sample_04255.png,There is one large red die showing three.,1,3,red,large
sample_04256.png,"There are a medium peach die showing one, a large green die showing four and a small white die showing two in the scene.",3,1 4 2,peach green white,medium large small
sample_04257.png,This picture contains a small peach die showing one and a medium green die showing one.,2,1 1,peach green,small medium
sample_04259.png,"There are a medium yellow die showing four, a medium white die showing three and a medium purple die showing one in the scene.",3,4 3 1,yellow white purple,medium medium medium
sample_04260.png,There is one small blue die showing three.,1,3,blue,small
sample_04261.png,The image shows one small red die with value four.,1,4,red,small
sample_04263.png,"The image shows a small blue die showing five, a medium purple die showing two and a large yellow die showing five.",3,5 2 5,blue purple yellow,small medium large
sample_04264.png,There are a small green die showing six and a large red die showing five in the scene.,2,6 5,green red,small large
sample_04266.png,"This picture contains a medium red die showing five, a small red die showing four and a medium peach die showing one.",3,5 4 1,red red peach,medium small medium
sample_04267.png,This picture contains a large blue die showing two and a large green die showing five.,2,2 5,blue green,large large
sample_04269.png,There is one small blue die showing five.,1,5,blue,small
sample_04270.png,"This picture contains a large red die showing four, a small red die showing six and a large purple die showing one.",3,4 6 1,red red purple,large small large
sample_04271.png,"The image shows a medium blue die showing six, a large peach die showing three and a small white die showing six.",3,6 3 6,blue peach white,medium large small
sample_04272.png,"There are a small yellow die showing three, a small blue die showing three and a large yellow die showing four in the scene.",3,3 3 4,yellow blue yellow,small small large
sample_04273.png,The scene contains a large white die showing one and a large purple die showing four.,2,1 4,white purple,large large
sample_04275.png,"This picture contains a small purple die showing six, a medium red die showing four and a medium green die showing two.",3,6 4 2,purple red green,small medium medium
sample_04276.png,This picture contains a medium yellow die displaying four.,1,4,yellow,medium
sample_04277.png,The image shows a medium purple die showing three and a small yellow die showing five.,2,3 5,purple yellow,medium small
sample_04278.png,"There are a large blue die showing four, a medium purple die showing four and a large green die showing one in the scene.",3,4 4 1,blue purple green,large medium large
sample_04280.png,"There are a large green die showing three, a medium red die showing one and a medium green die showing five in the scene.",3,3 1 5,green red green,large medium medium
sample_04281.png,The image shows a medium purple die showing four and a large red die showing four.,2,4 4,purple red,medium large
sample_04282.png,"The image shows a medium yellow die showing three, a medium purple die showing four and a small yellow die showing six.",3,3 4 6,yellow purple yellow,medium medium small
sample_04283.png,"The scene contains a medium purple die showing six, a large white die showing five and a large yellow die showing four.",3,6 5 4,purple white yellow,medium large large
sample_04285.png,There are a medium red die showing two and a small purple die showing three in the scene.,2,2 3,red purple,medium small
sample_04286.png,There are a medium white die showing five and a large purple die showing one in the scene.,2,5 1,white purple,medium large
sample_04289.png,This picture contains a medium red die showing six and a large peach die showing five.,2,6 5,red peach,medium large
sample_04290.png,This picture contains a small peach die displaying two.,1,2,peach,small
sample_04291.png,The scene contains a large red die showing six and a medium purple die showing one.,2,6 1,red purple,large medium
sample_04293.png,The image shows a medium peach die showing three and a small red die showing five.,2,3 5,peach red,medium small
sample_04294.png,A medium yellow die is shown with a value of two.,1,2,yellow,medium
sample_04295.png,"This picture contains a large yellow die showing two, a small red die showing three and a medium purple die showing two.",3,2 3 2,yellow red purple,large small medium
sample_04296.png,The image shows one large blue die with value five.,1,5,blue,large
sample_04298.png,"The scene contains a small peach die showing one, a large white die showing one and a medium blue die showing four.",3,1 1 4,peach white blue,small large medium
sample_04299.png,This picture contains a medium yellow die showing six and a small blue die showing five.,2,6 5,yellow blue,medium small
sample_04301.png,A small blue die is shown with a value of three.,1,3,blue,small
sample_04302.png,"This picture contains a small white die showing six, a small peach die showing four and a small red die showing two.",3,6 4 2,white peach red,small small small
sample_04303.png,The image shows a large green die showing four and a medium yellow die showing five.,2,4 5,green yellow,large medium
sample_04305.png,This picture contains a medium blue die showing four and a medium purple die showing two.,2,4 2,blue purple,medium medium
sample_04306.png,The scene contains a small red die showing five and a medium peach die showing one.,2,5 1,red peach,small medium
sample_04307.png,The scene contains a medium green die showing five and a large green die showing two.,2,5 2,green green,medium large
sample_04308.png,The image shows one large purple die with value two.,1,2,purple,large
sample_04310.png,"There are a medium peach die showing three, a small purple die showing one and a large blue die showing two in the scene.",3,3 1 2,peach purple blue,medium small large
sample_04313.png,The image shows one small white die with value one.,1,1,white,small
sample_04314.png,This picture contains a small peach die showing two and a medium yellow die showing three.,2,2 3,peach yellow,small medium
sample_04315.png,There is one large purple die showing five.,1,5,purple,large
sample_04317.png,This picture contains a medium peach die displaying five.,1,5,peach,medium
sample_04318.png,"The scene contains a small peach die showing one, a medium yellow die showing one and a medium purple die showing five.",3,1 1 5,peach yellow purple,small medium medium
sample_04321.png,This picture contains a medium blue die displaying four.,1,4,blue,medium
sample_04322.png,The image shows one large purple die with value five.,1,5,purple,large
sample_04323.png,"There are a large peach die showing three, a large purple die showing three and a small red die showing six in the scene.",3,3 3 6,peach purple red,large large small
sample_04326.png,There is one large white die showing six.,1,6,white,large
sample_04327.png,"This picture contains a small yellow die showing two, a medium white die showing two and a large purple die showing five.",3,2 2 5,yellow white purple,small medium large
sample_04328.png,This picture contains a large peach die displaying five.,1,5,peach,large
sample_04331.png,There is one small green die showing four.,1,4,green,small
sample_04334.png,"There are a large blue die showing six, a large blue die showing six and a medium green die showing three in the scene.",3,6 6 3,blue blue green,large large medium
sample_04335.png,This picture contains a medium green die displaying one.,1,1,green,medium
sample_04336.png,"This picture contains a medium purple die showing two, a large green die showing five and a medium white die showing three.",3,2 5 3,purple green white,medium large medium
sample_04337.png,There are a small red die showing six and a large purple die showing three in the scene.,2,6 3,red purple,small large
sample_04338.png,The scene contains a medium red die showing four and a medium green die showing one.,2,4 1,red green,medium medium
sample_04340.png,This picture contains a medium white die showing five and a small yellow die showing two.,2,5 2,white yellow,medium small
sample_04343.png,This picture contains a large white die displaying four.,1,4,white,large
sample_04344.png,"This picture contains a small yellow die showing three, a medium blue die showing four and a large purple die showing two.",3,3 4 2,yellow blue purple,small medium large
sample_04345.png,This picture contains a medium purple die displaying five.,1,5,purple,medium
sample_04348.png,The image shows one small white die with value three.,1,3,white,small
sample_04349.png,"This picture contains a large blue die showing five, a small green die showing four and a large red die showing two.",3,5 4 2,blue green red,large small large
sample_04350.png,The scene contains a medium purple die showing six and a small green die showing five.,2,6 5,purple green,medium small
sample_04351.png,"The image shows a medium red die showing one, a large red die showing two and a medium yellow die showing four.",3,1 2 4,red red yellow,medium large medium
sample_04352.png,The image shows one medium white die with value two.,1,2,white,medium
sample_04353.png,"This picture contains a small white die showing three, a small white die showing two and a large yellow die showing five.",3,3 2 5,white white yellow,small small large
sample_04355.png,"This picture contains a large red die showing five, a small white die showing six and a large red die showing four.",3,5 6 4,red white red,large small large
sample_04356.png,The image shows a large purple die showing two and a large red die showing five.,2,2 5,purple red,large large
sample_04359.png,A medium red die is shown with a value of five.,1,5,red,medium
sample_04361.png,There is one medium blue die showing four.,1,4,blue,medium
sample_04362.png,"There are a small red die showing one, a large white die showing three and a large purple die showing four in the scene.",3,1 3 4,red white purple,small large large
sample_04363.png,"The scene contains a small peach die showing one, a large peach die showing four and a medium blue die showing three.",3,1 4 3,peach peach blue,small large medium
sample_04364.png,This picture contains a medium yellow die showing two and a medium white die showing three.,2,2 3,yellow white,medium medium
sample_04365.png,There are a medium white die showing three and a small white die showing four in the scene.,2,3 4,white white,medium small
sample_04366.png,There is one large blue die showing four.,1,4,blue,large
sample_04367.png,There is one small peach die showing four.,1,4,peach,small
sample_04368.png,The image shows one medium red die with value four.,1,4,red,medium
sample_04369.png,"The scene contains a large green die showing one, a medium peach die showing four and a medium red die showing two.",3,1 4 2,green peach red,large medium medium
sample_04371.png,"The scene contains a small white die showing five, a large purple die showing five and a medium red die showing one.",3,5 5 1,white purple red,small large medium
sample_04372.png,"There are a large peach die showing five, a medium peach die showing two and a small blue die showing one in the scene.",3,5 2 1,peach peach blue,large medium small
sample_04374.png,The scene contains a large purple die showing four and a medium blue die showing two.,2,4 2,purple blue,large medium
sample_04375.png,There is one small purple die showing six.,1,6,purple,small
sample_04378.png,"There are a large peach die showing two, a medium purple die showing three and a medium blue die showing three in the scene.",3,2 3 3,peach purple blue,large medium medium
sample_04379.png,A large white die is shown with a value of five.,1,5,white,large
sample_04380.png,There are a small green die showing five and a medium yellow die showing six in the scene.,2,5 6,green yellow,small medium
sample_04381.png,"The scene contains a large white die showing three, a small blue die showing six and a medium red die showing five.",3,3 6 5,white blue red,large small medium
sample_04383.png,"The scene contains a medium peach die showing one, a medium white die showing one and a small yellow die showing two.",3,1 1 2,peach white yellow,medium medium small
sample_04384.png,This picture contains a small peach die displaying one.,1,1,peach,small
sample_04386.png,The scene contains a medium red die showing six and a small white die showing six.,2,6 6,red white,medium small
sample_04387.png,The scene contains a large purple die showing two and a large blue die showing three.,2,2 3,purple blue,large large
sample_04388.png,"The image shows a large blue die showing four, a medium white die showing three and a medium white die showing three.",3,4 3 3,blue white white,large medium medium
sample_04390.png,The image shows one small red die with value two.,1,2,red,small
sample_04391.png,There are a large blue die showing six and a medium purple die showing two in the scene.,2,6 2,blue purple,large medium
sample_04392.png,This picture contains a medium green die displaying six.,1,6,green,medium
sample_04393.png,This picture contains a large blue die displaying three.,1,3,blue,large
sample_04394.png,This picture contains 2 large green dice displaying three and one.,2,3 1,green green,large large
sample_04396.png,"The scene contains a small red die showing two, a large white die showing one and a medium yellow die showing six.",3,2 1 6,red white yellow,small large medium
sample_04397.png,The image shows one large purple die with value one.,1,1,purple,large
sample_04398.png,"This picture contains a large red die showing three, a large purple die showing one and a medium purple die showing four.",3,3 1 4,red purple purple,large large medium
sample_04399.png,This picture contains a small red die displaying two.,1,2,red,small
sample_04400.png,"The scene contains a small green die showing five, a medium purple die showing two and a small white die showing five.",3,5 2 5,green purple white,small medium small
sample_04401.png,"There are a small yellow die showing one, a large red die showing one and a small peach die showing four in the scene.",3,1 1 4,yellow red peach,small large small
sample_04403.png,This picture contains a large yellow die showing four and a large white die showing one.,2,4 1,yellow white,large large
sample_04404.png,The image shows one large white die with value five.,1,5,white,large
sample_04405.png,"This picture contains a large yellow die showing five, a small green die showing five and a small peach die showing six.",3,5 5 6,yellow green peach,large small small
sample_04408.png,"This picture contains a large purple die showing three, a small blue die showing one and a large yellow die showing five.",3,3 1 5,purple blue yellow,large small large
sample_04410.png,There are a large yellow die showing two and a large white die showing two in the scene.,2,2 2,yellow white,large large
sample_04411.png,There are a large peach die showing two and a medium peach die showing two in the scene.,2,2 2,peach peach,large medium
sample_04412.png,"The scene contains a medium green die showing five, a medium green die showing six and a medium yellow die showing six.",3,5 6 6,green green yellow,medium medium medium
sample_04413.png,The scene contains a medium white die showing six and a large blue die showing six.,2,6 6,white blue,medium large
sample_04414.png,A large red die is shown with a value of one.,1,1,red,large
sample_04415.png,"This picture contains a large red die showing six, a large red die showing six and a large peach die showing three.",3,6 6 3,red red peach,large large large
sample_04416.png,There is one large peach die showing two.,1,2,peach,large
sample_04418.png,"The image shows a large peach die showing two, a large blue die showing one and a small yellow die showing three.",3,2 1 3,peach blue yellow,large large small
sample_04420.png,"This picture contains a small green die showing four, a small peach die showing three and a medium peach die showing four.",3,4 3 4,green peach peach,small small medium
sample_04421.png,"The image shows a small red die showing two, a medium yellow die showing one and a small red die showing two.",3,2 1 2,red yellow red,small medium small
sample_04422.png,This picture contains a large red die showing five and a large yellow die showing five.,2,5 5,red yellow,large large
sample_04423.png,A small blue die is shown with a value of five.,1,5,blue,small
sample_04424.png,This picture contains a medium purple die showing five and a medium blue die showing five.,2,5 5,purple blue,medium medium
sample_04426.png,The image shows one large green die with value six.,1,6,green,large
sample_04427.png,This picture contains a medium yellow die displaying one.,1,1,yellow,medium
sample_04428.png,"The scene contains a large green die showing six, a large purple die showing one and a small blue die showing six.",3,6 1 6,green purple blue,large large small
sample_04430.png,"This picture contains a small yellow die showing five, a medium blue die showing one and a medium blue die showing five.",3,5 1 5,yellow blue blue,small medium medium
sample_04431.png,The image shows one large peach die with value five.,1,5,peach,large
sample_04432.png,"There are a medium white die showing one, a small blue die showing five and a large red die showing six in the scene.",3,1 5 6,white blue red,medium small large
sample_04433.png,The image shows one large white die with value six.,1,6,white,large
sample_04434.png,The image shows one medium white die with value three.,1,3,white,medium
sample_04438.png,The image shows a medium purple die showing two and a small blue die showing two.,2,2 2,purple blue,medium small
sample_04440.png,This picture contains a small blue die showing five and a small green die showing six.,2,5 6,blue green,small small
sample_04441.png,A medium yellow die is shown with a value of two.,1,2,yellow,medium
sample_04442.png,A large white die is shown with a value of one.,1,1,white,large
sample_04443.png,This picture contains a medium purple die showing two and a small green die showing three.,2,2 3,purple green,medium small
sample_04445.png,"The image shows a medium yellow die showing four, a medium purple die showing one and a small purple die showing four.",3,4 1 4,yellow purple purple,medium medium small
sample_04446.png,"There are a medium yellow die showing two, a small peach die showing four and a medium blue die showing four in the scene.",3,2 4 4,yellow peach blue,medium small medium
sample_04447.png,"The scene contains a large purple die showing two, a medium yellow die showing five and a large green die showing two.",3,2 5 2,purple yellow green,large medium large
sample_04448.png,There are a large yellow die showing one and a medium red die showing two in the scene.,2,1 2,yellow red,large medium
sample_04449.png,The scene contains a medium green die showing one and a medium blue die showing five.,2,1 5,green blue,medium medium
sample_04450.png,There are a large blue die showing two and a large yellow die showing three in the scene.,2,2 3,blue yellow,large large
sample_04451.png,A medium white die is shown with a value of one.,1,1,white,medium
sample_04452.png,There is one medium peach die showing three.,1,3,peach,medium
sample_04453.png,There is one large green die showing two.,1,2,green,large
sample_04454.png,This picture contains a small yellow die showing six and a small red die showing three.,2,6 3,yellow red,small small
sample_04457.png,The image shows a large peach die showing four and a large purple die showing six.,2,4 6,peach purple,large large
sample_04458.png,The image shows one small blue die with value three.,1,3,blue,small
sample_04459.png,A small green die is shown with a value of six.,1,6,green,small
sample_04460.png,"The scene contains a small yellow die showing three, a medium red die showing four and a medium peach die showing four.",3,3 4 4,yellow red peach,small medium medium
sample_04462.png,"This picture contains a medium green die showing four, a large green die showing five and a small red die showing six.",3,4 5 6,green green red,medium large small
sample_04463.png,This picture contains a small blue die displaying two.,1,2,blue,small
sample_04465.png,"This picture contains a large red die showing three, a medium red die showing two and a medium yellow die showing six.",3,3 2 6,red red yellow,large medium medium
sample_04466.png,This picture contains a small red die displaying three.,1,3,red,small
sample_04467.png,The scene contains a large green die showing five and a large yellow die showing two.,2,5 2,green yellow,large large
sample_04470.png,The image shows one small white die with value six.,1,6,white,small
sample_04471.png,"There are a medium green die showing two, a large peach die showing six and a large blue die showing one in the scene.",3,2 6 1,green peach blue,medium large large
sample_04472.png,"The image shows a small green die showing five, a small yellow die showing five and a small blue die showing one.",3,5 5 1,green yellow blue,small small small
sample_04473.png,"The image shows a small yellow die showing six, a large green die showing four and a medium white die showing five.",3,6 4 5,yellow green white,small large medium
sample_04475.png,There are a medium blue die showing two and a small white die showing five in the scene.,2,2 5,blue white,medium small
sample_04476.png,The scene contains a small peach die showing four and a small white die showing five.,2,4 5,peach white,small small
sample_04478.png,This picture contains 2 small purple dice displaying four and five.,2,4 5,purple purple,small small
sample_04481.png,A large blue die is shown with a value of four.,1,4,blue,large
sample_04483.png,"The scene contains a medium peach die showing one, a medium peach die showing five and a medium blue die showing five.",3,1 5 5,peach peach blue,medium medium medium
sample_04484.png,There is one large peach die showing five.,1,5,peach,large
sample_04486.png,The image shows a large green die showing six and a medium blue die showing five.,2,6 5,green blue,large medium
sample_04487.png,"This picture contains a large red die showing five, a large red die showing one and a small blue die showing six.",3,5 1 6,red red blue,large large small
sample_04488.png,The image shows one small yellow die with value five.,1,5,yellow,small
sample_04489.png,The image shows 2 medium peach dice with values six and five.,2,6 5,peach peach,medium medium
sample_04490.png,There is one large yellow die showing five.,1,5,yellow,large
sample_04491.png,There is one large purple die showing six.,1,6,purple,large
sample_04494.png,The image shows a medium purple die showing six and a medium yellow die showing six.,2,6 6,purple yellow,medium medium
sample_04495.png,The image shows a large yellow die showing three and a small green die showing six.,2,3 6,yellow green,large small
sample_04496.png,"This picture contains a small peach die showing two, a medium blue die showing two and a medium blue die showing one.",3,2 2 1,peach blue blue,small medium medium
sample_04497.png,There is one small blue die showing four.,1,4,blue,small
sample_04498.png,A large peach die is shown with a value of three.,1,3,peach,large
sample_04500.png,The image shows one large blue die with value four.,1,4,blue,large
sample_04501.png,There are a medium yellow die showing five and a medium red die showing six in the scene.,2,5 6,yellow red,medium medium
sample_04502.png,There is one small yellow die showing four.,1,4,yellow,small
sample_04503.png,A large yellow die is shown with a value of four.,1,4,yellow,large
sample_04504.png,A small red die is shown with a value of three.,1,3,red,small
sample_04505.png,"A scene with 2 small peach dice is shown, displaying five and one.",2,5 1,peach peach,small small
sample_04506.png,"The image shows a medium green die showing four, a large green die showing three and a large yellow die showing three.",3,4 3 3,green green yellow,medium large large
sample_04509.png,There is one small green die showing one.,1,1,green,small
sample_04510.png,There are a large purple die showing five and a small yellow die showing two in the scene.,2,5 2,purple yellow,large small
sample_04511.png,This picture contains a large red die displaying five.,1,5,red,large
sample_04512.png,The scene contains a medium red die showing four and a medium blue die showing four.,2,4 4,red blue,medium medium
sample_04513.png,"A scene with 2 medium yellow dice is shown, displaying six and four.",2,6 4,yellow yellow,medium medium
sample_04514.png,The image shows a small blue die showing four and a small peach die showing six.,2,4 6,blue peach,small small
sample_04517.png,"The image shows a small yellow die showing five, a large blue die showing three and a small purple die showing one.",3,5 3 1,yellow blue purple,small large small
sample_04518.png,There are a small green die showing four and a large yellow die showing five in the scene.,2,4 5,green yellow,small large
sample_04519.png,The image shows one medium green die with value four.,1,4,green,medium
sample_04520.png,"There are a large blue die showing six, a large blue die showing four and a medium blue die showing one in the scene.",3,6 4 1,blue blue blue,large large medium
sample_04521.png,"This picture contains a large purple die showing two, a small peach die showing three and a medium blue die showing three.",3,2 3 3,purple peach blue,large small medium
sample_04522.png,"This picture contains a small white die showing three, a medium red die showing five and a small red die showing two.",3,3 5 2,white red red,small medium small
sample_04523.png,The image shows a medium white die showing five and a medium purple die showing five.,2,5 5,white purple,medium medium
sample_04524.png,"The image shows a large blue die showing two, a small white die showing one and a medium blue die showing five.",3,2 1 5,blue white blue,large small medium
sample_04525.png,The image shows one large purple die with value two.,1,2,purple,large
sample_04528.png,This picture contains a small green die displaying three.,1,3,green,small
sample_04531.png,This picture contains a medium peach die showing five and a small peach die showing five.,2,5 5,peach peach,medium small
sample_04532.png,This picture contains a large peach die showing six and a small purple die showing four.,2,6 4,peach purple,large small
sample_04535.png,"The image shows a medium blue die showing four, a large purple die showing two and a medium red die showing two.",3,4 2 2,blue purple red,medium large medium
sample_04536.png,There is one small peach die showing five.,1,5,peach,small
sample_04537.png,The scene contains a small purple die showing three and a large purple die showing six.,2,3 6,purple purple,small large
sample_04538.png,This picture contains 2 large yellow dice displaying one and three.,2,1 3,yellow yellow,large large
sample_04539.png,The image shows a small yellow die showing two and a small green die showing five.,2,2 5,yellow green,small small
sample_04542.png,There is one large peach die showing five.,1,5,peach,large
sample_04543.png,"A scene with 2 medium yellow dice is shown, displaying two and two.",2,2 2,yellow yellow,medium medium
sample_04544.png,There is one medium yellow die showing five.,1,5,yellow,medium
sample_04545.png,The image shows a large red die showing six and a small yellow die showing three.,2,6 3,red yellow,large small
sample_04546.png,There are a large peach die showing one and a medium purple die showing three in the scene.,2,1 3,peach purple,large medium
sample_04548.png,This picture contains a small green die showing three and a large green die showing three.,2,3 3,green green,small large
sample_04549.png,The image shows one medium green die with value six.,1,6,green,medium
sample_04550.png,This picture contains a medium peach die displaying five.,1,5,peach,medium
sample_04552.png,This picture contains a medium red die displaying five.,1,5,red,medium
sample_04553.png,This picture contains a small red die showing five and a medium blue die showing one.,2,5 1,red blue,small medium
sample_04555.png,This picture contains a large yellow die showing two and a medium purple die showing one.,2,2 1,yellow purple,large medium
sample_04557.png,The image shows one medium yellow die with value two.,1,2,yellow,medium
sample_04558.png,There are a medium white die showing five and a medium peach die showing two in the scene.,2,5 2,white peach,medium medium
sample_04559.png,The image shows one medium white die with value five.,1,5,white,medium
sample_04561.png,"There are a medium white die showing three, a large yellow die showing one and a large red die showing four in the scene.",3,3 1 4,white yellow red,medium large large
sample_04562.png,The scene contains a large peach die showing one and a small red die showing one.,2,1 1,peach red,large small
sample_04563.png,This picture contains a small blue die showing six and a small yellow die showing two.,2,6 2,blue yellow,small small
sample_04564.png,The image shows a small white die showing five and a medium purple die showing two.,2,5 2,white purple,small medium
sample_04565.png,There is one large peach die showing six.,1,6,peach,large
sample_04566.png,The image shows a small white die showing five and a large blue die showing three.,2,5 3,white blue,small large
sample_04568.png,"This picture contains a small green die showing one, a medium red die showing five and a large blue die showing one.",3,1 5 1,green red blue,small medium large
sample_04569.png,This picture contains a large green die displaying six.,1,6,green,large
sample_04570.png,There is one large peach die showing four.,1,4,peach,large
sample_04571.png,"This picture contains a large red die showing six, a medium yellow die showing four and a large purple die showing four.",3,6 4 4,red yellow purple,large medium large
sample_04572.png,There are a large purple die showing one and a large yellow die showing two in the scene.,2,1 2,purple yellow,large large
sample_04573.png,"The image shows a large peach die showing two, a small white die showing six and a medium purple die showing two.",3,2 6 2,peach white purple,large small medium
sample_04575.png,The image shows one small red die with value three.,1,3,red,small
sample_04576.png,This picture contains a small peach die showing one and a large peach die showing four.,2,1 4,peach peach,small large
sample_04578.png,The image shows 2 medium white dice with values one and four.,2,1 4,white white,medium medium
sample_04579.png,A large blue die is shown with a value of six.,1,6,blue,large
sample_04581.png,The scene contains a medium white die showing two and a large blue die showing two.,2,2 2,white blue,medium large
sample_04582.png,There are a small yellow die showing six and a medium purple die showing two in the scene.,2,6 2,yellow purple,small medium
sample_04584.png,"The scene contains a medium green die showing four, a large yellow die showing five and a small peach die showing six.",3,4 5 6,green yellow peach,medium large small
sample_04585.png,"The scene contains a large red die showing five, a medium yellow die showing four and a small peach die showing four.",3,5 4 4,red yellow peach,large medium small
sample_04586.png,The scene contains a small white die showing one and a large yellow die showing five.,2,1 5,white yellow,small large
sample_04587.png,There is one large peach die showing five.,1,5,peach,large
sample_04588.png,This picture contains a small yellow die showing four and a small green die showing six.,2,4 6,yellow green,small small
sample_04589.png,The image shows a small blue die showing two and a small yellow die showing one.,2,2 1,blue yellow,small small
sample_04590.png,The scene contains a small peach die showing six and a small blue die showing three.,2,6 3,peach blue,small small
sample_04592.png,The scene contains a small purple die showing six and a medium blue die showing six.,2,6 6,purple blue,small medium
sample_04593.png,"This picture contains a large red die showing five, a small blue die showing four and a medium red die showing four.",3,5 4 4,red blue red,large small medium
sample_04595.png,There are a large yellow die showing three and a medium purple die showing six in the scene.,2,3 6,yellow purple,large medium
sample_04596.png,There is one small red die showing six.,1,6,red,small
sample_04597.png,"The scene contains a large red die showing four, a large purple die showing two and a medium green die showing five.",3,4 2 5,red purple green,large large medium
sample_04599.png,There are a medium blue die showing four and a large peach die showing six in the scene.,2,4 6,blue peach,medium large
sample_04600.png,The image shows a small red die showing two and a medium green die showing six.,2,2 6,red green,small medium
sample_04602.png,"The image shows a medium peach die showing three, a medium blue die showing five and a medium green die showing six.",3,3 5 6,peach blue green,medium medium medium
sample_04604.png,The image shows a large yellow die showing five and a small peach die showing five.,2,5 5,yellow peach,large small
sample_04605.png,This picture contains a medium red die displaying six.,1,6,red,medium
sample_04606.png,This picture contains a medium red die displaying six.,1,6,red,medium
sample_04607.png,There are a small peach die showing one and a medium yellow die showing one in the scene.,2,1 1,peach yellow,small medium
sample_04609.png,A small purple die is shown with a value of one.,1,1,purple,small
sample_04611.png,A large green die is shown with a value of four.,1,4,green,large
sample_04612.png,"This picture contains a large purple die showing one, a medium yellow die showing four and a large blue die showing two.",3,1 4 2,purple yellow blue,large medium large
sample_04613.png,The scene contains a small red die showing four and a large peach die showing five.,2,4 5,red peach,small large
sample_04614.png,The image shows a medium white die showing six and a medium yellow die showing one.,2,6 1,white yellow,medium medium
sample_04615.png,"The scene contains a medium blue die showing three, a large green die showing two and a large green die showing four.",3,3 2 4,blue green green,medium large large
sample_04617.png,There is one medium peach die showing three.,1,3,peach,medium
sample_04618.png,"This picture contains a small red die showing four, a large white die showing three and a medium white die showing five.",3,4 3 5,red white white,small large medium
sample_04619.png,"This picture contains a medium white die showing five, a small white die showing two and a large yellow die showing six.",3,5 2 6,white white yellow,medium small large
sample_04620.png,There is one large peach die showing four.,1,4,peach,large
sample_04621.png,A small purple die is shown with a value of six.,1,6,purple,small
sample_04622.png,A medium blue die is shown with a value of two.,1,2,blue,medium
sample_04623.png,This picture contains a medium blue die displaying five.,1,5,blue,medium
sample_04624.png,The scene contains a medium blue die showing three and a small white die showing five.,2,3 5,blue white,medium small
sample_04625.png,The image shows one medium green die with value five.,1,5,green,medium
sample_04626.png,The image shows a small green die showing three and a medium white die showing one.,2,3 1,green white,small medium
sample_04627.png,This picture contains a medium blue die showing two and a small purple die showing five.,2,2 5,blue purple,medium small
sample_04628.png,A large blue die is shown with a value of two.,1,2,blue,large
sample_04632.png,A small yellow die is shown with a value of six.,1,6,yellow,small
sample_04633.png,The scene contains a large purple die showing one and a medium peach die showing one.,2,1 1,purple peach,large medium
sample_04635.png,The scene contains a large red die showing one and a medium blue die showing five.,2,1 5,red blue,large medium
sample_04637.png,A large white die is shown with a value of two.,1,2,white,large
sample_04638.png,"There are a small purple die showing one, a medium peach die showing five and a large blue die showing two in the scene.",3,1 5 2,purple peach blue,small medium large
sample_04640.png,The scene contains a medium purple die showing one and a small peach die showing one.,2,1 1,purple peach,medium small
sample_04641.png,"This picture contains a large peach die showing four, a medium white die showing five and a medium white die showing three.",3,4 5 3,peach white white,large medium medium
sample_04642.png,"The image shows a medium blue die showing five, a medium yellow die showing three and a medium green die showing four.",3,5 3 4,blue yellow green,medium medium medium
sample_04643.png,"The image shows a large blue die showing five, a medium red die showing two and a medium blue die showing six.",3,5 2 6,blue red blue,large medium medium
sample_04644.png,The scene contains a medium white die showing five and a large blue die showing five.,2,5 5,white blue,medium large
sample_04645.png,There are a medium blue die showing four and a small yellow die showing five in the scene.,2,4 5,blue yellow,medium small
sample_04646.png,"The scene contains a medium peach die showing six, a small purple die showing two and a medium peach die showing two.",3,6 2 2,peach purple peach,medium small medium
sample_04647.png,The image shows a small peach die showing three and a large purple die showing one.,2,3 1,peach purple,small large
sample_04648.png,The image shows a large green die showing two and a medium green die showing four.,2,2 4,green green,large medium
sample_04649.png,A medium purple die is shown with a value of four.,1,4,purple,medium
sample_04650.png,This picture contains a medium purple die showing four and a medium white die showing five.,2,4 5,purple white,medium medium
sample_04651.png,"The image shows a large peach die showing five, a large white die showing two and a small peach die showing three.",3,5 2 3,peach white peach,large large small
sample_04652.png,This picture contains a large green die displaying one.,1,1,green,large
sample_04653.png,"This picture contains a large red die showing two, a large purple die showing one and a large green die showing one.",3,2 1 1,red purple green,large large large
sample_04654.png,"This picture contains a small white die showing six, a large yellow die showing two and a large green die showing six.",3,6 2 6,white yellow green,small large large
sample_04655.png,"The scene contains a medium white die showing two, a medium red die showing six and a small yellow die showing one.",3,2 6 1,white red yellow,medium medium small
sample_04659.png,A medium blue die is shown with a value of two.,1,2,blue,medium
sample_04660.png,"This picture contains a medium blue die showing two, a large yellow die showing three and a small green die showing one.",3,2 3 1,blue yellow green,medium large small
sample_04661.png,There is one large purple die showing one.,1,1,purple,large
sample_04662.png,The image shows a large red die showing three and a large peach die showing four.,2,3 4,red peach,large large
sample_04665.png,This picture contains a medium yellow die showing four and a large peach die showing four.,2,4 4,yellow peach,medium large
sample_04666.png,This picture contains a small peach die showing six and a large purple die showing six.,2,6 6,peach purple,small large
sample_04668.png,"This picture contains a medium white die showing one, a small yellow die showing three and a medium white die showing three.",3,1 3 3,white yellow white,medium small medium
sample_04670.png,"This picture contains a small red die showing three, a large white die showing six and a medium yellow die showing five.",3,3 6 5,red white yellow,small large medium
sample_04671.png,This picture contains a medium peach die displaying two.,1,2,peach,medium
sample_04672.png,The image shows a small peach die showing three and a small green die showing two.,2,3 2,peach green,small small
sample_04673.png,The scene contains a medium blue die showing six and a medium yellow die showing four.,2,6 4,blue yellow,medium medium
sample_04674.png,"The image shows a small yellow die showing six, a medium yellow die showing four and a small green die showing four.",3,6 4 4,yellow yellow green,small medium small
sample_04675.png,There are a large peach die showing four and a small purple die showing two in the scene.,2,4 2,peach purple,large small
sample_04676.png,There is one large yellow die showing five.,1,5,yellow,large
sample_04678.png,"The image shows a medium yellow die showing one, a medium red die showing three and a medium peach die showing two.",3,1 3 2,yellow red peach,medium medium medium
sample_04679.png,This picture contains a large white die showing five and a medium green die showing one.,2,5 1,white green,large medium
sample_04680.png,This picture contains a medium peach die displaying six.,1,6,peach,medium
sample_04682.png,The image shows a large yellow die showing three and a medium peach die showing four.,2,3 4,yellow peach,large medium
sample_04683.png,There are a medium purple die showing four and a large white die showing six in the scene.,2,4 6,purple white,medium large
sample_04686.png,The scene contains a small purple die showing two and a small peach die showing six.,2,2 6,purple peach,small small
sample_04687.png,This picture contains a medium white die showing one and a medium purple die showing two.,2,1 2,white purple,medium medium
sample_04689.png,"The image shows a small white die showing six, a large purple die showing two and a large red die showing one.",3,6 2 1,white purple red,small large large
sample_04692.png,This picture contains a large yellow die showing four and a small green die showing four.,2,4 4,yellow green,large small
sample_04693.png,"There are a small white die showing six, a medium green die showing three and a large red die showing five in the scene.",3,6 3 5,white green red,small medium large
sample_04694.png,"There are a small red die showing six, a large white die showing five and a medium peach die showing one in the scene.",3,6 5 1,red white peach,small large medium
sample_04697.png,"There are a medium peach die showing six, a medium green die showing four and a small green die showing five in the scene.",3,6 4 5,peach green green,medium medium small
sample_04699.png,A large purple die is shown with a value of four.,1,4,purple,large
sample_04700.png,This picture contains a medium peach die displaying four.,1,4,peach,medium
sample_04703.png,"This picture contains a large red die showing four, a small peach die showing two and a large purple die showing three.",3,4 2 3,red peach purple,large small large
sample_04705.png,This picture contains a medium yellow die showing three and a medium blue die showing two.,2,3 2,yellow blue,medium medium
sample_04707.png,"There are a medium peach die showing six, a small red die showing six and a small peach die showing four in the scene.",3,6 6 4,peach red peach,medium small small
sample_04708.png,There are a medium green die showing six and a medium red die showing three in the scene.,2,6 3,green red,medium medium
sample_04709.png,"There are a medium green die showing three, a large green die showing four and a large red die showing one in the scene.",3,3 4 1,green green red,medium large large
sample_04710.png,"The scene contains a medium red die showing one, a small yellow die showing three and a large red die showing five.",3,1 3 5,red yellow red,medium small large
sample_04712.png,"The image shows a large purple die showing four, a small green die showing one and a large green die showing one.",3,4 1 1,purple green green,large small large
sample_04714.png,This picture contains 2 small yellow dice displaying three and four.,2,3 4,yellow yellow,small small
sample_04715.png,"The scene contains a large blue die showing six, a small white die showing four and a small blue die showing six.",3,6 4 6,blue white blue,large small small
sample_04716.png,"The image shows a large yellow die showing six, a large green die showing four and a large peach die showing five.",3,6 4 5,yellow green peach,large large large
sample_04717.png,This picture contains a large blue die showing three and a medium red die showing two.,2,3 2,blue red,large medium
sample_04718.png,"There are a medium red die showing four, a small purple die showing four and a small red die showing six in the scene.",3,4 4 6,red purple red,medium small small
sample_04719.png,There are a large purple die showing six and a large peach die showing one in the scene.,2,6 1,purple peach,large large
sample_04720.png,"This picture contains a medium purple die showing three, a medium red die showing four and a small white die showing five.",3,3 4 5,purple red white,medium medium small
sample_04722.png,There are a medium green die showing one and a large red die showing one in the scene.,2,1 1,green red,medium large
sample_04723.png,This picture contains a large red die displaying two.,1,2,red,large
sample_04724.png,The image shows a small blue die showing five and a small yellow die showing six.,2,5 6,blue yellow,small small
sample_04725.png,The image shows one medium green die with value three.,1,3,green,medium
sample_04726.png,The image shows a medium white die showing five and a medium purple die showing two.,2,5 2,white purple,medium medium
sample_04728.png,"The scene contains a medium red die showing six, a large red die showing six and a large green die showing one.",3,6 6 1,red red green,medium large large
sample_04729.png,This picture contains a small red die showing four and a large blue die showing five.,2,4 5,red blue,small large
sample_04731.png,This picture contains a medium yellow die showing two and a small yellow die showing one.,2,2 1,yellow yellow,medium small
sample_04733.png,The scene contains a large yellow die showing six and a large purple die showing five.,2,6 5,yellow purple,large large
sample_04737.png,The image shows a medium yellow die showing one and a medium white die showing four.,2,1 4,yellow white,medium medium
sample_04738.png,"The image shows a small peach die showing one, a large peach die showing three and a large blue die showing four.",3,1 3 4,peach peach blue,small large large
sample_04739.png,There are a small blue die showing six and a large green die showing one in the scene.,2,6 1,blue green,small large
sample_04740.png,The scene contains a medium peach die showing three and a medium red die showing two.,2,3 2,peach red,medium medium
sample_04741.png,"There are a large red die showing four, a medium white die showing four and a large red die showing one in the scene.",3,4 4 1,red white red,large medium large
sample_04742.png,"This picture contains a small yellow die showing three, a small green die showing one and a large purple die showing four.",3,3 1 4,yellow green purple,small small large
sample_04743.png,The scene contains a large red die showing five and a small white die showing two.,2,5 2,red white,large small
sample_04744.png,The image shows a medium purple die showing three and a small yellow die showing four.,2,3 4,purple yellow,medium small
sample_04745.png,There are a large peach die showing two and a medium peach die showing six in the scene.,2,2 6,peach peach,large medium
sample_04746.png,The image shows a medium green die showing one and a medium yellow die showing six.,2,1 6,green yellow,medium medium
sample_04747.png,This picture contains a large peach die showing three and a large red die showing two.,2,3 2,peach red,large large
sample_04748.png,This picture contains a large peach die displaying four.,1,4,peach,large
sample_04749.png,The scene contains a large red die showing six and a large white die showing five.,2,6 5,red white,large large
sample_04750.png,There are a medium white die showing five and a small purple die showing two in the scene.,2,5 2,white purple,medium small
sample_04752.png,There are a small blue die showing three and a medium red die showing six in the scene.,2,3 6,blue red,small medium
sample_04753.png,The image shows a large white die showing four and a medium peach die showing one.,2,4 1,white peach,large medium
sample_04754.png,The image shows a medium green die showing one and a medium white die showing five.,2,1 5,green white,medium medium
sample_04755.png,"The scene contains a large purple die showing three, a small blue die showing five and a medium white die showing one.",3,3 5 1,purple blue white,large small medium
sample_04756.png,The scene contains a large blue die showing three and a large peach die showing two.,2,3 2,blue peach,large large
sample_04757.png,"This picture contains a medium green die showing one, a large yellow die showing four and a large peach die showing five.",3,1 4 5,green yellow peach,medium large large
sample_04758.png,This picture contains a small red die displaying four.,1,4,red,small
sample_04759.png,The image shows a large purple die showing four and a medium red die showing five.,2,4 5,purple red,large medium
sample_04761.png,"The scene contains a large green die showing three, a large red die showing two and a medium purple die showing six.",3,3 2 6,green red purple,large large medium
sample_04764.png,"The scene contains a small green die showing one, a medium purple die showing six and a large red die showing one.",3,1 6 1,green purple red,small medium large
sample_04765.png,There is one large peach die showing four.,1,4,peach,large
sample_04766.png,A small yellow die is shown with a value of two.,1,2,yellow,small
sample_04767.png,The image shows one small white die with value five.,1,5,white,small
sample_04769.png,"This picture contains a medium red die showing three, a large blue die showing five and a medium green die showing six.",3,3 5 6,red blue green,medium large medium
sample_04771.png,The image shows a large yellow die showing two and a medium blue die showing five.,2,2 5,yellow blue,large medium
sample_04773.png,There is one large red die showing one.,1,1,red,large
sample_04774.png,The image shows a large white die showing six and a large peach die showing one.,2,6 1,white peach,large large
sample_04775.png,A large peach die is shown with a value of three.,1,3,peach,large
sample_04777.png,"This picture contains a small green die showing three, a small peach die showing three and a medium white die showing one.",3,3 3 1,green peach white,small small medium
sample_04778.png,This picture contains a medium blue die displaying five.,1,5,blue,medium
sample_04779.png,This picture contains a large red die showing two and a large peach die showing six.,2,2 6,red peach,large large
sample_04780.png,This picture contains a medium green die displaying two.,1,2,green,medium
sample_04781.png,"The scene contains a small red die showing three, a small white die showing two and a large white die showing two.",3,3 2 2,red white white,small small large
sample_04783.png,This picture contains a large red die displaying one.,1,1,red,large
sample_04785.png,The scene contains a large peach die showing three and a medium purple die showing two.,2,3 2,peach purple,large medium
sample_04786.png,"The scene contains a medium peach die showing three, a small red die showing five and a small white die showing six.",3,3 5 6,peach red white,medium small small
sample_04787.png,The image shows one small yellow die with value five.,1,5,yellow,small
sample_04789.png,There is one medium green die showing six.,1,6,green,medium
sample_04790.png,A medium green die is shown with a value of two.,1,2,green,medium
sample_04791.png,This picture contains a small yellow die showing one and a large blue die showing two.,2,1 2,yellow blue,small large
sample_04792.png,The image shows one medium peach die with value two.,1,2,peach,medium
sample_04795.png,"This picture contains a large white die showing six, a small red die showing three and a medium blue die showing two.",3,6 3 2,white red blue,large small medium
sample_04796.png,"This picture contains a large peach die showing three, a large purple die showing four and a medium green die showing four.",3,3 4 4,peach purple green,large large medium
sample_04797.png,The image shows a large white die showing four and a small green die showing five.,2,4 5,white green,large small
sample_04798.png,"There are a small yellow die showing one, a small green die showing six and a medium red die showing two in the scene.",3,1 6 2,yellow green red,small small medium
sample_04799.png,"There are a small red die showing five, a medium green die showing one and a small purple die showing two in the scene.",3,5 1 2,red green purple,small medium small
sample_04800.png,This picture contains a medium green die displaying three.,1,3,green,medium
sample_04801.png,"The scene contains a small yellow die showing one, a large yellow die showing four and a medium green die showing six.",3,1 4 6,yellow yellow green,small large medium
sample_04803.png,There are a small white die showing two and a small green die showing three in the scene.,2,2 3,white green,small small
sample_04804.png,The image shows one large red die with value one.,1,1,red,large
sample_04806.png,"There are a small yellow die showing five, a small white die showing four and a large green die showing two in the scene.",3,5 4 2,yellow white green,small small large
sample_04807.png,This picture contains a medium white die displaying four.,1,4,white,medium
sample_04808.png,A large green die is shown with a value of five.,1,5,green,large
sample_04810.png,The scene contains a medium white die showing two and a large purple die showing three.,2,2 3,white purple,medium large
sample_04811.png,The image shows a medium blue die showing five and a small blue die showing four.,2,5 4,blue blue,medium small
sample_04813.png,"There are a small purple die showing six, a medium blue die showing two and a small green die showing four in the scene.",3,6 2 4,purple blue green,small medium small
sample_04814.png,There are a large purple die showing six and a large yellow die showing five in the scene.,2,6 5,purple yellow,large large
sample_04815.png,This picture contains a large peach die showing one and a small blue die showing four.,2,1 4,peach blue,large small
sample_04819.png,The image shows one medium red die with value three.,1,3,red,medium
sample_04820.png,This picture contains a small red die showing one and a small green die showing one.,2,1 1,red green,small small
sample_04822.png,"The image shows a small white die showing five, a small peach die showing six and a large red die showing one.",3,5 6 1,white peach red,small small large
sample_04823.png,There is one medium red die showing one.,1,1,red,medium
sample_04825.png,A large peach die is shown with a value of three.,1,3,peach,large
sample_04826.png,This picture contains a medium purple die displaying two.,1,2,purple,medium
sample_04827.png,"This picture contains a small peach die showing three, a medium yellow die showing one and a medium peach die showing three.",3,3 1 3,peach yellow peach,small medium medium
sample_04828.png,There is one medium yellow die showing four.,1,4,yellow,medium
sample_04829.png,This picture contains a large purple die displaying two.,1,2,purple,large
sample_04831.png,The image shows a medium yellow die showing five and a medium blue die showing one.,2,5 1,yellow blue,medium medium
sample_04832.png,"The scene contains a large red die showing three, a large purple die showing four and a small blue die showing two.",3,3 4 2,red purple blue,large large small
sample_04833.png,"There are a medium green die showing four, a large peach die showing five and a small purple die showing five in the scene.",3,4 5 5,green peach purple,medium large small
sample_04834.png,The image shows a large purple die showing two and a small peach die showing one.,2,2 1,purple peach,large small
sample_04836.png,"There are a large purple die showing one, a medium white die showing six and a medium blue die showing six in the scene.",3,1 6 6,purple white blue,large medium medium
sample_04837.png,A small green die is shown with a value of five.,1,5,green,small
sample_04839.png,A small peach die is shown with a value of one.,1,1,peach,small
sample_04840.png,"The image shows a medium white die showing four, a large purple die showing four and a small yellow die showing six.",3,4 4 6,white purple yellow,medium large small
sample_04841.png,There are a small blue die showing two and a large yellow die showing five in the scene.,2,2 5,blue yellow,small large
sample_04842.png,This picture contains a large red die displaying five.,1,5,red,large
sample_04843.png,There is one large purple die showing five.,1,5,purple,large
sample_04844.png,"The scene contains a medium yellow die showing six, a medium purple die showing six and a small blue die showing one.",3,6 6 1,yellow purple blue,medium medium small
sample_04846.png,There is one medium blue die showing five.,1,5,blue,medium
sample_04847.png,"There are a medium green die showing three, a large white die showing two and a large blue die showing six in the scene.",3,3 2 6,green white blue,medium large large
sample_04849.png,The image shows one medium white die with value three.,1,3,white,medium
sample_04850.png,This picture contains a medium white die displaying five.,1,5,white,medium
sample_04851.png,There are a small blue die showing three and a small peach die showing five in the scene.,2,3 5,blue peach,small small
sample_04852.png,"The image shows a medium peach die showing four, a medium white die showing five and a large peach die showing six.",3,4 5 6,peach white peach,medium medium large
sample_04854.png,The scene contains a large white die showing one and a large peach die showing six.,2,1 6,white peach,large large
sample_04856.png,The scene contains a small green die showing four and a large purple die showing six.,2,4 6,green purple,small large
sample_04857.png,A large purple die is shown with a value of two.,1,2,purple,large
sample_04858.png,There are a medium red die showing five and a medium yellow die showing four in the scene.,2,5 4,red yellow,medium medium
sample_04859.png,The image shows one large purple die with value three.,1,3,purple,large
sample_04860.png,This picture contains a large peach die showing three and a large green die showing five.,2,3 5,peach green,large large
sample_04861.png,A large blue die is shown with a value of two.,1,2,blue,large
sample_04862.png,The image shows a large red die showing four and a small red die showing five.,2,4 5,red red,large small
sample_04863.png,This picture contains a small yellow die showing five and a medium peach die showing five.,2,5 5,yellow peach,small medium
sample_04864.png,"The scene contains a large green die showing five, a medium green die showing five and a small peach die showing three.",3,5 5 3,green green peach,large medium small
sample_04866.png,This picture contains a medium purple die showing five and a large blue die showing four.,2,5 4,purple blue,medium large
sample_04868.png,"There are a medium white die showing four, a small blue die showing one and a large red die showing four in the scene.",3,4 1 4,white blue red,medium small large
sample_04871.png,The scene contains a small purple die showing two and a medium white die showing six.,2,2 6,purple white,small medium
sample_04872.png,There are a medium peach die showing three and a small yellow die showing two in the scene.,2,3 2,peach yellow,medium small
sample_04874.png,There is one medium purple die showing three.,1,3,purple,medium
sample_04875.png,"This picture contains a small yellow die showing one, a large yellow die showing six and a large blue die showing five.",3,1 6 5,yellow yellow blue,small large large
sample_04876.png,"The image shows a large purple die showing two, a medium yellow die showing one and a small white die showing two.",3,2 1 2,purple yellow white,large medium small
sample_04877.png,"The image shows a small peach die showing two, a large green die showing two and a small red die showing six.",3,2 2 6,peach green red,small large small
sample_04879.png,There are a large blue die showing six and a large red die showing two in the scene.,2,6 2,blue red,large large
sample_04880.png,There is one small peach die showing six.,1,6,peach,small
sample_04883.png,There is one small yellow die showing three.,1,3,yellow,small
sample_04884.png,The image shows a small blue die showing one and a large red die showing four.,2,1 4,blue red,small large
sample_04885.png,The image shows one small blue die with value five.,1,5,blue,small
sample_04886.png,The scene contains a large peach die showing five and a large green die showing one.,2,5 1,peach green,large large
sample_04888.png,This picture contains a medium white die showing six and a large red die showing six.,2,6 6,white red,medium large
sample_04889.png,A small yellow die is shown with a value of six.,1,6,yellow,small
sample_04890.png,The scene contains a medium peach die showing one and a small green die showing five.,2,1 5,peach green,medium small
sample_04891.png,"The scene contains a medium peach die showing six, a large green die showing three and a small blue die showing two.",3,6 3 2,peach green blue,medium large small
sample_04892.png,"The image shows a medium yellow die showing six, a large purple die showing six and a small yellow die showing six.",3,6 6 6,yellow purple yellow,medium large small
sample_04893.png,This picture contains a large blue die showing one and a medium green die showing five.,2,1 5,blue green,large medium
sample_04894.png,This picture contains a small blue die displaying four.,1,4,blue,small
sample_04896.png,This picture contains a small peach die showing one and a small purple die showing five.,2,1 5,peach purple,small small
sample_04897.png,A small blue die is shown with a value of four.,1,4,blue,small
sample_04898.png,"The image shows a large yellow die showing two, a medium white die showing five and a large peach die showing five.",3,2 5 5,yellow white peach,large medium large
sample_04899.png,A medium blue die is shown with a value of three.,1,3,blue,medium
sample_04901.png,This picture contains a medium blue die displaying two.,1,2,blue,medium
sample_04903.png,"This picture contains a large yellow die showing four, a small white die showing three and a small peach die showing six.",3,4 3 6,yellow white peach,large small small
sample_04904.png,This picture contains a large white die displaying one.,1,1,white,large
sample_04905.png,"The scene contains a small blue die showing three, a large yellow die showing six and a large yellow die showing six.",3,3 6 6,blue yellow yellow,small large large
sample_04906.png,The image shows one small white die with value six.,1,6,white,small
sample_04907.png,There is one small green die showing one.,1,1,green,small
sample_04909.png,"This picture contains a medium yellow die showing one, a medium blue die showing five and a medium red die showing two.",3,1 5 2,yellow blue red,medium medium medium
sample_04910.png,"This picture contains a large white die showing four, a large peach die showing five and a medium peach die showing four.",3,4 5 4,white peach peach,large large medium
sample_04911.png,There are a small green die showing two and a medium peach die showing five in the scene.,2,2 5,green peach,small medium
sample_04912.png,The image shows one small white die with value three.,1,3,white,small
sample_04915.png,The scene contains a large green die showing six and a medium red die showing four.,2,6 4,green red,large medium
sample_04916.png,This picture contains a small purple die displaying five.,1,5,purple,small
sample_04917.png,The image shows a large yellow die showing four and a large blue die showing one.,2,4 1,yellow blue,large large
sample_04919.png,The image shows 2 medium yellow dice with values three and five.,2,3 5,yellow yellow,medium medium
sample_04922.png,"The scene contains a small purple die showing six, a large purple die showing four and a small red die showing four.",3,6 4 4,purple purple red,small large small
sample_04923.png,This picture contains a small red die displaying five.,1,5,red,small
sample_04924.png,This picture contains a large peach die displaying four.,1,4,peach,large
sample_04926.png,"The scene contains a large red die showing one, a large green die showing six and a medium red die showing five.",3,1 6 5,red green red,large large medium
sample_04927.png,"There are a large purple die showing six, a medium yellow die showing three and a small red die showing six in the scene.",3,6 3 6,purple yellow red,large medium small
sample_04928.png,There is one small blue die showing two.,1,2,blue,small
sample_04931.png,"This picture contains a small red die showing four, a large green die showing four and a large red die showing five.",3,4 4 5,red green red,small large large
sample_04932.png,This picture contains a medium green die displaying three.,1,3,green,medium
sample_04934.png,"This picture contains a medium blue die showing four, a large white die showing one and a small green die showing two.",3,4 1 2,blue white green,medium large small
sample_04935.png,"This picture contains a small purple die showing five, a small blue die showing three and a large white die showing one.",3,5 3 1,purple blue white,small small large
sample_04936.png,The image shows one medium yellow die with value two.,1,2,yellow,medium
sample_04937.png,"The scene contains a large green die showing six, a small white die showing three and a medium white die showing one.",3,6 3 1,green white white,large small medium
sample_04939.png,The scene contains a medium blue die showing two and a medium yellow die showing three.,2,2 3,blue yellow,medium medium
sample_04940.png,"This picture contains a small white die showing five, a medium green die showing two and a small yellow die showing five.",3,5 2 5,white green yellow,small medium small
sample_04941.png,"The image shows a medium white die showing six, a small yellow die showing four and a small white die showing four.",3,6 4 4,white yellow white,medium small small
sample_04943.png,"This picture contains a medium blue die showing one, a medium green die showing three and a small blue die showing three.",3,1 3 3,blue green blue,medium medium small
sample_04944.png,The scene contains a large purple die showing one and a small yellow die showing five.,2,1 5,purple yellow,large small
sample_04945.png,The image shows one small blue die with value two.,1,2,blue,small
sample_04947.png,"The image shows a small red die showing one, a small red die showing two and a small blue die showing four.",3,1 2 4,red red blue,small small small
sample_04948.png,The scene contains a medium purple die showing three and a medium green die showing four.,2,3 4,purple green,medium medium
sample_04949.png,The scene contains a medium yellow die showing five and a small green die showing three.,2,5 3,yellow green,medium small
sample_04950.png,"The scene contains a large blue die showing four, a small peach die showing six and a medium yellow die showing two.",3,4 6 2,blue peach yellow,large small medium
sample_04951.png,This picture contains a large white die displaying four.,1,4,white,large
sample_04952.png,This picture contains a small peach die displaying six.,1,6,peach,small
sample_04953.png,"The image shows a large green die showing two, a medium yellow die showing two and a small purple die showing four.",3,2 2 4,green yellow purple,large medium small
sample_04954.png,The image shows one large green die with value one.,1,1,green,large
sample_04955.png,This picture contains a small red die displaying one.,1,1,red,small
sample_04956.png,There are a small red die showing five and a medium white die showing one in the scene.,2,5 1,red white,small medium
sample_04957.png,"The scene contains a medium purple die showing two, a small peach die showing two and a medium purple die showing three.",3,2 2 3,purple peach purple,medium small medium
sample_04958.png,The image shows a medium peach die showing two and a medium red die showing one.,2,2 1,peach red,medium medium
sample_04959.png,This picture contains a small white die showing four and a large white die showing four.,2,4 4,white white,small large
sample_04961.png,There is one medium red die showing four.,1,4,red,medium
sample_04962.png,"The image shows a medium red die showing two, a large peach die showing two and a medium blue die showing five.",3,2 2 5,red peach blue,medium large medium
sample_04964.png,The image shows a small white die showing four and a large peach die showing five.,2,4 5,white peach,small large
sample_04966.png,"This picture contains a small peach die showing three, a small green die showing four and a small red die showing two.",3,3 4 2,peach green red,small small small
sample_04967.png,"This picture contains a small red die showing one, a medium green die showing three and a large white die showing six.",3,1 3 6,red green white,small medium large
sample_04968.png,A small yellow die is shown with a value of two.,1,2,yellow,small
sample_04969.png,A small purple die is shown with a value of three.,1,3,purple,small
sample_04971.png,The image shows one medium green die with value five.,1,5,green,medium
sample_04973.png,There is one large red die showing three.,1,3,red,large
sample_04974.png,"The scene contains a small white die showing one, a medium blue die showing one and a small peach die showing five.",3,1 1 5,white blue peach,small medium small
sample_04978.png,"This picture contains a large blue die showing two, a medium yellow die showing six and a large peach die showing four.",3,2 6 4,blue yellow peach,large medium large
sample_04979.png,The scene contains a large green die showing four and a small yellow die showing six.,2,4 6,green yellow,large small
sample_04980.png,The scene contains a medium purple die showing five and a small white die showing one.,2,5 1,purple white,medium small
sample_04981.png,This picture contains a large green die showing two and a large yellow die showing four.,2,2 4,green yellow,large large
sample_04983.png,"This picture contains a medium yellow die showing one, a small white die showing five and a small red die showing three.",3,1 5 3,yellow white red,medium small small
sample_04984.png,A small purple die is shown with a value of three.,1,3,purple,small
sample_04985.png,The scene contains a large red die showing five and a medium purple die showing four.,2,5 4,red purple,large medium
sample_04986.png,This picture contains 2 large red dice displaying two and three.,2,2 3,red red,large large
sample_04988.png,"The image shows a large yellow die showing four, a small peach die showing six and a large red die showing six.",3,4 6 6,yellow peach red,large small large
sample_04990.png,There are a large peach die showing four and a medium white die showing six in the scene.,2,4 6,peach white,large medium
sample_04991.png,"The image shows a large peach die showing two, a small white die showing five and a small yellow die showing five.",3,2 5 5,peach white yellow,large small small
sample_04992.png,The scene contains a medium blue die showing two and a large peach die showing one.,2,2 1,blue peach,medium large
sample_04993.png,"The scene contains a small yellow die showing five, a medium peach die showing one and a large red die showing three.",3,5 1 3,yellow peach red,small medium large
sample_04994.png,"This picture contains a medium green die showing one, a small red die showing four and a small red die showing two.",3,1 4 2,green red red,medium small small
sample_04995.png,"The image shows a small peach die showing six, a large purple die showing four and a medium red die showing two.",3,6 4 2,peach purple red,small large medium
sample_04996.png,The image shows one large green die with value six.,1,6,green,large
sample_04997.png,This picture contains a medium red die displaying six.,1,6,red,medium
sample_04999.png,There is one large red die showing three.,1,3,red,large
sample_05000.png,The scene contains a medium peach die showing one and a small white die showing five.,2,1 5,peach white,medium small
sample_05001.png,This picture contains a small blue die showing two and a small purple die showing six.,2,2 6,blue purple,small small
sample_05003.png,The scene contains a large white die showing two and a small green die showing two.,2,2 2,white green,large small
sample_05004.png,There is one small white die showing one.,1,1,white,small
sample_05005.png,A large yellow die is shown with a value of six.,1,6,yellow,large
sample_05006.png,"The image shows a medium blue die showing five, a medium yellow die showing six and a medium peach die showing one.",3,5 6 1,blue yellow peach,medium medium medium
sample_05007.png,The image shows one large red die with value six.,1,6,red,large
sample_05009.png,"The image shows a small yellow die showing six, a large peach die showing four and a small blue die showing six.",3,6 4 6,yellow peach blue,small large small
sample_05010.png,The image shows a small peach die showing six and a large green die showing two.,2,6 2,peach green,small large
sample_05011.png,A large purple die is shown with a value of two.,1,2,purple,large
sample_05015.png,The image shows one medium green die with value three.,1,3,green,medium
sample_05019.png,The scene contains a small yellow die showing six and a large white die showing three.,2,6 3,yellow white,small large
sample_05020.png,"This picture contains a large yellow die showing one, a medium blue die showing five and a medium white die showing five.",3,1 5 5,yellow blue white,large medium medium
sample_05023.png,There are a large green die showing one and a medium peach die showing four in the scene.,2,1 4,green peach,large medium
sample_05024.png,"The scene contains a medium green die showing five, a medium white die showing one and a large yellow die showing two.",3,5 1 2,green white yellow,medium medium large
sample_05028.png,"The scene contains a small white die showing two, a medium white die showing three and a small peach die showing two.",3,2 3 2,white white peach,small medium small
sample_05029.png,"The image shows a medium purple die showing two, a small red die showing three and a small peach die showing six.",3,2 3 6,purple red peach,medium small small
sample_05030.png,This picture contains a medium red die displaying four.,1,4,red,medium
sample_05033.png,The image shows one small purple die with value three.,1,3,purple,small
sample_05036.png,"There are a medium red die showing four, a medium peach die showing one and a large yellow die showing five in the scene.",3,4 1 5,red peach yellow,medium medium large
sample_05037.png,A large peach die is shown with a value of five.,1,5,peach,large
sample_05038.png,This picture contains a small purple die displaying two.,1,2,purple,small
sample_05040.png,"The image shows a medium red die showing six, a small red die showing five and a medium peach die showing six.",3,6 5 6,red red peach,medium small medium
sample_05041.png,"This picture contains a small purple die showing two, a medium white die showing one and a large white die showing one.",3,2 1 1,purple white white,small medium large
sample_05042.png,This picture contains a small yellow die displaying six.,1,6,yellow,small
sample_05043.png,The image shows one medium white die with value six.,1,6,white,medium
sample_05044.png,The scene contains a large green die showing four and a small blue die showing two.,2,4 2,green blue,large small
sample_05045.png,"There are a medium green die showing two, a large blue die showing six and a small purple die showing five in the scene.",3,2 6 5,green blue purple,medium large small
sample_05046.png,The image shows a large purple die showing six and a large peach die showing one.,2,6 1,purple peach,large large
sample_05047.png,The image shows a large peach die showing six and a large red die showing five.,2,6 5,peach red,large large
sample_05051.png,The image shows one medium purple die with value two.,1,2,purple,medium
sample_05052.png,The image shows one small blue die with value five.,1,5,blue,small
sample_05054.png,"A scene with 2 medium blue dice is shown, displaying three and four.",2,3 4,blue blue,medium medium
sample_05055.png,"This picture contains a large peach die showing two, a medium peach die showing four and a large blue die showing five.",3,2 4 5,peach peach blue,large medium large
sample_05056.png,There is one medium red die showing six.,1,6,red,medium
sample_05057.png,The image shows a large green die showing three and a small yellow die showing six.,2,3 6,green yellow,large small
sample_05059.png,The image shows one medium red die with value four.,1,4,red,medium
sample_05061.png,There is one small blue die showing three.,1,3,blue,small
sample_05064.png,"The image shows a large blue die showing three, a small green die showing four and a medium purple die showing five.",3,3 4 5,blue green purple,large small medium
sample_05065.png,"There are a medium green die showing two, a medium white die showing six and a small white die showing five in the scene.",3,2 6 5,green white white,medium medium small
sample_05066.png,"The scene contains a large purple die showing one, a small white die showing six and a medium white die showing four.",3,1 6 4,purple white white,large small medium
sample_05067.png,The scene contains a medium white die showing three and a small yellow die showing one.,2,3 1,white yellow,medium small
sample_05068.png,"There are a large white die showing two, a large purple die showing six and a medium white die showing two in the scene.",3,2 6 2,white purple white,large large medium
sample_05069.png,A small blue die is shown with a value of two.,1,2,blue,small
sample_05070.png,A large white die is shown with a value of four.,1,4,white,large
sample_05071.png,A medium purple die is shown with a value of five.,1,5,purple,medium
sample_05072.png,This picture contains a medium blue die showing six and a medium green die showing six.,2,6 6,blue green,medium medium
sample_05075.png,This picture contains a medium yellow die showing one and a small red die showing five.,2,1 5,yellow red,medium small
sample_05076.png,The image shows one large peach die with value six.,1,6,peach,large
sample_05077.png,There is one medium purple die showing four.,1,4,purple,medium
sample_05078.png,A large peach die is shown with a value of six.,1,6,peach,large
sample_05080.png,There is one small green die showing five.,1,5,green,small
sample_05081.png,There is one medium green die showing five.,1,5,green,medium
sample_05082.png,"This picture contains a large blue die showing two, a small blue die showing five and a large green die showing six.",3,2 5 6,blue blue green,large small large
sample_05083.png,A small green die is shown with a value of two.,1,2,green,small
sample_05084.png,"There are a small blue die showing three, a small peach die showing two and a small green die showing six in the scene.",3,3 2 6,blue peach green,small small small
sample_05086.png,"The image shows a large peach die showing six, a medium white die showing two and a medium peach die showing four.",3,6 2 4,peach white peach,large medium medium
sample_05087.png,The image shows one medium white die with value two.,1,2,white,medium
sample_05089.png,This picture contains a small red die displaying three.,1,3,red,small
sample_05092.png,There is one small blue die showing four.,1,4,blue,small
sample_05093.png,There is one large peach die showing three.,1,3,peach,large
sample_05095.png,The scene contains a large red die showing six and a small purple die showing three.,2,6 3,red purple,large small
sample_05096.png,"The scene contains a large blue die showing three, a large white die showing three and a small green die showing two.",3,3 3 2,blue white green,large large small
sample_05097.png,There is one large peach die showing two.,1,2,peach,large
sample_05100.png,"There are a small green die showing four, a small peach die showing four and a medium white die showing four in the scene.",3,4 4 4,green peach white,small small medium
sample_05104.png,The image shows a medium blue die showing six and a large peach die showing four.,2,6 4,blue peach,medium large
sample_05106.png,The image shows a small green die showing four and a small white die showing four.,2,4 4,green white,small small
sample_05107.png,"This picture contains a small blue die showing four, a small yellow die showing two and a small red die showing four.",3,4 2 4,blue yellow red,small small small
sample_05108.png,There are a large red die showing four and a small green die showing five in the scene.,2,4 5,red green,large small
sample_05111.png,"This picture contains a large purple die showing one, a small peach die showing four and a small red die showing one.",3,1 4 1,purple peach red,large small small
sample_05112.png,"The scene contains a small peach die showing six, a small peach die showing one and a medium red die showing one.",3,6 1 1,peach peach red,small small medium
sample_05113.png,"The image shows a large purple die showing two, a large red die showing one and a medium yellow die showing one.",3,2 1 1,purple red yellow,large large medium
sample_05115.png,The image shows a medium peach die showing one and a large blue die showing two.,2,1 2,peach blue,medium large
sample_05116.png,"The image shows a small purple die showing four, a small yellow die showing six and a small blue die showing six.",3,4 6 6,purple yellow blue,small small small
sample_05117.png,The image shows one medium red die with value one.,1,1,red,medium
sample_05118.png,The image shows one large blue die with value three.,1,3,blue,large
sample_05119.png,"The image shows a large white die showing one, a large white die showing four and a large green die showing five.",3,1 4 5,white white green,large large large
sample_05120.png,The image shows a small white die showing four and a medium green die showing two.,2,4 2,white green,small medium
sample_05121.png,"This picture contains a large peach die showing six, a small green die showing one and a small white die showing one.",3,6 1 1,peach green white,large small small
sample_05122.png,"The scene contains a small blue die showing two, a medium peach die showing one and a large white die showing five.",3,2 1 5,blue peach white,small medium large
sample_05123.png,"The image shows a medium blue die showing six, a large blue die showing four and a small white die showing one.",3,6 4 1,blue blue white,medium large small
sample_05124.png,There are a large blue die showing two and a small blue die showing five in the scene.,2,2 5,blue blue,large small
sample_05125.png,"This picture contains a small green die showing four, a large yellow die showing four and a small green die showing one.",3,4 4 1,green yellow green,small large small
sample_05126.png,The scene contains a medium yellow die showing one and a small red die showing five.,2,1 5,yellow red,medium small
sample_05127.png,This picture contains a large green die displaying two.,1,2,green,large
sample_05128.png,This picture contains a small yellow die displaying two.,1,2,yellow,small
sample_05130.png,"The scene contains a large white die showing six, a small white die showing two and a small white die showing six.",3,6 2 6,white white white,large small small
sample_05131.png,A small red die is shown with a value of five.,1,5,red,small
sample_05132.png,"This picture contains a small purple die showing two, a medium red die showing two and a medium green die showing three.",3,2 2 3,purple red green,small medium medium
sample_05134.png,The scene contains a medium purple die showing two and a large blue die showing five.,2,2 5,purple blue,medium large
sample_05136.png,"There are a small white die showing three, a small green die showing four and a large yellow die showing one in the scene.",3,3 4 1,white green yellow,small small large
sample_05137.png,The image shows one medium peach die with value two.,1,2,peach,medium
sample_05138.png,The image shows a small peach die showing six and a large white die showing two.,2,6 2,peach white,small large
sample_05139.png,This picture contains a small red die displaying four.,1,4,red,small
sample_05141.png,"This picture contains a large white die showing two, a large red die showing one and a medium peach die showing two.",3,2 1 2,white red peach,large large medium
sample_05142.png,"This picture contains a medium purple die showing six, a large red die showing two and a medium red die showing one.",3,6 2 1,purple red red,medium large medium
sample_05144.png,There are a medium peach die showing six and a large white die showing five in the scene.,2,6 5,peach white,medium large
sample_05145.png,"The image shows a small blue die showing three, a large peach die showing three and a small white die showing six.",3,3 3 6,blue peach white,small large small
sample_05146.png,This picture contains a medium yellow die displaying two.,1,2,yellow,medium
sample_05147.png,The image shows a small white die showing four and a medium blue die showing one.,2,4 1,white blue,small medium
sample_05148.png,There is one medium blue die showing four.,1,4,blue,medium
sample_05149.png,This picture contains a large green die displaying one.,1,1,green,large
sample_05153.png,A large purple die is shown with a value of one.,1,1,purple,large
sample_05154.png,This picture contains a large white die displaying two.,1,2,white,large
sample_05155.png,"The scene contains a large blue die showing one, a medium blue die showing six and a large blue die showing three.",3,1 6 3,blue blue blue,large medium large
sample_05157.png,There is one medium white die showing one.,1,1,white,medium
sample_05159.png,The image shows one small yellow die with value two.,1,2,yellow,small
sample_05161.png,The image shows one medium red die with value five.,1,5,red,medium
sample_05162.png,There is one small blue die showing six.,1,6,blue,small
sample_05163.png,"There are a small yellow die showing three, a large peach die showing two and a large yellow die showing five in the scene.",3,3 2 5,yellow peach yellow,small large large
sample_05165.png,This picture contains a large purple die showing three and a large peach die showing one.,2,3 1,purple peach,large large
sample_05166.png,There is one large purple die showing six.,1,6,purple,large
sample_05167.png,"There are a large white die showing six, a medium green die showing three and a medium peach die showing five in the scene.",3,6 3 5,white green peach,large medium medium
sample_05168.png,"The scene contains a small green die showing three, a medium red die showing six and a medium peach die showing six.",3,3 6 6,green red peach,small medium medium
sample_05169.png,"The image shows a medium red die showing five, a small peach die showing one and a small peach die showing one.",3,5 1 1,red peach peach,medium small small
sample_05171.png,The image shows a small purple die showing two and a medium white die showing three.,2,2 3,purple white,small medium
sample_05172.png,The image shows one medium peach die with value six.,1,6,peach,medium
sample_05176.png,The scene contains a medium blue die showing four and a small peach die showing four.,2,4 4,blue peach,medium small
sample_05178.png,This picture contains a small green die displaying three.,1,3,green,small
sample_05179.png,There are a small yellow die showing five and a large purple die showing one in the scene.,2,5 1,yellow purple,small large
sample_05181.png,A small purple die is shown with a value of four.,1,4,purple,small
sample_05182.png,The scene contains a medium green die showing two and a small yellow die showing one.,2,2 1,green yellow,medium small
sample_05183.png,"The image shows a medium red die showing five, a small purple die showing two and a medium yellow die showing two.",3,5 2 2,red purple yellow,medium small medium
sample_05184.png,There are a medium white die showing four and a large purple die showing one in the scene.,2,4 1,white purple,medium large
sample_05185.png,The image shows a large yellow die showing one and a large green die showing one.,2,1 1,yellow green,large large
sample_05186.png,The image shows one medium green die with value three.,1,3,green,medium
sample_05187.png,There are a medium white die showing four and a large peach die showing two in the scene.,2,4 2,white peach,medium large
sample_05188.png,"There are a small yellow die showing four, a large yellow die showing two and a medium green die showing three in the scene.",3,4 2 3,yellow yellow green,small large medium
sample_05192.png,"A scene with 2 medium peach dice is shown, displaying five and five.",2,5 5,peach peach,medium medium
sample_05194.png,This picture contains 2 medium yellow dice displaying one and three.,2,1 3,yellow yellow,medium medium
sample_05196.png,A medium purple die is shown with a value of six.,1,6,purple,medium
sample_05198.png,This picture contains a large yellow die displaying two.,1,2,yellow,large
sample_05200.png,This picture contains a medium green die displaying three.,1,3,green,medium
sample_05201.png,"There are a medium white die showing five, a large blue die showing five and a large green die showing five in the scene.",3,5 5 5,white blue green,medium large large
sample_05202.png,There is one medium red die showing one.,1,1,red,medium
sample_05203.png,A large red die is shown with a value of four.,1,4,red,large
sample_05204.png,"The image shows a large blue die showing one, a large peach die showing two and a small yellow die showing one.",3,1 2 1,blue peach yellow,large large small
sample_05205.png,The image shows a medium green die showing three and a small yellow die showing five.,2,3 5,green yellow,medium small
sample_05206.png,This picture contains a medium red die displaying two.,1,2,red,medium
sample_05207.png,The image shows 2 small white dice with values two and two.,2,2 2,white white,small small
sample_05209.png,"The image shows a medium white die showing four, a small white die showing four and a medium peach die showing one.",3,4 4 1,white white peach,medium small medium
sample_05210.png,"There are a small peach die showing two, a large yellow die showing one and a small white die showing five in the scene.",3,2 1 5,peach yellow white,small large small
sample_05215.png,"There are a small peach die showing five, a medium yellow die showing three and a small blue die showing six in the scene.",3,5 3 6,peach yellow blue,small medium small
sample_05216.png,"There are a large yellow die showing six, a large white die showing three and a medium peach die showing one in the scene.",3,6 3 1,yellow white peach,large large medium
sample_05217.png,"The image shows a medium peach die showing five, a large yellow die showing six and a small white die showing one.",3,5 6 1,peach yellow white,medium large small
sample_05218.png,This picture contains a small peach die showing two and a small purple die showing one.,2,2 1,peach purple,small small
sample_05219.png,"This picture contains a large red die showing three, a large blue die showing four and a large white die showing two.",3,3 4 2,red blue white,large large large
sample_05220.png,This picture contains a medium white die showing six and a small blue die showing four.,2,6 4,white blue,medium small
sample_05221.png,The image shows one small purple die with value three.,1,3,purple,small
sample_05223.png,This picture contains a small blue die showing four and a medium peach die showing five.,2,4 5,blue peach,small medium
sample_05224.png,The image shows a medium green die showing three and a small purple die showing four.,2,3 4,green purple,medium small
sample_05225.png,"The image shows a large blue die showing two, a medium white die showing three and a small red die showing five.",3,2 3 5,blue white red,large medium small
sample_05228.png,The image shows one small purple die with value six.,1,6,purple,small
sample_05230.png,This picture contains a medium green die displaying four.,1,4,green,medium
sample_05231.png,"The image shows a large blue die showing six, a large green die showing one and a large red die showing three.",3,6 1 3,blue green red,large large large
sample_05232.png,There is one large white die showing five.,1,5,white,large
sample_05233.png,"The image shows a large yellow die showing two, a large yellow die showing four and a large peach die showing four.",3,2 4 4,yellow yellow peach,large large large
sample_05235.png,This picture contains a medium purple die displaying three.,1,3,purple,medium
sample_05236.png,A small white die is shown with a value of two.,1,2,white,small
sample_05237.png,The image shows one medium red die with value five.,1,5,red,medium
sample_05238.png,The image shows one large green die with value four.,1,4,green,large
sample_05240.png,This picture contains a small purple die displaying four.,1,4,purple,small
sample_05241.png,"There are a medium blue die showing four, a small green die showing four and a small blue die showing two in the scene.",3,4 4 2,blue green blue,medium small small
sample_05243.png,The image shows a small peach die showing six and a small red die showing six.,2,6 6,peach red,small small
sample_05244.png,The image shows one small purple die with value four.,1,4,purple,small
sample_05247.png,"The scene contains a large purple die showing three, a medium green die showing five and a large white die showing one.",3,3 5 1,purple green white,large medium large
sample_05248.png,"There are a large blue die showing one, a large blue die showing one and a medium blue die showing two in the scene.",3,1 1 2,blue blue blue,large large medium
sample_05252.png,This picture contains a large green die displaying two.,1,2,green,large
sample_05253.png,The image shows one small purple die with value three.,1,3,purple,small
sample_05254.png,This picture contains a medium yellow die showing four and a small white die showing three.,2,4 3,yellow white,medium small
sample_05257.png,"There are a medium green die showing four, a small blue die showing two and a small white die showing six in the scene.",3,4 2 6,green blue white,medium small small
sample_05258.png,There are a medium blue die showing three and a medium yellow die showing six in the scene.,2,3 6,blue yellow,medium medium
sample_05259.png,"The scene contains a medium red die showing four, a large purple die showing six and a medium green die showing five.",3,4 6 5,red purple green,medium large medium
sample_05260.png,"The image shows a small yellow die showing six, a small red die showing one and a large red die showing two.",3,6 1 2,yellow red red,small small large
sample_05262.png,There are a medium green die showing three and a large blue die showing three in the scene.,2,3 3,green blue,medium large
sample_05263.png,There is one large red die showing one.,1,1,red,large
sample_05266.png,A small white die is shown with a value of one.,1,1,white,small
sample_05267.png,This picture contains a large red die displaying three.,1,3,red,large
sample_05271.png,"This picture contains a large blue die showing six, a medium purple die showing five and a small blue die showing three.",3,6 5 3,blue purple blue,large medium small
sample_05272.png,The scene contains a medium red die showing five and a small white die showing two.,2,5 2,red white,medium small
sample_05273.png,There are a medium blue die showing one and a small green die showing one in the scene.,2,1 1,blue green,medium small
sample_05275.png,"The image shows a medium red die showing six, a small green die showing six and a medium white die showing three.",3,6 6 3,red green white,medium small medium
sample_05277.png,A large purple die is shown with a value of one.,1,1,purple,large
sample_05278.png,The image shows a medium yellow die showing one and a large red die showing two.,2,1 2,yellow red,medium large
sample_05279.png,"There are a medium blue die showing three, a medium red die showing five and a small peach die showing six in the scene.",3,3 5 6,blue red peach,medium medium small
sample_05280.png,This picture contains a small peach die showing six and a large red die showing four.,2,6 4,peach red,small large
sample_05281.png,"The image shows a large purple die showing five, a medium peach die showing three and a medium white die showing six.",3,5 3 6,purple peach white,large medium medium
sample_05283.png,"This picture contains a small white die showing one, a medium red die showing two and a large peach die showing one.",3,1 2 1,white red peach,small medium large
sample_05284.png,This picture contains a medium white die displaying two.,1,2,white,medium
sample_05286.png,There are a small yellow die showing four and a small red die showing two in the scene.,2,4 2,yellow red,small small
sample_05287.png,This picture contains a medium peach die displaying five.,1,5,peach,medium
sample_05288.png,"The image shows a large peach die showing six, a medium white die showing two and a large purple die showing four.",3,6 2 4,peach white purple,large medium large
sample_05289.png,This picture contains a medium purple die showing two and a large yellow die showing four.,2,2 4,purple yellow,medium large
sample_05290.png,The image shows a large peach die showing two and a small red die showing four.,2,2 4,peach red,large small
sample_05291.png,There is one medium blue die showing six.,1,6,blue,medium
sample_05293.png,"The image shows a small blue die showing six, a large red die showing two and a large green die showing two.",3,6 2 2,blue red green,small large large
sample_05294.png,"There are a large white die showing six, a small purple die showing four and a large green die showing six in the scene.",3,6 4 6,white purple green,large small large
sample_05295.png,There is one small blue die showing five.,1,5,blue,small
sample_05296.png,A medium red die is shown with a value of three.,1,3,red,medium
sample_05297.png,This picture contains a medium red die showing three and a large blue die showing three.,2,3 3,red blue,medium large
sample_05298.png,The image shows one large white die with value six.,1,6,white,large
sample_05300.png,"There are a small peach die showing five, a medium yellow die showing six and a medium white die showing two in the scene.",3,5 6 2,peach yellow white,small medium medium
sample_05301.png,"The image shows a small white die showing five, a small yellow die showing five and a large white die showing five.",3,5 5 5,white yellow white,small small large
sample_05302.png,"This picture contains a small red die showing five, a large blue die showing two and a medium white die showing one.",3,5 2 1,red blue white,small large medium
sample_05303.png,A large white die is shown with a value of three.,1,3,white,large
sample_05304.png,There is one medium green die showing six.,1,6,green,medium
sample_05306.png,"The scene contains a medium white die showing six, a medium purple die showing five and a large yellow die showing six.",3,6 5 6,white purple yellow,medium medium large
sample_05308.png,"The image shows a large white die showing one, a medium red die showing two and a medium green die showing one.",3,1 2 1,white red green,large medium medium
sample_05309.png,The scene contains a small green die showing six and a medium purple die showing four.,2,6 4,green purple,small medium
sample_05310.png,"There are a small purple die showing four, a medium yellow die showing one and a small purple die showing one in the scene.",3,4 1 1,purple yellow purple,small medium small
sample_05311.png,A small white die is shown with a value of five.,1,5,white,small
sample_05313.png,The scene contains a small purple die showing six and a medium red die showing three.,2,6 3,purple red,small medium
sample_05314.png,There are a small white die showing two and a small blue die showing one in the scene.,2,2 1,white blue,small small
sample_05317.png,There is one small peach die showing four.,1,4,peach,small
sample_05318.png,A medium white die is shown with a value of one.,1,1,white,medium
sample_05321.png,"The scene contains a small peach die showing two, a medium yellow die showing two and a medium purple die showing five.",3,2 2 5,peach yellow purple,small medium medium
sample_05322.png,The scene contains a medium blue die showing five and a large red die showing six.,2,5 6,blue red,medium large
sample_05324.png,The image shows one small purple die with value five.,1,5,purple,small
sample_05325.png,The scene contains a small peach die showing three and a medium red die showing three.,2,3 3,peach red,small medium
sample_05326.png,"The scene contains a small purple die showing four, a medium purple die showing four and a large purple die showing five.",3,4 4 5,purple purple purple,small medium large
sample_05327.png,"This picture contains a medium red die showing five, a small purple die showing four and a large blue die showing five.",3,5 4 5,red purple blue,medium small large
sample_05329.png,"There are a large blue die showing two, a small peach die showing three and a small blue die showing four in the scene.",3,2 3 4,blue peach blue,large small small
sample_05330.png,There is one small peach die showing five.,1,5,peach,small
sample_05331.png,This picture contains a small red die showing three and a large peach die showing six.,2,3 6,red peach,small large
sample_05332.png,"This picture contains a large white die showing five, a large green die showing four and a medium yellow die showing one.",3,5 4 1,white green yellow,large large medium
sample_05333.png,The image shows one large peach die with value five.,1,5,peach,large
sample_05337.png,"This picture contains a medium green die showing six, a medium purple die showing five and a small white die showing four.",3,6 5 4,green purple white,medium medium small
sample_05338.png,There is one medium green die showing six.,1,6,green,medium
sample_05339.png,"The scene contains a small red die showing three, a large yellow die showing four and a large red die showing three.",3,3 4 3,red yellow red,small large large
sample_05340.png,The scene contains a medium purple die showing one and a large white die showing two.,2,1 2,purple white,medium large
sample_05341.png,The image shows a large yellow die showing five and a medium peach die showing one.,2,5 1,yellow peach,large medium
sample_05342.png,"This picture contains a medium peach die showing three, a large blue die showing three and a small yellow die showing two.",3,3 3 2,peach blue yellow,medium large small
sample_05343.png,The scene contains a medium green die showing two and a large green die showing five.,2,2 5,green green,medium large
sample_05345.png,"This picture contains a medium red die showing six, a large yellow die showing five and a large green die showing five.",3,6 5 5,red yellow green,medium large large
sample_05347.png,The image shows a small white die showing one and a medium red die showing three.,2,1 3,white red,small medium
sample_05348.png,This picture contains a large red die showing three and a small blue die showing one.,2,3 1,red blue,large small
sample_05349.png,"The image shows a small peach die showing one, a medium white die showing four and a large red die showing two.",3,1 4 2,peach white red,small medium large
sample_05350.png,This picture contains a medium peach die displaying four.,1,4,peach,medium
sample_05351.png,"The scene contains a large white die showing five, a small yellow die showing one and a small green die showing one.",3,5 1 1,white yellow green,large small small
sample_05352.png,"There are a small red die showing two, a small white die showing four and a large green die showing four in the scene.",3,2 4 4,red white green,small small large
sample_05354.png,This picture contains a large white die displaying six.,1,6,white,large
sample_05355.png,"This picture contains a small blue die showing five, a large red die showing six and a small yellow die showing four.",3,5 6 4,blue red yellow,small large small
sample_05356.png,"There are a small yellow die showing three, a medium peach die showing four and a medium purple die showing four in the scene.",3,3 4 4,yellow peach purple,small medium medium
sample_05357.png,A small blue die is shown with a value of one.,1,1,blue,small
sample_05358.png,"There are a medium yellow die showing six, a medium green die showing four and a small purple die showing two in the scene.",3,6 4 2,yellow green purple,medium medium small
sample_05359.png,The image shows one small red die with value four.,1,4,red,small
sample_05360.png,There are a small blue die showing two and a large yellow die showing six in the scene.,2,2 6,blue yellow,small large
sample_05361.png,This picture contains a medium purple die showing five and a large blue die showing two.,2,5 2,purple blue,medium large
sample_05362.png,A small white die is shown with a value of three.,1,3,white,small
sample_05364.png,"The scene contains a medium peach die showing four, a medium green die showing three and a medium purple die showing six.",3,4 3 6,peach green purple,medium medium medium
sample_05366.png,The image shows a large yellow die showing four and a small purple die showing five.,2,4 5,yellow purple,large small
sample_05367.png,This picture contains a small purple die displaying two.,1,2,purple,small
sample_05368.png,There is one large peach die showing four.,1,4,peach,large
sample_05369.png,There is one medium blue die showing five.,1,5,blue,medium
sample_05370.png,There is one large peach die showing three.,1,3,peach,large
sample_05371.png,"There are a large blue die showing three, a medium yellow die showing four and a small yellow die showing one in the scene.",3,3 4 1,blue yellow yellow,large medium small
sample_05372.png,A small white die is shown with a value of two.,1,2,white,small
sample_05373.png,"There are a small peach die showing two, a medium blue die showing one and a medium white die showing two in the scene.",3,2 1 2,peach blue white,small medium medium
sample_05374.png,A medium purple die is shown with a value of six.,1,6,purple,medium
sample_05376.png,This picture contains a medium green die displaying two.,1,2,green,medium
sample_05378.png,The image shows a small yellow die showing one and a medium white die showing four.,2,1 4,yellow white,small medium
sample_05380.png,There is one small green die showing five.,1,5,green,small
sample_05381.png,There is one small blue die showing one.,1,1,blue,small
sample_05382.png,The image shows a large red die showing two and a small white die showing three.,2,2 3,red white,large small
sample_05383.png,There are a medium yellow die showing two and a large green die showing three in the scene.,2,2 3,yellow green,medium large
sample_05384.png,"There are a large yellow die showing three, a medium red die showing five and a medium purple die showing one in the scene.",3,3 5 1,yellow red purple,large medium medium
sample_05385.png,This picture contains a medium red die showing three and a small red die showing four.,2,3 4,red red,medium small
sample_05387.png,The image shows one medium green die with value six.,1,6,green,medium
sample_05388.png,The image shows one medium purple die with value one.,1,1,purple,medium
sample_05390.png,There is one small red die showing two.,1,2,red,small
sample_05391.png,"There are a medium yellow die showing five, a large yellow die showing three and a large yellow die showing four in the scene.",3,5 3 4,yellow yellow yellow,medium large large
sample_05395.png,This picture contains a large green die displaying two.,1,2,green,large
sample_05396.png,The image shows a large purple die showing three and a medium red die showing six.,2,3 6,purple red,large medium
sample_05397.png,There is one medium red die showing four.,1,4,red,medium
sample_05398.png,"The image shows a small purple die showing five, a small red die showing two and a medium white die showing two.",3,5 2 2,purple red white,small small medium
sample_05399.png,The scene contains a large white die showing two and a medium blue die showing six.,2,2 6,white blue,large medium
sample_05401.png,"The scene contains a small white die showing one, a medium yellow die showing one and a small peach die showing two.",3,1 1 2,white yellow peach,small medium small
sample_05402.png,"The scene contains a small green die showing six, a medium blue die showing two and a medium red die showing five.",3,6 2 5,green blue red,small medium medium
sample_05404.png,This picture contains a small red die showing three and a large yellow die showing three.,2,3 3,red yellow,small large
sample_05405.png,"The image shows a small peach die showing five, a large white die showing two and a medium yellow die showing six.",3,5 2 6,peach white yellow,small large medium
sample_05406.png,"The scene contains a small red die showing two, a medium white die showing one and a small green die showing six.",3,2 1 6,red white green,small medium small
sample_05407.png,"The image shows a medium yellow die showing three, a medium white die showing one and a large red die showing five.",3,3 1 5,yellow white red,medium medium large
sample_05408.png,This picture contains a large peach die showing one and a large white die showing two.,2,1 2,peach white,large large
sample_05410.png,"This picture contains a large purple die showing six, a small white die showing three and a large blue die showing six.",3,6 3 6,purple white blue,large small large
sample_05411.png,This picture contains 2 medium green dice displaying three and two.,2,3 2,green green,medium medium
sample_05412.png,The scene contains a small yellow die showing five and a medium purple die showing six.,2,5 6,yellow purple,small medium
sample_05413.png,There are a medium peach die showing two and a large red die showing one in the scene.,2,2 1,peach red,medium large
sample_05414.png,This picture contains a small white die showing five and a large purple die showing one.,2,5 1,white purple,small large
sample_05415.png,This picture contains a large yellow die showing three and a medium purple die showing four.,2,3 4,yellow purple,large medium
sample_05418.png,The image shows a large white die showing five and a medium green die showing three.,2,5 3,white green,large medium
sample_05419.png,The image shows a medium red die showing three and a large white die showing four.,2,3 4,red white,medium large
sample_05420.png,The scene contains a medium green die showing three and a small yellow die showing six.,2,3 6,green yellow,medium small
sample_05422.png,There is one large peach die showing six.,1,6,peach,large
sample_05424.png,There is one medium yellow die showing five.,1,5,yellow,medium
sample_05425.png,A medium peach die is shown with a value of one.,1,1,peach,medium
sample_05426.png,The image shows a medium green die showing five and a large blue die showing five.,2,5 5,green blue,medium large
sample_05427.png,There are a large purple die showing three and a large green die showing one in the scene.,2,3 1,purple green,large large
sample_05429.png,This picture contains a medium yellow die displaying three.,1,3,yellow,medium
sample_05430.png,This picture contains a medium green die displaying four.,1,4,green,medium
sample_05431.png,"There are a small purple die showing two, a medium yellow die showing two and a medium green die showing three in the scene.",3,2 2 3,purple yellow green,small medium medium
sample_05432.png,"This picture contains a small yellow die showing one, a small purple die showing six and a medium purple die showing three.",3,1 6 3,yellow purple purple,small small medium
sample_05436.png,The image shows one medium purple die with value five.,1,5,purple,medium
sample_05437.png,This picture contains a small green die displaying three.,1,3,green,small
sample_05439.png,"The image shows a medium green die showing three, a large red die showing six and a small peach die showing four.",3,3 6 4,green red peach,medium large small
sample_05440.png,"This picture contains a medium yellow die showing one, a large blue die showing five and a large white die showing two.",3,1 5 2,yellow blue white,medium large large
sample_05441.png,"The scene contains a large yellow die showing four, a small red die showing six and a large white die showing one.",3,4 6 1,yellow red white,large small large
sample_05442.png,"This picture contains a medium yellow die showing three, a small peach die showing one and a small yellow die showing one.",3,3 1 1,yellow peach yellow,medium small small
sample_05443.png,"This picture contains a medium purple die showing six, a small yellow die showing six and a small blue die showing three.",3,6 6 3,purple yellow blue,medium small small
sample_05445.png,This picture contains a medium white die showing two and a medium peach die showing two.,2,2 2,white peach,medium medium
sample_05446.png,"The scene contains a large white die showing one, a small blue die showing six and a medium peach die showing five.",3,1 6 5,white blue peach,large small medium
sample_05450.png,There are 2 small green dice showing five and six.,2,5 6,green green,small small
sample_05451.png,The scene contains a small peach die showing five and a large blue die showing one.,2,5 1,peach blue,small large
sample_05452.png,"This picture contains a large peach die showing six, a large green die showing two and a large peach die showing one.",3,6 2 1,peach green peach,large large large
sample_05453.png,There is one large peach die showing three.,1,3,peach,large
sample_05454.png,"The image shows a medium red die showing six, a large red die showing one and a small green die showing six.",3,6 1 6,red red green,medium large small
sample_05456.png,The scene contains a small peach die showing three and a medium blue die showing one.,2,3 1,peach blue,small medium
sample_05457.png,The image shows a medium peach die showing two and a small white die showing five.,2,2 5,peach white,medium small
sample_05460.png,"The image shows a medium blue die showing six, a small yellow die showing two and a medium red die showing three.",3,6 2 3,blue yellow red,medium small medium
sample_05461.png,The image shows one large peach die with value two.,1,2,peach,large
sample_05463.png,"The image shows a small yellow die showing one, a large red die showing two and a small blue die showing one.",3,1 2 1,yellow red blue,small large small
sample_05464.png,This picture contains a large red die showing five and a small peach die showing one.,2,5 1,red peach,large small
sample_05465.png,There are a small yellow die showing two and a medium green die showing one in the scene.,2,2 1,yellow green,small medium
sample_05467.png,A small peach die is shown with a value of six.,1,6,peach,small
sample_05468.png,There is one medium purple die showing two.,1,2,purple,medium
sample_05469.png,This picture contains a large green die showing five and a medium blue die showing four.,2,5 4,green blue,large medium
sample_05470.png,"The scene contains a medium yellow die showing two, a medium purple die showing four and a small yellow die showing four.",3,2 4 4,yellow purple yellow,medium medium small
sample_05472.png,"The image shows a small peach die showing six, a large yellow die showing five and a medium yellow die showing two.",3,6 5 2,peach yellow yellow,small large medium
sample_05473.png,There is one large peach die showing five.,1,5,peach,large
sample_05474.png,There are a large white die showing one and a small white die showing four in the scene.,2,1 4,white white,large small
sample_05475.png,The scene contains a medium white die showing four and a large blue die showing two.,2,4 2,white blue,medium large
sample_05477.png,"This picture contains a large purple die showing six, a small yellow die showing three and a medium red die showing one.",3,6 3 1,purple yellow red,large small medium
sample_05479.png,A medium green die is shown with a value of three.,1,3,green,medium
sample_05481.png,This picture contains a medium yellow die showing five and a small green die showing five.,2,5 5,yellow green,medium small
sample_05482.png,There is one small blue die showing six.,1,6,blue,small
sample_05483.png,There are a small yellow die showing six and a large peach die showing five in the scene.,2,6 5,yellow peach,small large
sample_05484.png,There is one small white die showing four.,1,4,white,small
sample_05487.png,The scene contains a medium blue die showing five and a small green die showing one.,2,5 1,blue green,medium small
sample_05488.png,There is one medium green die showing three.,1,3,green,medium
sample_05489.png,This picture contains a medium blue die displaying three.,1,3,blue,medium
sample_05490.png,This picture contains a large green die displaying five.,1,5,green,large
sample_05491.png,The image shows a small red die showing three and a large blue die showing three.,2,3 3,red blue,small large
sample_05493.png,This picture contains a medium purple die showing four and a small blue die showing three.,2,4 3,purple blue,medium small
sample_05494.png,"The image shows a medium purple die showing two, a medium green die showing four and a small green die showing two.",3,2 4 2,purple green green,medium medium small
sample_05495.png,The scene contains a small red die showing five and a medium purple die showing four.,2,5 4,red purple,small medium
sample_05497.png,A large green die is shown with a value of four.,1,4,green,large
sample_05499.png,There are a small peach die showing four and a small green die showing six in the scene.,2,4 6,peach green,small small
sample_05500.png,"The image shows a small yellow die showing six, a small white die showing six and a small yellow die showing two.",3,6 6 2,yellow white yellow,small small small
sample_05502.png,The image shows a large purple die showing one and a medium white die showing one.,2,1 1,purple white,large medium
sample_05503.png,There is one large green die showing two.,1,2,green,large
sample_05504.png,This picture contains a small green die showing four and a medium purple die showing two.,2,4 2,green purple,small medium
sample_05506.png,The image shows a small blue die showing five and a medium purple die showing one.,2,5 1,blue purple,small medium
sample_05507.png,There is one small white die showing one.,1,1,white,small
sample_05508.png,"This picture contains a large red die showing two, a small yellow die showing six and a large red die showing five.",3,2 6 5,red yellow red,large small large
sample_05509.png,The scene contains a large green die showing two and a large yellow die showing one.,2,2 1,green yellow,large large
sample_05510.png,This picture contains a large blue die displaying five.,1,5,blue,large
sample_05512.png,"There are a small green die showing six, a medium blue die showing two and a large peach die showing five in the scene.",3,6 2 5,green blue peach,small medium large
sample_05513.png,"The image shows a large yellow die showing two, a medium red die showing two and a small purple die showing six.",3,2 2 6,yellow red purple,large medium small
sample_05515.png,This picture contains a medium red die displaying two.,1,2,red,medium
sample_05516.png,This picture contains a medium red die displaying two.,1,2,red,medium
sample_05517.png,This picture contains a medium yellow die displaying six.,1,6,yellow,medium
sample_05518.png,The image shows 2 medium peach dice with values four and two.,2,4 2,peach peach,medium medium
sample_05519.png,"There are a small red die showing three, a small red die showing three and a medium white die showing six in the scene.",3,3 3 6,red red white,small small medium
sample_05520.png,The image shows a small peach die showing three and a medium white die showing three.,2,3 3,peach white,small medium
sample_05521.png,"The image shows a large yellow die showing six, a large purple die showing five and a large red die showing two.",3,6 5 2,yellow purple red,large large large
sample_05523.png,The scene contains a small blue die showing three and a large yellow die showing three.,2,3 3,blue yellow,small large
sample_05524.png,"There are a large green die showing one, a medium green die showing one and a small purple die showing two in the scene.",3,1 1 2,green green purple,large medium small
sample_05525.png,"The scene contains a large yellow die showing two, a small white die showing three and a medium red die showing five.",3,2 3 5,yellow white red,large small medium
sample_05526.png,There is one small red die showing three.,1,3,red,small
sample_05527.png,The scene contains a small yellow die showing five and a medium yellow die showing six.,2,5 6,yellow yellow,small medium
sample_05528.png,The scene contains a small green die showing one and a large green die showing two.,2,1 2,green green,small large
sample_05529.png,There is one medium blue die showing one.,1,1,blue,medium
sample_05530.png,A medium peach die is shown with a value of four.,1,4,peach,medium
sample_05531.png,"The scene contains a medium yellow die showing two, a medium purple die showing one and a small blue die showing two.",3,2 1 2,yellow purple blue,medium medium small
sample_05532.png,This picture contains a large red die showing one and a medium peach die showing one.,2,1 1,red peach,large medium
sample_05533.png,"The scene contains a large red die showing six, a medium red die showing six and a medium red die showing four.",3,6 6 4,red red red,large medium medium
sample_05534.png,There is one large red die showing five.,1,5,red,large
sample_05535.png,"The image shows a medium green die showing five, a medium purple die showing five and a medium green die showing five.",3,5 5 5,green purple green,medium medium medium
sample_05537.png,"The scene contains a large white die showing six, a medium purple die showing three and a small purple die showing six.",3,6 3 6,white purple purple,large medium small
sample_05539.png,The image shows a small yellow die showing one and a medium yellow die showing one.,2,1 1,yellow yellow,small medium
sample_05540.png,"The scene contains a medium red die showing three, a large blue die showing six and a large green die showing five.",3,3 6 5,red blue green,medium large large
sample_05541.png,"There are a medium white die showing two, a medium yellow die showing two and a medium blue die showing six in the scene.",3,2 2 6,white yellow blue,medium medium medium
sample_05542.png,The image shows one large white die with value six.,1,6,white,large
sample_05543.png,This picture contains a medium red die showing one and a small purple die showing two.,2,1 2,red purple,medium small
sample_05544.png,"This picture contains a large white die showing one, a small yellow die showing six and a small red die showing two.",3,1 6 2,white yellow red,large small small
sample_05545.png,A small white die is shown with a value of six.,1,6,white,small
sample_05546.png,The image shows a small blue die showing four and a large yellow die showing one.,2,4 1,blue yellow,small large
sample_05547.png,The image shows one large peach die with value two.,1,2,peach,large
sample_05551.png,The image shows one large green die with value four.,1,4,green,large
sample_05552.png,"The scene contains a small red die showing one, a large purple die showing four and a small red die showing three.",3,1 4 3,red purple red,small large small
sample_05554.png,"The scene contains a medium peach die showing two, a small yellow die showing one and a large red die showing six.",3,2 1 6,peach yellow red,medium small large
sample_05555.png,"This picture contains a medium white die showing one, a small peach die showing five and a medium purple die showing six.",3,1 5 6,white peach purple,medium small medium
sample_05556.png,"The image shows a medium green die showing five, a small peach die showing four and a large white die showing one.",3,5 4 1,green peach white,medium small large
sample_05557.png,There are a small red die showing three and a large red die showing two in the scene.,2,3 2,red red,small large
sample_05558.png,The image shows one small green die with value five.,1,5,green,small
sample_05559.png,There are a medium yellow die showing three and a small red die showing three in the scene.,2,3 3,yellow red,medium small
sample_05560.png,"There are a small purple die showing six, a medium purple die showing five and a small red die showing two in the scene.",3,6 5 2,purple purple red,small medium small
sample_05561.png,"This picture contains a small red die showing four, a small white die showing two and a large blue die showing three.",3,4 2 3,red white blue,small small large
sample_05562.png,There is one medium green die showing three.,1,3,green,medium
sample_05563.png,"This picture contains 3 medium red dice displaying one, two and two.",3,1 2 2,red red red,medium medium medium
sample_05566.png,This picture contains a small red die displaying one.,1,1,red,small
sample_05567.png,"A scene with 2 medium blue dice is shown, displaying six and five.",2,6 5,blue blue,medium medium
sample_05569.png,The scene contains a medium green die showing three and a large peach die showing two.,2,3 2,green peach,medium large
sample_05570.png,"The image shows a large yellow die showing six, a medium blue die showing two and a small white die showing five.",3,6 2 5,yellow blue white,large medium small
sample_05572.png,The image shows a small red die showing four and a small peach die showing one.,2,4 1,red peach,small small
sample_05574.png,This picture contains a small white die showing three and a small peach die showing six.,2,3 6,white peach,small small
sample_05576.png,There is one large white die showing one.,1,1,white,large
sample_05578.png,"There are a medium purple die showing one, a large white die showing three and a medium red die showing one in the scene.",3,1 3 1,purple white red,medium large medium
sample_05580.png,"This picture contains a small blue die showing three, a small blue die showing six and a small white die showing one.",3,3 6 1,blue blue white,small small small
sample_05581.png,This picture contains a medium red die displaying six.,1,6,red,medium
sample_05582.png,"There are a medium green die showing five, a small green die showing five and a medium blue die showing four in the scene.",3,5 5 4,green green blue,medium small medium
sample_05583.png,There is one small purple die showing three.,1,3,purple,small
sample_05584.png,This picture contains a medium blue die showing two and a small yellow die showing six.,2,2 6,blue yellow,medium small
sample_05587.png,The scene contains a medium purple die showing two and a medium red die showing one.,2,2 1,purple red,medium medium
sample_05588.png,"This picture contains a large yellow die showing three, a small peach die showing two and a small red die showing six.",3,3 2 6,yellow peach red,large small small
sample_05589.png,There is one large yellow die showing four.,1,4,yellow,large
sample_05591.png,This picture contains a large green die displaying five.,1,5,green,large
sample_05592.png,This picture contains a small white die showing five and a small blue die showing one.,2,5 1,white blue,small small
sample_05594.png,"The scene contains a large blue die showing five, a medium white die showing five and a large red die showing three.",3,5 5 3,blue white red,large medium large
sample_05595.png,This picture contains a small peach die displaying one.,1,1,peach,small
sample_05596.png,This picture contains a large yellow die displaying six.,1,6,yellow,large
sample_05598.png,"The image shows a medium red die showing four, a large purple die showing four and a small peach die showing three.",3,4 4 3,red purple peach,medium large small
sample_05599.png,This picture contains a large green die displaying six.,1,6,green,large
sample_05602.png,"This picture contains a medium peach die showing five, a medium white die showing one and a small green die showing two.",3,5 1 2,peach white green,medium medium small
sample_05603.png,A medium peach die is shown with a value of four.,1,4,peach,medium
sample_05605.png,"This picture contains a small white die showing three, a medium white die showing four and a medium red die showing five.",3,3 4 5,white white red,small medium medium
sample_05606.png,This picture contains a large white die displaying six.,1,6,white,large
sample_05608.png,A large yellow die is shown with a value of four.,1,4,yellow,large
sample_05611.png,This picture contains a small peach die displaying six.,1,6,peach,small
sample_05615.png,"The scene contains a large purple die showing four, a small purple die showing three and a small peach die showing three.",3,4 3 3,purple purple peach,large small small
sample_05617.png,This picture contains a medium blue die displaying six.,1,6,blue,medium
sample_05618.png,There is one large peach die showing one.,1,1,peach,large
sample_05619.png,The image shows a large green die showing two and a large blue die showing two.,2,2 2,green blue,large large
sample_05620.png,The scene contains a medium purple die showing one and a small peach die showing five.,2,1 5,purple peach,medium small
sample_05621.png,This picture contains a medium red die displaying three.,1,3,red,medium
sample_05622.png,The image shows one small red die with value five.,1,5,red,small
sample_05623.png,"This picture contains a small green die showing four, a small purple die showing five and a large green die showing six.",3,4 5 6,green purple green,small small large
sample_05624.png,There is one small peach die showing one.,1,1,peach,small
sample_05626.png,"There are a small red die showing one, a medium yellow die showing five and a medium red die showing five in the scene.",3,1 5 5,red yellow red,small medium medium
sample_05627.png,"The image shows a small green die showing two, a medium green die showing six and a small peach die showing two.",3,2 6 2,green green peach,small medium small
sample_05629.png,This picture contains a small purple die displaying two.,1,2,purple,small
sample_05630.png,A large red die is shown with a value of six.,1,6,red,large
sample_05633.png,"The scene contains a large purple die showing three, a large yellow die showing two and a large red die showing five.",3,3 2 5,purple yellow red,large large large
sample_05634.png,The scene contains a medium white die showing two and a small peach die showing two.,2,2 2,white peach,medium small
sample_05635.png,"This picture contains a small white die showing four, a large yellow die showing one and a medium white die showing five.",3,4 1 5,white yellow white,small large medium
sample_05636.png,"The image shows a large red die showing four, a medium yellow die showing six and a small peach die showing four.",3,4 6 4,red yellow peach,large medium small
sample_05637.png,This picture contains a large purple die displaying three.,1,3,purple,large
sample_05638.png,"This picture contains a medium red die showing five, a large blue die showing one and a medium blue die showing three.",3,5 1 3,red blue blue,medium large medium
sample_05641.png,A large peach die is shown with a value of five.,1,5,peach,large
sample_05642.png,There is one medium peach die showing six.,1,6,peach,medium
sample_05643.png,"The image shows a medium peach die showing four, a large green die showing two and a small yellow die showing one.",3,4 2 1,peach green yellow,medium large small
sample_05644.png,"There are a medium yellow die showing two, a medium green die showing one and a small yellow die showing two in the scene.",3,2 1 2,yellow green yellow,medium medium small
sample_05645.png,A large yellow die is shown with a value of six.,1,6,yellow,large
sample_05647.png,There are a medium white die showing one and a small purple die showing one in the scene.,2,1 1,white purple,medium small
sample_05648.png,"The image shows a medium red die showing one, a small purple die showing five and a medium red die showing one.",3,1 5 1,red purple red,medium small medium
sample_05649.png,This picture contains a small red die displaying five.,1,5,red,small
sample_05654.png,This picture contains a small red die showing five and a small yellow die showing one.,2,5 1,red yellow,small small
sample_05655.png,The image shows one medium peach die with value five.,1,5,peach,medium
sample_05657.png,"This picture contains a large blue die showing six, a medium yellow die showing three and a medium red die showing six.",3,6 3 6,blue yellow red,large medium medium
sample_05660.png,There are a small yellow die showing five and a medium peach die showing three in the scene.,2,5 3,yellow peach,small medium
sample_05662.png,There are a medium peach die showing five and a large white die showing one in the scene.,2,5 1,peach white,medium large
sample_05663.png,This picture contains a large red die showing three and a medium yellow die showing three.,2,3 3,red yellow,large medium
sample_05664.png,The image shows a medium blue die showing one and a large blue die showing five.,2,1 5,blue blue,medium large
sample_05666.png,This picture contains a large yellow die displaying four.,1,4,yellow,large
sample_05668.png,This picture contains a small peach die showing two and a medium green die showing two.,2,2 2,peach green,small medium
sample_05669.png,There is one small blue die showing one.,1,1,blue,small
sample_05670.png,The image shows one small red die with value six.,1,6,red,small
sample_05671.png,This picture contains a small peach die showing two and a large peach die showing five.,2,2 5,peach peach,small large
sample_05672.png,"The scene contains a large peach die showing six, a medium blue die showing five and a large white die showing one.",3,6 5 1,peach blue white,large medium large
sample_05673.png,"The scene contains a small purple die showing one, a medium purple die showing five and a medium peach die showing four.",3,1 5 4,purple purple peach,small medium medium
sample_05675.png,The image shows a medium red die showing one and a medium blue die showing three.,2,1 3,red blue,medium medium
sample_05676.png,A small red die is shown with a value of six.,1,6,red,small
sample_05678.png,"There are a medium peach die showing one, a medium peach die showing five and a small peach die showing three in the scene.",3,1 5 3,peach peach peach,medium medium small
sample_05679.png,There is one large yellow die showing six.,1,6,yellow,large
sample_05680.png,This picture contains a medium purple die displaying one.,1,1,purple,medium
sample_05681.png,There is one medium blue die showing one.,1,1,blue,medium
sample_05684.png,This picture contains a large green die showing five and a large yellow die showing two.,2,5 2,green yellow,large large
sample_05685.png,The image shows one medium green die with value four.,1,4,green,medium
sample_05686.png,This picture contains a medium white die displaying five.,1,5,white,medium
sample_05687.png,A medium green die is shown with a value of four.,1,4,green,medium
sample_05688.png,The image shows a medium purple die showing one and a medium blue die showing four.,2,1 4,purple blue,medium medium
sample_05689.png,This picture contains a small red die displaying one.,1,1,red,small
sample_05692.png,"This picture contains a large yellow die showing six, a large blue die showing four and a large yellow die showing two.",3,6 4 2,yellow blue yellow,large large large
sample_05693.png,The image shows one medium green die with value two.,1,2,green,medium
sample_05694.png,A small peach die is shown with a value of four.,1,4,peach,small
sample_05695.png,The image shows a medium purple die showing six and a small peach die showing two.,2,6 2,purple peach,medium small
sample_05696.png,There are a medium white die showing four and a small yellow die showing one in the scene.,2,4 1,white yellow,medium small
sample_05697.png,The image shows one small green die with value four.,1,4,green,small
sample_05698.png,"The image shows a medium blue die showing six, a medium purple die showing two and a large white die showing five.",3,6 2 5,blue purple white,medium medium large
sample_05699.png,"This picture contains a medium purple die showing two, a small purple die showing two and a large purple die showing two.",3,2 2 2,purple purple purple,medium small large
sample_05700.png,A small green die is shown with a value of two.,1,2,green,small
sample_05701.png,A medium purple die is shown with a value of six.,1,6,purple,medium
sample_05702.png,There is one large peach die showing one.,1,1,peach,large
sample_05703.png,"This picture contains a large purple die showing six, a large white die showing two and a small yellow die showing three.",3,6 2 3,purple white yellow,large large small
sample_05704.png,This picture contains a medium blue die displaying six.,1,6,blue,medium
sample_05705.png,"The scene contains a large red die showing six, a small peach die showing two and a large yellow die showing one.",3,6 2 1,red peach yellow,large small large
sample_05706.png,This picture contains a medium green die showing two and a small purple die showing six.,2,2 6,green purple,medium small
sample_05707.png,There is one medium peach die showing five.,1,5,peach,medium
sample_05708.png,This picture contains a small white die displaying two.,1,2,white,small
sample_05709.png,"A scene with 2 small white dice is shown, displaying five and three.",2,5 3,white white,small small
sample_05712.png,"The image shows a small red die showing three, a large purple die showing three and a small white die showing four.",3,3 3 4,red purple white,small large small
sample_05713.png,There are a small red die showing four and a large blue die showing four in the scene.,2,4 4,red blue,small large
sample_05715.png,A small yellow die is shown with a value of four.,1,4,yellow,small
sample_05716.png,There is one large purple die showing two.,1,2,purple,large
sample_05717.png,The image shows a large blue die showing four and a large white die showing six.,2,4 6,blue white,large large
sample_05718.png,"The scene contains a medium peach die showing four, a large red die showing three and a small yellow die showing four.",3,4 3 4,peach red yellow,medium large small
sample_05720.png,The image shows one medium yellow die with value three.,1,3,yellow,medium
sample_05722.png,This picture contains a small yellow die showing five and a large yellow die showing four.,2,5 4,yellow yellow,small large
sample_05723.png,There are 2 small white dice showing one and three.,2,1 3,white white,small small
sample_05725.png,There is one medium yellow die showing two.,1,2,yellow,medium
sample_05726.png,"The image shows a large peach die showing five, a medium yellow die showing four and a small peach die showing five.",3,5 4 5,peach yellow peach,large medium small
sample_05727.png,"This picture contains a small white die showing five, a large yellow die showing one and a medium red die showing one.",3,5 1 1,white yellow red,small large medium
sample_05728.png,"The scene contains a small peach die showing five, a large red die showing five and a small blue die showing two.",3,5 5 2,peach red blue,small large small
sample_05729.png,"The scene contains a small red die showing five, a medium red die showing six and a small white die showing two.",3,5 6 2,red red white,small medium small
sample_05730.png,A small red die is shown with a value of six.,1,6,red,small
sample_05731.png,This picture contains a large peach die showing four and a medium yellow die showing one.,2,4 1,peach yellow,large medium
sample_05732.png,There are a small blue die showing four and a small peach die showing two in the scene.,2,4 2,blue peach,small small
sample_05736.png,The scene contains a large red die showing three and a small white die showing four.,2,3 4,red white,large small
sample_05737.png,This picture contains a medium blue die showing five and a large green die showing five.,2,5 5,blue green,medium large
sample_05738.png,"The image shows a medium yellow die showing four, a large peach die showing one and a medium green die showing six.",3,4 1 6,yellow peach green,medium large medium
sample_05739.png,"There are a large white die showing two, a large purple die showing one and a large yellow die showing four in the scene.",3,2 1 4,white purple yellow,large large large
sample_05740.png,"The image shows a small white die showing four, a large peach die showing three and a medium red die showing one.",3,4 3 1,white peach red,small large medium
sample_05741.png,"The scene contains a large blue die showing six, a medium blue die showing four and a small red die showing six.",3,6 4 6,blue blue red,large medium small
sample_05743.png,The scene contains a large peach die showing one and a medium green die showing four.,2,1 4,peach green,large medium
sample_05744.png,"This picture contains a medium red die showing six, a large green die showing six and a medium purple die showing six.",3,6 6 6,red green purple,medium large medium
sample_05745.png,There is one medium peach die showing one.,1,1,peach,medium
sample_05746.png,The scene contains a medium green die showing two and a large yellow die showing six.,2,2 6,green yellow,medium large
sample_05747.png,A large green die is shown with a value of two.,1,2,green,large
sample_05748.png,"The scene contains a small purple die showing two, a medium peach die showing two and a small purple die showing three.",3,2 2 3,purple peach purple,small medium small
sample_05749.png,The scene contains a small white die showing five and a medium green die showing five.,2,5 5,white green,small medium
sample_05752.png,"There are a small white die showing three, a large blue die showing four and a medium purple die showing two in the scene.",3,3 4 2,white blue purple,small large medium
sample_05754.png,"There are a small blue die showing two, a large white die showing five and a large red die showing six in the scene.",3,2 5 6,blue white red,small large large
sample_05755.png,The scene contains a small yellow die showing three and a large yellow die showing two.,2,3 2,yellow yellow,small large
sample_05757.png,There is one large peach die showing four.,1,4,peach,large
sample_05758.png,There is one small peach die showing five.,1,5,peach,small
sample_05760.png,A small blue die is shown with a value of six.,1,6,blue,small
sample_05761.png,There are a medium purple die showing one and a medium green die showing six in the scene.,2,1 6,purple green,medium medium
sample_05762.png,The scene contains a large purple die showing six and a small white die showing one.,2,6 1,purple white,large small
sample_05763.png,There is one large purple die showing two.,1,2,purple,large
sample_05764.png,"There are a small peach die showing six, a medium blue die showing four and a medium red die showing four in the scene.",3,6 4 4,peach blue red,small medium medium
sample_05765.png,There are a small purple die showing two and a small white die showing three in the scene.,2,2 3,purple white,small small
sample_05767.png,This picture contains a large peach die displaying four.,1,4,peach,large
sample_05768.png,"The scene contains a medium purple die showing four, a small yellow die showing five and a small purple die showing two.",3,4 5 2,purple yellow purple,medium small small
sample_05769.png,This picture contains a small purple die showing three and a small white die showing six.,2,3 6,purple white,small small
sample_05771.png,A large green die is shown with a value of four.,1,4,green,large
sample_05774.png,This picture contains a medium white die displaying five.,1,5,white,medium
sample_05775.png,The image shows one large white die with value three.,1,3,white,large
sample_05776.png,"The scene contains a small white die showing two, a small green die showing six and a medium red die showing six.",3,2 6 6,white green red,small small medium
sample_05777.png,The image shows a large blue die showing four and a large green die showing five.,2,4 5,blue green,large large
sample_05778.png,The image shows one medium white die with value four.,1,4,white,medium
sample_05779.png,There is one large yellow die showing five.,1,5,yellow,large
sample_05780.png,The scene contains a small blue die showing three and a small yellow die showing four.,2,3 4,blue yellow,small small
sample_05782.png,"The scene contains a medium white die showing three, a medium red die showing three and a large blue die showing three.",3,3 3 3,white red blue,medium medium large
sample_05783.png,The image shows one small purple die with value two.,1,2,purple,small
sample_05786.png,A medium green die is shown with a value of three.,1,3,green,medium
sample_05787.png,"This picture contains a medium purple die showing six, a medium blue die showing four and a medium white die showing five.",3,6 4 5,purple blue white,medium medium medium
sample_05788.png,There are a large yellow die showing three and a large purple die showing four in the scene.,2,3 4,yellow purple,large large
sample_05791.png,"This picture contains a small peach die showing three, a large purple die showing two and a small red die showing one.",3,3 2 1,peach purple red,small large small
sample_05792.png,The image shows one small blue die with value three.,1,3,blue,small
sample_05795.png,There is one small yellow die showing six.,1,6,yellow,small
sample_05796.png,"This picture contains a large green die showing three, a small purple die showing three and a large red die showing three.",3,3 3 3,green purple red,large small large
sample_05798.png,There are a medium white die showing three and a large yellow die showing five in the scene.,2,3 5,white yellow,medium large
sample_05800.png,There is one large red die showing three.,1,3,red,large
sample_05801.png,The scene contains a small purple die showing one and a small peach die showing three.,2,1 3,purple peach,small small
sample_05803.png,The image shows a small yellow die showing three and a small green die showing one.,2,3 1,yellow green,small small
sample_05804.png,There are a small peach die showing four and a medium peach die showing six in the scene.,2,4 6,peach peach,small medium
sample_05805.png,"The image shows a medium purple die showing five, a small green die showing one and a small purple die showing four.",3,5 1 4,purple green purple,medium small small
sample_05808.png,This picture contains a small purple die showing two and a medium blue die showing one.,2,2 1,purple blue,small medium
sample_05809.png,There are a small peach die showing three and a medium blue die showing one in the scene.,2,3 1,peach blue,small medium
sample_05810.png,"The scene contains a small blue die showing five, a medium red die showing one and a small white die showing one.",3,5 1 1,blue red white,small medium small
sample_05811.png,"There are a small white die showing six, a medium red die showing one and a medium blue die showing five in the scene.",3,6 1 5,white red blue,small medium medium
sample_05812.png,"This picture contains a small white die showing two, a medium purple die showing one and a large white die showing three.",3,2 1 3,white purple white,small medium large
sample_05813.png,"This picture contains a large peach die showing five, a small green die showing one and a small green die showing three.",3,5 1 3,peach green green,large small small
sample_05814.png,The scene contains a large green die showing three and a small white die showing four.,2,3 4,green white,large small
sample_05815.png,"This picture contains a small white die showing four, a large peach die showing four and a medium white die showing four.",3,4 4 4,white peach white,small large medium
sample_05816.png,"There are a small red die showing five, a large blue die showing four and a medium purple die showing six in the scene.",3,5 4 6,red blue purple,small large medium
sample_05818.png,The scene contains a medium red die showing four and a large blue die showing two.,2,4 2,red blue,medium large
sample_05821.png,This picture contains a medium green die displaying four.,1,4,green,medium
sample_05822.png,The scene contains a small red die showing four and a large yellow die showing one.,2,4 1,red yellow,small large
sample_05824.png,"There are a medium peach die showing two, a medium green die showing three and a small red die showing one in the scene.",3,2 3 1,peach green red,medium medium small
sample_05828.png,This picture contains a medium yellow die showing three and a small yellow die showing one.,2,3 1,yellow yellow,medium small
sample_05830.png,There is one large blue die showing two.,1,2,blue,large
sample_05831.png,There are a medium red die showing two and a small purple die showing three in the scene.,2,2 3,red purple,medium small
sample_05832.png,A medium green die is shown with a value of four.,1,4,green,medium
sample_05833.png,The image shows a medium white die showing two and a large blue die showing six.,2,2 6,white blue,medium large
sample_05834.png,This picture contains a small white die displaying three.,1,3,white,small
sample_05835.png,This picture contains a small green die showing one and a large white die showing two.,2,1 2,green white,small large
sample_05836.png,"The scene contains a medium red die showing one, a medium white die showing four and a large purple die showing two.",3,1 4 2,red white purple,medium medium large
sample_05837.png,"There are a large peach die showing four, a small blue die showing five and a large blue die showing six in the scene.",3,4 5 6,peach blue blue,large small large
sample_05838.png,The image shows one large peach die with value one.,1,1,peach,large
sample_05839.png,A medium blue die is shown with a value of two.,1,2,blue,medium
sample_05840.png,"The image shows a small blue die showing five, a large red die showing six and a small red die showing one.",3,5 6 1,blue red red,small large small
sample_05841.png,This picture contains a small blue die displaying five.,1,5,blue,small
sample_05843.png,"The image shows a large blue die showing five, a medium white die showing four and a small yellow die showing two.",3,5 4 2,blue white yellow,large medium small
sample_05846.png,A medium purple die is shown with a value of one.,1,1,purple,medium
sample_05848.png,The scene contains a medium yellow die showing four and a large yellow die showing five.,2,4 5,yellow yellow,medium large
sample_05850.png,A small peach die is shown with a value of five.,1,5,peach,small
sample_05852.png,The image shows one large green die with value six.,1,6,green,large
sample_05854.png,"This picture contains a medium yellow die showing four, a large green die showing five and a small purple die showing three.",3,4 5 3,yellow green purple,medium large small
sample_05855.png,"The image shows a large white die showing six, a small white die showing six and a medium red die showing three.",3,6 6 3,white white red,large small medium
sample_05856.png,"The scene contains a large green die showing six, a small green die showing six and a medium green die showing three.",3,6 6 3,green green green,large small medium
sample_05858.png,This picture contains a large purple die showing four and a large green die showing three.,2,4 3,purple green,large large
sample_05860.png,There is one small yellow die showing five.,1,5,yellow,small
sample_05862.png,There are a medium blue die showing six and a large blue die showing one in the scene.,2,6 1,blue blue,medium large
sample_05863.png,There is one small white die showing four.,1,4,white,small
sample_05864.png,This picture contains a large green die displaying six.,1,6,green,large
sample_05865.png,There are a small white die showing three and a medium blue die showing six in the scene.,2,3 6,white blue,small medium
sample_05866.png,"This picture contains a large blue die showing two, a large yellow die showing two and a large peach die showing four.",3,2 2 4,blue yellow peach,large large large
sample_05867.png,The image shows a large white die showing one and a medium white die showing five.,2,1 5,white white,large medium
sample_05868.png,There is one medium peach die showing three.,1,3,peach,medium
sample_05869.png,There are a small peach die showing three and a medium green die showing two in the scene.,2,3 2,peach green,small medium
sample_05870.png,There are a medium red die showing one and a small green die showing four in the scene.,2,1 4,red green,medium small
sample_05871.png,The image shows one medium blue die with value two.,1,2,blue,medium
sample_05873.png,"There are a small purple die showing six, a medium purple die showing one and a large green die showing two in the scene.",3,6 1 2,purple purple green,small medium large
sample_05875.png,There are a large yellow die showing two and a large peach die showing four in the scene.,2,2 4,yellow peach,large large
sample_05878.png,"There are a medium white die showing one, a medium blue die showing two and a small blue die showing four in the scene.",3,1 2 4,white blue blue,medium medium small
sample_05880.png,"There are a small yellow die showing four, a small green die showing two and a medium white die showing two in the scene.",3,4 2 2,yellow green white,small small medium
sample_05881.png,The image shows one small white die with value four.,1,4,white,small
sample_05882.png,The image shows a medium yellow die showing two and a large yellow die showing four.,2,2 4,yellow yellow,medium large
sample_05884.png,"There are a large green die showing four, a medium purple die showing one and a large yellow die showing one in the scene.",3,4 1 1,green purple yellow,large medium large
sample_05885.png,"There are a large green die showing four, a large green die showing six and a medium white die showing three in the scene.",3,4 6 3,green green white,large large medium
sample_05887.png,The image shows a small green die showing five and a large blue die showing one.,2,5 1,green blue,small large
sample_05888.png,"This picture contains a small yellow die showing four, a large green die showing six and a small white die showing four.",3,4 6 4,yellow green white,small large small
sample_05891.png,The image shows one small white die with value five.,1,5,white,small
sample_05892.png,"This picture contains a large white die showing three, a small purple die showing four and a small peach die showing three.",3,3 4 3,white purple peach,large small small
sample_05893.png,A small red die is shown with a value of four.,1,4,red,small
sample_05894.png,This picture contains a medium blue die showing three and a small purple die showing four.,2,3 4,blue purple,medium small
sample_05895.png,"There are a small yellow die showing six, a medium peach die showing six and a large purple die showing two in the scene.",3,6 6 2,yellow peach purple,small medium large
sample_05896.png,The image shows a small red die showing three and a medium purple die showing five.,2,3 5,red purple,small medium
sample_05897.png,This picture contains a medium blue die showing one and a medium green die showing six.,2,1 6,blue green,medium medium
sample_05898.png,"The scene contains a large white die showing four, a large yellow die showing three and a small yellow die showing six.",3,4 3 6,white yellow yellow,large large small
sample_05899.png,The image shows one medium blue die with value five.,1,5,blue,medium
sample_05901.png,There is one medium blue die showing six.,1,6,blue,medium
sample_05905.png,This picture contains a medium blue die displaying four.,1,4,blue,medium
sample_05906.png,"There are a large blue die showing two, a large blue die showing two and a small white die showing four in the scene.",3,2 2 4,blue blue white,large large small
sample_05907.png,"This picture contains a large white die showing two, a medium green die showing three and a large yellow die showing five.",3,2 3 5,white green yellow,large medium large
sample_05908.png,"This picture contains a large purple die showing two, a small purple die showing one and a medium peach die showing four.",3,2 1 4,purple purple peach,large small medium
sample_05909.png,There is one medium green die showing one.,1,1,green,medium
sample_05911.png,"The scene contains a small green die showing five, a medium purple die showing two and a medium blue die showing two.",3,5 2 2,green purple blue,small medium medium
sample_05914.png,"The image shows a large yellow die showing six, a small red die showing two and a small purple die showing six.",3,6 2 6,yellow red purple,large small small
sample_05918.png,A small green die is shown with a value of three.,1,3,green,small
sample_05920.png,This picture contains a large yellow die displaying two.,1,2,yellow,large
sample_05921.png,The image shows one medium blue die with value six.,1,6,blue,medium
sample_05922.png,"This picture contains a small green die showing two, a small peach die showing three and a small blue die showing two.",3,2 3 2,green peach blue,small small small
sample_05923.png,The scene contains a small yellow die showing one and a medium green die showing three.,2,1 3,yellow green,small medium
sample_05924.png,The image shows one large green die with value five.,1,5,green,large
sample_05926.png,"This picture contains a medium yellow die showing five, a large green die showing two and a medium green die showing six.",3,5 2 6,yellow green green,medium large medium
sample_05927.png,A medium peach die is shown with a value of one.,1,1,peach,medium
sample_05928.png,There is one small red die showing two.,1,2,red,small
sample_05929.png,The image shows a large blue die showing five and a small peach die showing three.,2,5 3,blue peach,large small
sample_05930.png,The scene contains a large purple die showing four and a large red die showing three.,2,4 3,purple red,large large
sample_05931.png,The image shows one large blue die with value two.,1,2,blue,large
sample_05932.png,There are a large yellow die showing six and a small yellow die showing one in the scene.,2,6 1,yellow yellow,large small
sample_05933.png,The image shows one large white die with value three.,1,3,white,large
sample_05935.png,"The scene contains a large purple die showing six, a small yellow die showing two and a large red die showing five.",3,6 2 5,purple yellow red,large small large
sample_05936.png,This picture contains a large red die showing one and a medium red die showing five.,2,1 5,red red,large medium
sample_05938.png,This picture contains 2 medium blue dice displaying four and three.,2,4 3,blue blue,medium medium
sample_05940.png,"The image shows a large blue die showing five, a large green die showing five and a medium red die showing four.",3,5 5 4,blue green red,large large medium
sample_05943.png,"This picture contains a small green die showing five, a small red die showing six and a small yellow die showing one.",3,5 6 1,green red yellow,small small small
sample_05945.png,This picture contains a medium peach die showing three and a large purple die showing five.,2,3 5,peach purple,medium large
sample_05946.png,There are a small green die showing three and a large peach die showing two in the scene.,2,3 2,green peach,small large
sample_05947.png,There are a medium green die showing four and a medium red die showing five in the scene.,2,4 5,green red,medium medium
sample_05949.png,There are a large red die showing six and a medium peach die showing five in the scene.,2,6 5,red peach,large medium
sample_05950.png,There are a small peach die showing six and a large red die showing five in the scene.,2,6 5,peach red,small large
sample_05951.png,"The scene contains a medium green die showing four, a small yellow die showing one and a small purple die showing five.",3,4 1 5,green yellow purple,medium small small
sample_05953.png,The image shows one large green die with value three.,1,3,green,large
sample_05954.png,This picture contains a small peach die showing two and a large yellow die showing one.,2,2 1,peach yellow,small large
sample_05955.png,There are 2 medium peach dice showing one and six.,2,1 6,peach peach,medium medium
sample_05956.png,A small red die is shown with a value of one.,1,1,red,small
sample_05957.png,"The scene contains a medium green die showing six, a large green die showing five and a large purple die showing two.",3,6 5 2,green green purple,medium large large
sample_05958.png,There are a small yellow die showing three and a medium green die showing one in the scene.,2,3 1,yellow green,small medium
sample_05959.png,"The scene contains a large blue die showing six, a large peach die showing six and a small blue die showing six.",3,6 6 6,blue peach blue,large large small
sample_05960.png,A medium blue die is shown with a value of four.,1,4,blue,medium
sample_05961.png,"The image shows a small white die showing three, a medium green die showing two and a small yellow die showing four.",3,3 2 4,white green yellow,small medium small
sample_05962.png,This picture contains a small green die displaying one.,1,1,green,small
sample_05963.png,The image shows a medium purple die showing four and a medium blue die showing four.,2,4 4,purple blue,medium medium
sample_05964.png,The scene contains a large red die showing three and a medium red die showing three.,2,3 3,red red,large medium
sample_05966.png,A large blue die is shown with a value of one.,1,1,blue,large
sample_05967.png,This picture contains a small purple die displaying two.,1,2,purple,small
sample_05968.png,The scene contains a medium red die showing five and a medium blue die showing two.,2,5 2,red blue,medium medium
sample_05970.png,This picture contains 2 small blue dice displaying one and one.,2,1 1,blue blue,small small
sample_05971.png,This picture contains a large purple die showing four and a small peach die showing three.,2,4 3,purple peach,large small
sample_05972.png,The scene contains a large yellow die showing six and a small blue die showing five.,2,6 5,yellow blue,large small
sample_05977.png,"The scene contains a medium peach die showing six, a medium blue die showing five and a large blue die showing six.",3,6 5 6,peach blue blue,medium medium large
sample_05979.png,The image shows one small red die with value one.,1,1,red,small
sample_05981.png,This picture contains a large yellow die displaying two.,1,2,yellow,large
sample_05982.png,A large yellow die is shown with a value of five.,1,5,yellow,large
sample_05983.png,"The scene contains a medium red die showing four, a large blue die showing four and a small yellow die showing three.",3,4 4 3,red blue yellow,medium large small
sample_05984.png,"There are a medium peach die showing three, a small green die showing one and a large blue die showing one in the scene.",3,3 1 1,peach green blue,medium small large
sample_05985.png,A large yellow die is shown with a value of five.,1,5,yellow,large
sample_05986.png,"This picture contains a medium blue die showing five, a medium red die showing five and a medium white die showing three.",3,5 5 3,blue red white,medium medium medium
sample_05987.png,This picture contains a small peach die showing two and a small green die showing one.,2,2 1,peach green,small small
sample_05989.png,The scene contains a medium green die showing two and a medium peach die showing three.,2,2 3,green peach,medium medium
sample_05992.png,This picture contains a large peach die displaying six.,1,6,peach,large
sample_05993.png,"The image shows a large blue die showing two, a small green die showing four and a large white die showing five.",3,2 4 5,blue green white,large small large
sample_05994.png,"The image shows a small green die showing four, a small red die showing six and a medium yellow die showing one.",3,4 6 1,green red yellow,small small medium
sample_05995.png,"There are a large purple die showing two, a medium peach die showing five and a small green die showing three in the scene.",3,2 5 3,purple peach green,large medium small
sample_05996.png,"There are a large peach die showing five, a small peach die showing six and a large purple die showing three in the scene.",3,5 6 3,peach peach purple,large small large
sample_05997.png,This picture contains a large peach die showing two and a large red die showing five.,2,2 5,peach red,large large
sample_05998.png,The image shows one large purple die with value three.,1,3,purple,large
